{
  "type": "FeatureCollection",
  "features": [
    {
      "type": "Feature",
      "geometry": {
        "type": "MultiPolygon",
        "coordinates": [
          [
            [
              [
                -1.77908795987536,
                55.6856777636571
              ],
              [
                -1.77865649285957,
                55.6675945181393
              ],
              [
                -1.80285469017326,
                55.668349070501
              ],
              [
                -1.81547751645511,
                55.6821570738983
              ],
              [
                -1.85478733340739,
                55.6804363974853
              ],
              [
                -1.85105010434863,
                55.6884713057979
              ],
              [
                -1.81486092720389,
                55.6892363688449
              ],
              [
                -1.78980014915743,
                55.6876015819612
              ],
              [
                -1.77908795987536,
                55.6856777636571
              ]
            ]
          ],
          [
            [
              [
                -1.98863911850325,
                55.7689434392051
              ],
              [
                -1.98799973142785,
                55.7649016459377
              ],
              [
                -2.00157807886169,
                55.7653864133495
              ],
              [
                -2.00424227577983,
                55.7654813536776
              ],
              [
                -2.00157804508801,
                55.7636477908726
              ],
              [
                -1.95869115304864,
                55.7341007225371
              ],
              [
                -1.9578469489756,
                55.7334276415618
              ],
              [
                -1.9574370299258,
                55.7332357918619
              ],
              [
                -1.93809635261708,
                55.7198906524297
              ],
              [
                -1.91014312013948,
                55.7110796075273
              ],
              [
                -1.90754753019702,
                55.7098623725319
              ],
              [
                -1.90266989471157,
                55.7087222441528
              ],
              [
                -1.87060734203204,
                55.6986000082451
              ],
              [
                -1.87415903124864,
                55.683931708538
              ],
              [
                -1.88557370176714,
                55.6847839769666
              ],
              [
                -1.87321110369486,
                55.6827780902398
              ],
              [
                -1.87163042079157,
                55.6660910460438
              ],
              [
                -1.85509459073912,
                55.6534441495356
              ],
              [
                -1.84147671153596,
                55.643021103988
              ],
              [
                -1.80836050896359,
                55.6343971433297
              ],
              [
                -1.79019550601625,
                55.650477714556
              ],
              [
                -1.79178982146868,
                55.6533528723026
              ],
              [
                -1.79501992128821,
                55.6591766170582
              ],
              [
                -1.78819984058685,
                55.6567105473531
              ],
              [
                -1.78914937689559,
                55.6533483292913
              ],
              [
                -1.7908447708665,
                55.6473436924738
              ],
              [
                -1.75451777297921,
                55.6233974406879
              ],
              [
                -1.75578869368358,
                55.6183159817015
              ],
              [
                -1.78582944976164,
                55.6170902510329
              ],
              [
                -1.77037695276508,
                55.6034078929136
              ],
              [
                -1.74543953482732,
                55.618960091785
              ],
              [
                -1.72261701079078,
                55.6167919182156
              ],
              [
                -1.68418785769231,
                55.5990382690403
              ],
              [
                -1.66706928627749,
                55.5911208788469
              ],
              [
                -1.66202338347078,
                55.5869201741948
              ],
              [
                -1.65038125214428,
                55.5833976200959
              ],
              [
                -1.63959889300321,
                55.5784053973878
              ],
              [
                -1.65215380911896,
                55.5713521692575
              ],
              [
                -1.64555061466209,
                55.5741449080619
              ],
              [
                -1.64204890501162,
                55.5712813067898
              ],
              [
                -1.64212348887795,
                55.5711426685771
              ],
              [
                -1.63930696575464,
                55.5690386620797
              ],
              [
                -1.61878354522286,
                55.5522419060688
              ],
              [
                -1.61894254345641,
                55.5521415821378
              ],
              [
                -1.63146390681364,
                55.5483454565319
              ],
              [
                -1.63147831503501,
                55.5442295976091
              ],
              [
                -1.64204256809821,
                55.53755838429
              ],
              [
                -1.61065620099406,
                55.5217779492746
              ],
              [
                -1.61101391735865,
                55.5177478962928
              ],
              [
                -1.61618368390528,
                55.5129294996829
              ],
              [
                -1.61144956628028,
                55.5128387486898
              ],
              [
                -1.61245376176075,
                55.5015180613039
              ],
              [
                -1.6135225703579,
                55.5002521927178
              ],
              [
                -1.61259425162491,
                55.4999337281905
              ],
              [
                -1.61287383062077,
                55.4967804334139
              ],
              [
                -1.59118435048404,
                55.4924111382234
              ],
              [
                -1.59199188409099,
                55.4731464083063
              ],
              [
                -1.59336474090096,
                55.4403491374809
              ],
              [
                -1.59050727455852,
                55.4389028763814
              ],
              [
                -1.5905028666335,
                55.4377252669026
              ],
              [
                -1.57556105244498,
                55.4304599459575
              ],
              [
                -1.57826653947515,
                55.4168891467436
              ],
              [
                -1.57831966147887,
                55.4168308519083
              ],
              [
                -1.57828471763885,
                55.416797930741
              ],
              [
                -1.58028045751096,
                55.4067810755107
              ],
              [
                -1.61165782679215,
                55.3850075755284
              ],
              [
                -1.60892450839524,
                55.3839922965266
              ],
              [
                -1.60222272908895,
                55.370257739889
              ],
              [
                -1.60220538042795,
                55.3697332935761
              ],
              [
                -1.60140431187562,
                55.3685798090295
              ],
              [
                -1.59167875465719,
                55.3486290418236
              ],
              [
                -1.58660131689102,
                55.3360198909908
              ],
              [
                -1.57287436867095,
                55.3385757653811
              ],
              [
                -1.56438159214146,
                55.3338347483696
              ],
              [
                -1.54932136863303,
                55.3220429204483
              ],
              [
                -1.56847322877694,
                55.2933554013032
              ],
              [
                -1.57035533577657,
                55.2905337791009
              ],
              [
                -1.56902208417792,
                55.2716583513199
              ],
              [
                -1.56415948493218,
                55.2656865778671
              ],
              [
                -1.56412918272704,
                55.2654938395756
              ],
              [
                -1.56364120041612,
                55.2650499560133
              ],
              [
                -1.52228024548007,
                55.2141728097513
              ],
              [
                -1.5221730479343,
                55.2098441776023
              ],
              [
                -1.51475836313511,
                55.2049048409563
              ],
              [
                -1.49914014031991,
                55.1856457804753
              ],
              [
                -1.50577254655194,
                55.1844416777449
              ],
              [
                -1.51181488068625,
                55.1835712277259
              ],
              [
                -1.5251572617964,
                55.1626393623483
              ],
              [
                -1.54026869998144,
                55.1616112337856
              ],
              [
                -1.52614083542656,
                55.1599714113685
              ],
              [
                -1.4867154449804,
                55.1165025938542
              ],
              [
                -1.4867213064425,
                55.1165006748677
              ],
              [
                -1.5003825191468,
                55.127917916304
              ],
              [
                -1.52193933065699,
                55.1435759868008
              ],
              [
                -1.52002015315567,
                55.1388260485412
              ],
              [
                -1.53325167023381,
                55.1390625736871
              ],
              [
                -1.55903286793594,
                55.1466676048291
              ],
              [
                -1.53394327689367,
                55.1375960196144
              ],
              [
                -1.56880709402674,
                55.1308890516631
              ],
              [
                -1.52765875457441,
                55.1371823174057
              ],
              [
                -1.50585527324807,
                55.1297775830682
              ],
              [
                -1.49884222629149,
                55.1244693710546
              ],
              [
                -1.49419184026787,
                55.1140539859667
              ],
              [
                -1.49624643194094,
                55.1133809492304
              ],
              [
                -1.4914525274469,
                55.1000964149419
              ],
              [
                -1.4858872739316,
                55.095440704928
              ],
              [
                -1.47844277069734,
                55.0787397630995
              ],
              [
                -1.47250151436739,
                55.0842369648354
              ],
              [
                -1.46457652985128,
                55.0776001846937
              ],
              [
                -1.46182720027239,
                55.0743536079823
              ],
              [
                -1.46179374970094,
                55.0743141031447
              ],
              [
                -1.44994701659142,
                55.0585460273717
              ],
              [
                -1.45053056692368,
                55.0551970712407
              ],
              [
                -1.4443049526683,
                55.0510316366134
              ],
              [
                -1.42071394421678,
                55.0195786572015
              ],
              [
                -1.4028696133561,
                55.0145633189246
              ],
              [
                -1.41678966933527,
                55.0165301471122
              ],
              [
                -1.42175144014405,
                55.0136592803741
              ],
              [
                -1.42985104889552,
                55.0132821060725
              ],
              [
                -1.4560212776443,
                54.9886629464212
              ],
              [
                -1.50178143405208,
                54.988527055683
              ],
              [
                -1.51782683495907,
                54.9963870424673
              ],
              [
                -1.50252097887763,
                54.988492343634
              ],
              [
                -1.53084429540846,
                54.9840152789548
              ],
              [
                -1.47450166038465,
                54.9864749496874
              ],
              [
                -1.47451752219145,
                54.9864442822402
              ],
              [
                -1.48048609480626,
                54.9749011695279
              ],
              [
                -1.45655418850596,
                54.9774359961978
              ],
              [
                -1.47187843569643,
                54.9860772159692
              ],
              [
                -1.44943209596967,
                54.9843513270111
              ],
              [
                -1.42563677051095,
                55.0064151334809
              ],
              [
                -1.41997919458222,
                55.0045359386742
              ],
              [
                -1.41860375890732,
                55.003230983709
              ],
              [
                -1.41222723833407,
                55.0061704951629
              ],
              [
                -1.4091847290874,
                55.0010642871611
              ],
              [
                -1.41090492392259,
                54.9989001767352
              ],
              [
                -1.37659989285066,
                54.9776555473858
              ],
              [
                -1.35661832192635,
                54.9652664386665
              ],
              [
                -1.3639710172479,
                54.9441194795385
              ],
              [
                -1.36400043018263,
                54.9438742236683
              ],
              [
                -1.36530091005221,
                54.9330274223837
              ],
              [
                -1.36613008670018,
                54.9261083565152
              ],
              [
                -1.35894096628884,
                54.9236079720525
              ],
              [
                -1.35864350925733,
                54.9221380020882
              ],
              [
                -1.3634778749248,
                54.922768627793
              ],
              [
                -1.37096831298611,
                54.911704724741
              ],
              [
                -1.35764226387525,
                54.9171892921442
              ],
              [
                -1.35635981984722,
                54.9108489771147
              ],
              [
                -1.36160702367449,
                54.8982268256611
              ],
              [
                -1.34756912653508,
                54.8606216877572
              ],
              [
                -1.3473318336345,
                54.8604171523331
              ],
              [
                -1.32085204611509,
                54.8375768941752
              ],
              [
                -1.32937635351434,
                54.8381012332553
              ],
              [
                -1.30204383443549,
                54.7684733519463
              ],
              [
                -1.2809272446171,
                54.7528262898176
              ],
              [
                -1.24118485027801,
                54.7233353043412
              ],
              [
                -1.24099446513821,
                54.723193896748
              ],
              [
                -1.17616941170087,
                54.697686436507
              ],
              [
                -1.17401455835006,
                54.6918753764694
              ],
              [
                -1.17419304324753,
                54.6918818431243
              ],
              [
                -1.19625576547654,
                54.6985837340904
              ],
              [
                -1.18804188220225,
                54.6933616754774
              ],
              [
                -1.18886433508758,
                54.692412406321
              ],
              [
                -1.19210598406927,
                54.6925293699315
              ],
              [
                -1.19437290137195,
                54.6860528646477
              ],
              [
                -1.19910675815678,
                54.6805859394255
              ],
              [
                -1.17588335599308,
                54.6534203435561
              ],
              [
                -1.1576371382476,
                54.6482059780191
              ],
              [
                -1.17316596143816,
                54.6337153984613
              ],
              [
                -1.18824961393819,
                54.6326045275537
              ],
              [
                -1.19227998360397,
                54.6294659591152
              ],
              [
                -1.20065229903386,
                54.6229442016914
              ],
              [
                -1.17297768454438,
                54.6215416379426
              ],
              [
                -1.16796351839431,
                54.6293347715843
              ],
              [
                -1.15997501818786,
                54.6113285710539
              ],
              [
                -1.18557933801797,
                54.5914060596208
              ],
              [
                -1.18771768745122,
                54.5897411044323
              ],
              [
                -1.19751626702207,
                54.5821095485984
              ],
              [
                -1.16018904671902,
                54.604500095064
              ],
              [
                -1.1467473278275,
                54.5990819128081
              ],
              [
                -1.15753376316828,
                54.6054167299732
              ],
              [
                -1.15177599271031,
                54.6145313009959
              ],
              [
                -1.13228972511792,
                54.6085739693834
              ],
              [
                -1.15084115503539,
                54.6151357631115
              ],
              [
                -1.15433161079093,
                54.627702752383
              ],
              [
                -1.13538931587802,
                54.6296951466869
              ],
              [
                -1.13692853048525,
                54.6431883140024
              ],
              [
                -1.12562932670889,
                54.6380767126449
              ],
              [
                -1.11278072375207,
                54.6277089362667
              ],
              [
                -1.07234156599659,
                54.6201626329244
              ],
              [
                -1.05257983062295,
                54.616469002166
              ],
              [
                -1.04035425870814,
                54.6110155226395
              ],
              [
                -1.03663668685026,
                54.6084867350854
              ],
              [
                -1.02702169531583,
                54.6050651779117
              ],
              [
                -1.00054364235385,
                54.5932384845352
              ],
              [
                -0.961483425237601,
                54.5849131915224
              ],
              [
                -0.947076641366433,
                54.5874099183547
              ],
              [
                -0.936269831589878,
                54.5881090180687
              ],
              [
                -0.898265057810637,
                54.5712655994104
              ],
              [
                -0.853433805366454,
                54.5717802766646
              ],
              [
                -0.844236166514544,
                54.5697099837167
              ],
              [
                -0.794250934628727,
                54.5584429484075
              ],
              [
                -0.791803877555535,
                54.5583130613896
              ],
              [
                -0.80041918962436,
                54.5510109253916
              ],
              [
                -0.826984924910034,
                54.5485750992735
              ],
              [
                -0.848647297024731,
                54.5300038288166
              ],
              [
                -0.848530740694743,
                54.4879729367657
              ],
              [
                -0.880825023321814,
                54.4970468603547
              ],
              [
                -0.952951598811726,
                54.4880355481098
              ],
              [
                -1.00340105302893,
                54.5030121002871
              ],
              [
                -1.0368514550717,
                54.4940440605297
              ],
              [
                -1.0945238497457,
                54.5067598353886
              ],
              [
                -1.11838000658732,
                54.498198569694
              ],
              [
                -1.14619694918505,
                54.5028216114721
              ],
              [
                -1.2348659056463,
                54.5103160445539
              ],
              [
                -1.25667466779605,
                54.5011079127846
              ],
              [
                -1.25740307371,
                54.4873218291368
              ],
              [
                -1.28097851344655,
                54.4904431183313
              ],
              [
                -1.30033745632526,
                54.4758498834375
              ],
              [
                -1.34362896171184,
                54.4641554130302
              ],
              [
                -1.3449150344902,
                54.4724080092603
              ],
              [
                -1.36441713758622,
                54.465952408782
              ],
              [
                -1.37256157635986,
                54.4723074609222
              ],
              [
                -1.38101055094491,
                54.4940289315663
              ],
              [
                -1.39505004776972,
                54.4856799721371
              ],
              [
                -1.4070888004288,
                54.4935296381495
              ],
              [
                -1.4127863622095,
                54.4771953983173
              ],
              [
                -1.43211777207151,
                54.479454565172
              ],
              [
                -1.43490529222604,
                54.4874931710252
              ],
              [
                -1.45850783644379,
                54.5039188888445
              ],
              [
                -1.47455794258184,
                54.5007110836224
              ],
              [
                -1.45919258759602,
                54.49426802104
              ],
              [
                -1.46379873425492,
                54.4735508524636
              ],
              [
                -1.45341385015052,
                54.4660154353908
              ],
              [
                -1.46279137012721,
                54.4613922615137
              ],
              [
                -1.45615000927719,
                54.4524492549818
              ],
              [
                -1.47205221947318,
                54.4555996004691
              ],
              [
                -1.47537275450978,
                54.4738451789035
              ],
              [
                -1.49905229172371,
                54.4756782312392
              ],
              [
                -1.49177548206257,
                54.486200491717
              ],
              [
                -1.51134080604103,
                54.4750122607667
              ],
              [
                -1.51413191899894,
                54.4837750912496
              ],
              [
                -1.52883695101345,
                54.4848137386226
              ],
              [
                -1.51983281095693,
                54.4710470159361
              ],
              [
                -1.54567271781715,
                54.4712384758728
              ],
              [
                -1.55519520906131,
                54.4849781907925
              ],
              [
                -1.58298032825201,
                54.4971007328169
              ],
              [
                -1.57921485380734,
                54.5051876844863
              ],
              [
                -1.5918807025688,
                54.5043008605634
              ],
              [
                -1.58106853741621,
                54.5128456586148
              ],
              [
                -1.60263741568541,
                54.5105816513312
              ],
              [
                -1.61148472706396,
                54.5200007869525
              ],
              [
                -1.63332908642646,
                54.5141114023806
              ],
              [
                -1.63377378147463,
                54.5253643798556
              ],
              [
                -1.65467519936764,
                54.5246500970658
              ],
              [
                -1.65793716560764,
                54.5345889230991
              ],
              [
                -1.69692636354541,
                54.5360064297147
              ],
              [
                -1.72131088981147,
                54.5423017252916
              ],
              [
                -1.73309136189947,
                54.5277364132379
              ],
              [
                -1.77969652860647,
                54.531872994817
              ],
              [
                -1.77613231485782,
                54.5067285041672
              ],
              [
                -1.7929764841364,
                54.4844924296075
              ],
              [
                -1.83943329268704,
                54.5084372364965
              ],
              [
                -1.85780051144888,
                54.503539794396
              ],
              [
                -1.85912998438283,
                54.4818579024252
              ],
              [
                -1.94254323626911,
                54.4533953550002
              ],
              [
                -1.97005959181258,
                54.4515215410208
              ],
              [
                -1.99676437249469,
                54.4669034483454
              ],
              [
                -2.04472952149334,
                54.4751862733078
              ],
              [
                -2.04319843418734,
                54.4835994484373
              ],
              [
                -2.11659617374357,
                54.4622634779758
              ],
              [
                -2.17021302341009,
                54.4581987855814
              ],
              [
                -2.15899719522694,
                54.4720296362727
              ],
              [
                -2.17239803091916,
                54.5324441161944
              ],
              [
                -2.19753056810017,
                54.5327039650371
              ],
              [
                -2.20948818801938,
                54.5517133723259
              ],
              [
                -2.30451453732707,
                54.5961978460859
              ],
              [
                -2.32493776754964,
                54.6316502370678
              ],
              [
                -2.28797868798435,
                54.6504801041168
              ],
              [
                -2.29287495116333,
                54.6638852911182
              ],
              [
                -2.32728766379606,
                54.6707277195806
              ],
              [
                -2.35176911417031,
                54.6859308509283
              ],
              [
                -2.35574349125271,
                54.6976521785663
              ],
              [
                -2.3257467435233,
                54.7266292305864
              ],
              [
                -2.31208952139602,
                54.7910150459368
              ],
              [
                -2.32738520521732,
                54.8053324704495
              ],
              [
                -2.34842858237457,
                54.8070792761547
              ],
              [
                -2.38998545539512,
                54.8321552442594
              ],
              [
                -2.41165283312184,
                54.8564500653384
              ],
              [
                -2.42275637726837,
                54.8428302557446
              ],
              [
                -2.46060153126188,
                54.8341721857508
              ],
              [
                -2.4953568980919,
                54.8103421039783
              ],
              [
                -2.5234414544492,
                54.8060451301282
              ],
              [
                -2.5583066678318,
                54.8167246157662
              ],
              [
                -2.5826710473889,
                54.8458667824617
              ],
              [
                -2.57335234215807,
                54.8535461971811
              ],
              [
                -2.60543022086864,
                54.8843823124999
              ],
              [
                -2.57641404338101,
                54.8967171098062
              ],
              [
                -2.56622128211943,
                54.9192380628219
              ],
              [
                -2.54527258594749,
                54.9291719622267
              ],
              [
                -2.56764946011431,
                54.9408560220724
              ],
              [
                -2.56849154079881,
                54.9583618180001
              ],
              [
                -2.59556897269462,
                54.963480931938
              ],
              [
                -2.60142928961523,
                54.9713401694156
              ],
              [
                -2.5733107670136,
                54.9876377868719
              ],
              [
                -2.57285163624203,
                55.0163983334533
              ],
              [
                -2.48304985288842,
                55.0400190758404
              ],
              [
                -2.50398494073629,
                55.0624298945502
              ],
              [
                -2.48608636846352,
                55.0824435683507
              ],
              [
                -2.50257438882916,
                55.090758675394
              ],
              [
                -2.56213639511458,
                55.083462169153
              ],
              [
                -2.5684260078781,
                55.0962614131911
              ],
              [
                -2.59353940991365,
                55.1050960585006
              ],
              [
                -2.59890282489753,
                55.124575716773
              ],
              [
                -2.65693941786685,
                55.1361318311774
              ],
              [
                -2.67732441003321,
                55.1554875886356
              ],
              [
                -2.67455532375497,
                55.1758914671251
              ],
              [
                -2.68979023468094,
                55.1889842109072
              ],
              [
                -2.666814789349,
                55.2215803899766
              ],
              [
                -2.63141420723572,
                55.2236980858107
              ],
              [
                -2.63022898083157,
                55.2447914968359
              ],
              [
                -2.61145085824486,
                55.2471344302265
              ],
              [
                -2.64677118121333,
                55.2600438629418
              ],
              [
                -2.62665606674879,
                55.2622209385346
              ],
              [
                -2.60923810325275,
                55.2832480265179
              ],
              [
                -2.57336078548344,
                55.2968862061895
              ],
              [
                -2.55900833852864,
                55.3178528230345
              ],
              [
                -2.52026965852788,
                55.3230470920978
              ],
              [
                -2.47539346393945,
                55.3547399200112
              ],
              [
                -2.41499664355228,
                55.358921903903
              ],
              [
                -2.39924454090826,
                55.3481854416031
              ],
              [
                -2.37891180668306,
                55.3491694371305
              ],
              [
                -2.33752995734802,
                55.3671909668018
              ],
              [
                -2.34623321175053,
                55.3730610533814
              ],
              [
                -2.33002052064814,
                55.381241567232
              ],
              [
                -2.34494682160794,
                55.3993134310068
              ],
              [
                -2.33562914472027,
                55.4082080643565
              ],
              [
                -2.31325356259942,
                55.4067893342264
              ],
              [
                -2.26061128927204,
                55.432933998025
              ],
              [
                -2.2312819124724,
                55.4284292920017
              ],
              [
                -2.19485820047688,
                55.4445902843441
              ],
              [
                -2.18807797550292,
                55.4621152753509
              ],
              [
                -2.16552123212146,
                55.4683818989939
              ],
              [
                -2.20133583318611,
                55.4752675198284
              ],
              [
                -2.2026492750732,
                55.4895412876908
              ],
              [
                -2.2288455155222,
                55.5095187809206
              ],
              [
                -2.2403065059112,
                55.5556271683871
              ],
              [
                -2.28881057093471,
                55.5803072668002
              ],
              [
                -2.2892322950467,
                55.6037736959148
              ],
              [
                -2.3160941125707,
                55.6204584681156
              ],
              [
                -2.30862602968368,
                55.6288759772559
              ],
              [
                -2.3243105601635,
                55.6261659069396
              ],
              [
                -2.33600510128931,
                55.6324814829042
              ],
              [
                -2.30578970416838,
                55.6470437737042
              ],
              [
                -2.23436858586757,
                55.6410421010054
              ],
              [
                -2.24834586160377,
                55.6521497545295
              ],
              [
                -2.21845272804607,
                55.6642602674573
              ],
              [
                -2.21865916071879,
                55.6759071372636
              ],
              [
                -2.16723105928948,
                55.7060351648167
              ],
              [
                -2.17668873824399,
                55.7186894967436
              ],
              [
                -2.15057590272697,
                55.7231544083802
              ],
              [
                -2.14429584165104,
                55.7392700686025
              ],
              [
                -2.11763990088257,
                55.7387736510205
              ],
              [
                -2.10764153176144,
                55.7598881507069
              ],
              [
                -2.0856391490368,
                55.7620403321679
              ],
              [
                -2.0861230942702,
                55.7930452706114
              ],
              [
                -2.03449505110741,
                55.811208173755
              ],
              [
                -2.03435750917452,
                55.8110853661164
              ],
              [
                -2.00157809777485,
                55.7808812090444
              ],
              [
                -1.98863911850325,
                55.7689434392051
              ]
            ]
          ]
        ]
      },
      "properties": {
        "name": "North East",
        "code": "E12000001",
        "slug": "north-east"
      }
    },
    {
      "type": "Feature",
      "geometry": {
        "type": "MultiPolygon",
        "coordinates": [
          [
            [
              [
                -3.24293638304044,
                54.0989390219003
              ],
              [
                -3.25246271722293,
                54.0957650219956
              ],
              [
                -3.24315966275771,
                54.0975198518283
              ],
              [
                -3.24719285959257,
                54.0922034372838
              ],
              [
                -3.22433693416974,
                54.0820072701481
              ],
              [
                -3.22095529220927,
                54.0804979060501
              ],
              [
                -3.22414929147294,
                54.0756345323388
              ],
              [
                -3.22681625445275,
                54.0715727445285
              ],
              [
                -3.2239971928029,
                54.070486825034
              ],
              [
                -3.21026624924842,
                54.0651958631531
              ],
              [
                -3.2048924930785,
                54.0516166243715
              ],
              [
                -3.17858767237087,
                54.0552646130481
              ],
              [
                -3.17410086166341,
                54.0482939390913
              ],
              [
                -3.17302733252036,
                54.0552727460457
              ],
              [
                -3.1731611097089,
                54.0470766152163
              ],
              [
                -3.20991255885691,
                54.0476711083467
              ],
              [
                -3.22374027171268,
                54.0617668722306
              ],
              [
                -3.26855382921652,
                54.1073707832829
              ],
              [
                -3.27638163870848,
                54.1428860385048
              ],
              [
                -3.25228742601692,
                54.1503697672959
              ],
              [
                -3.26687449789152,
                54.141921363329
              ],
              [
                -3.24560541873544,
                54.1098592279321
              ],
              [
                -3.24293638304044,
                54.0989390219003
              ]
            ]
          ],
          [
            [
              [
                -2.5684260078781,
                55.0962614131911
              ],
              [
                -2.56213639511458,
                55.083462169153
              ],
              [
                -2.50257438882916,
                55.090758675394
              ],
              [
                -2.48608636846352,
                55.0824435683507
              ],
              [
                -2.50398494073629,
                55.0624298945502
              ],
              [
                -2.48304985288842,
                55.0400190758404
              ],
              [
                -2.57285163624203,
                55.0163983334533
              ],
              [
                -2.5733107670136,
                54.9876377868719
              ],
              [
                -2.60142928961523,
                54.9713401694156
              ],
              [
                -2.59556897269462,
                54.963480931938
              ],
              [
                -2.56849154079881,
                54.9583618180001
              ],
              [
                -2.56764946011431,
                54.9408560220724
              ],
              [
                -2.54527258594749,
                54.9291719622267
              ],
              [
                -2.56622128211943,
                54.9192380628219
              ],
              [
                -2.57641404338101,
                54.8967171098062
              ],
              [
                -2.60543022086864,
                54.8843823124999
              ],
              [
                -2.57335234215807,
                54.8535461971811
              ],
              [
                -2.5826710473889,
                54.8458667824617
              ],
              [
                -2.5583066678318,
                54.8167246157662
              ],
              [
                -2.5234414544492,
                54.8060451301282
              ],
              [
                -2.4953568980919,
                54.8103421039783
              ],
              [
                -2.46060153126188,
                54.8341721857508
              ],
              [
                -2.42275637726837,
                54.8428302557446
              ],
              [
                -2.41165283312184,
                54.8564500653384
              ],
              [
                -2.38998545539512,
                54.8321552442594
              ],
              [
                -2.34842858237457,
                54.8070792761547
              ],
              [
                -2.32738520521732,
                54.8053324704495
              ],
              [
                -2.31208952139602,
                54.7910150459368
              ],
              [
                -2.3257467435233,
                54.7266292305864
              ],
              [
                -2.35574349125271,
                54.6976521785663
              ],
              [
                -2.35176911417031,
                54.6859308509283
              ],
              [
                -2.32728766379606,
                54.6707277195806
              ],
              [
                -2.29287495116333,
                54.6638852911182
              ],
              [
                -2.28797868798435,
                54.6504801041168
              ],
              [
                -2.32493776754964,
                54.6316502370678
              ],
              [
                -2.30451453732707,
                54.5961978460859
              ],
              [
                -2.20948818801938,
                54.5517133723259
              ],
              [
                -2.19753056810017,
                54.5327039650371
              ],
              [
                -2.17239803091916,
                54.5324441161944
              ],
              [
                -2.15899719522694,
                54.4720296362727
              ],
              [
                -2.17021302341009,
                54.4581987855814
              ],
              [
                -2.17750847989616,
                54.4616256756402
              ],
              [
                -2.18931554536681,
                54.4489784731566
              ],
              [
                -2.24953922329874,
                54.4519434353475
              ],
              [
                -2.29286520125281,
                54.4393074909511
              ],
              [
                -2.30814588995346,
                54.4197937724596
              ],
              [
                -2.30550673679387,
                54.397120065325
              ],
              [
                -2.29178388191965,
                54.3909045154006
              ],
              [
                -2.2974404079777,
                54.3768987653402
              ],
              [
                -2.31704255658939,
                54.3763105185696
              ],
              [
                -2.34464790841351,
                54.3596285098932
              ],
              [
                -2.36771223911441,
                54.3560706152496
              ],
              [
                -2.30984140863991,
                54.3243149774976
              ],
              [
                -2.32452246431824,
                54.3031836220921
              ],
              [
                -2.31909631949867,
                54.2571558301853
              ],
              [
                -2.33765745303457,
                54.2375990705306
              ],
              [
                -2.36231711509247,
                54.2497526288087
              ],
              [
                -2.37302060410943,
                54.2400989043822
              ],
              [
                -2.39677965225249,
                54.2393810797039
              ],
              [
                -2.40563193680719,
                54.2249151690032
              ],
              [
                -2.46086273484394,
                54.2267161360672
              ],
              [
                -2.53397895530311,
                54.1576927128776
              ],
              [
                -2.56050449737639,
                54.1530521175321
              ],
              [
                -2.56474072529231,
                54.1270377052005
              ],
              [
                -2.52400965395696,
                54.0946224801885
              ],
              [
                -2.50952601849528,
                54.0954253298731
              ],
              [
                -2.46434741775288,
                54.0752794330086
              ],
              [
                -2.46954984634616,
                54.0462122422033
              ],
              [
                -2.42582648983288,
                54.0380949102925
              ],
              [
                -2.37407297715972,
                54.0490890614661
              ],
              [
                -2.35732329416741,
                54.0191170938826
              ],
              [
                -2.33956003668189,
                54.0094333176003
              ],
              [
                -2.35231031317863,
                54.0105389049918
              ],
              [
                -2.35235757480551,
                53.9946737852099
              ],
              [
                -2.33992318436833,
                53.9894277135701
              ],
              [
                -2.31915123811882,
                53.9938420173094
              ],
              [
                -2.29431971644119,
                53.9744329540687
              ],
              [
                -2.23034529433424,
                53.9815303426219
              ],
              [
                -2.2210627540429,
                53.9779275810376
              ],
              [
                -2.23201544739717,
                53.9712299759755
              ],
              [
                -2.22573625585147,
                53.9610994519697
              ],
              [
                -2.19601836749843,
                53.9695758455182
              ],
              [
                -2.18452239163842,
                53.9522641292015
              ],
              [
                -2.18228142410805,
                53.9353902718938
              ],
              [
                -2.13222410689956,
                53.9265088503224
              ],
              [
                -2.11334616135293,
                53.9156268544821
              ],
              [
                -2.10301894796253,
                53.8909412962507
              ],
              [
                -2.08144705819811,
                53.8756803214612
              ],
              [
                -2.08991499194819,
                53.8681819720455
              ],
              [
                -2.04613032171359,
                53.8501412464583
              ],
              [
                -2.04692463706631,
                53.8295102810523
              ],
              [
                -2.06125057169866,
                53.825635481964
              ],
              [
                -2.11227899053225,
                53.8057083891251
              ],
              [
                -2.12835851818789,
                53.7990313029985
              ],
              [
                -2.12481550058915,
                53.7880553415977
              ],
              [
                -2.13636274882185,
                53.7801044586254
              ],
              [
                -2.13117443618115,
                53.7515444474766
              ],
              [
                -2.17329358668748,
                53.7230116830117
              ],
              [
                -2.14632807590206,
                53.682231530347
              ],
              [
                -2.14225754958587,
                53.6780058071673
              ],
              [
                -2.13412727235101,
                53.6857340299735
              ],
              [
                -2.1180850092304,
                53.6712452250585
              ],
              [
                -2.09290647703388,
                53.6701611248292
              ],
              [
                -2.0512421731911,
                53.6836917604429
              ],
              [
                -2.02681573905277,
                53.6241671461045
              ],
              [
                -2.02303595762635,
                53.6158394769076
              ],
              [
                -2.00947078713106,
                53.6167795102388
              ],
              [
                -1.94272585126574,
                53.5616412941097
              ],
              [
                -1.9128846428011,
                53.5516436140542
              ],
              [
                -1.90962083195551,
                53.5383909856456
              ],
              [
                -1.92678065560871,
                53.5209487496871
              ],
              [
                -1.92197284577495,
                53.5099546839903
              ],
              [
                -1.95133267475833,
                53.504198837989
              ],
              [
                -1.96338598926022,
                53.5098272597675
              ],
              [
                -1.98781957548828,
                53.4811103993799
              ],
              [
                -1.98579237816046,
                53.4552267712585
              ],
              [
                -2.00823485273611,
                53.4415492986129
              ],
              [
                -2.00421605197447,
                53.4359217849539
              ],
              [
                -2.01422750540755,
                53.4397627537578
              ],
              [
                -2.0262554175393,
                53.4298651605263
              ],
              [
                -2.0136971820304,
                53.4158901088998
              ],
              [
                -1.99232947055908,
                53.415193132135
              ],
              [
                -2.00464286724203,
                53.3863272774973
              ],
              [
                -2.03377543264464,
                53.3755415697744
              ],
              [
                -2.03105846324365,
                53.3702623861055
              ],
              [
                -2.00678505242821,
                53.3545721116505
              ],
              [
                -2.00948185124733,
                53.2606524549833
              ],
              [
                -1.97485875420927,
                53.2310610534631
              ],
              [
                -1.99026453573021,
                53.2229988990978
              ],
              [
                -1.98740775867005,
                53.2135858487092
              ],
              [
                -2.00020198978735,
                53.1937374968954
              ],
              [
                -2.04652710695863,
                53.1926476554655
              ],
              [
                -2.07023261967659,
                53.1716862930174
              ],
              [
                -2.11207676340537,
                53.1686598099581
              ],
              [
                -2.14043876356931,
                53.1838127677096
              ],
              [
                -2.14141084525282,
                53.1566523912043
              ],
              [
                -2.15564486007666,
                53.1596189573796
              ],
              [
                -2.2113149262639,
                53.1158244632179
              ],
              [
                -2.24740691731874,
                53.0898498465846
              ],
              [
                -2.25324849091567,
                53.0939769926235
              ],
              [
                -2.29337580822828,
                53.0783263872876
              ],
              [
                -2.31805098764274,
                53.0813587571126
              ],
              [
                -2.34758567134112,
                53.0561702924242
              ],
              [
                -2.38124882130521,
                53.0525513186422
              ],
              [
                -2.38422739108102,
                53.0261675772583
              ],
              [
                -2.37046780522333,
                53.0145758528314
              ],
              [
                -2.38304468514478,
                53.0077867854542
              ],
              [
                -2.38079367937619,
                52.9984110622475
              ],
              [
                -2.43676051036816,
                52.9862560835437
              ],
              [
                -2.43461402318991,
                52.9695213465036
              ],
              [
                -2.48115277115678,
                52.9588178873713
              ],
              [
                -2.52142791357081,
                52.9742651272112
              ],
              [
                -2.5295158220739,
                52.9471648774926
              ],
              [
                -2.56126288258472,
                52.9649521042076
              ],
              [
                -2.58641372797688,
                52.9553790878105
              ],
              [
                -2.59769347128031,
                52.9630059890586
              ],
              [
                -2.59488906784906,
                52.9796071465965
              ],
              [
                -2.63265093997599,
                52.9966707871949
              ],
              [
                -2.67466228548746,
                52.9856628103797
              ],
              [
                -2.69929243706707,
                52.9954387977652
              ],
              [
                -2.7268406065337,
                52.9832729453915
              ],
              [
                -2.7599401790776,
                52.9864196655643
              ],
              [
                -2.76827535224616,
                52.9948605032859
              ],
              [
                -2.80331096845296,
                52.9895941853625
              ],
              [
                -2.83599558996295,
                52.9971501459187
              ],
              [
                -2.84406201375566,
                53.0176683670662
              ],
              [
                -2.86104429459502,
                53.0228486540914
              ],
              [
                -2.85571506741516,
                53.0372559033468
              ],
              [
                -2.8701179110336,
                53.0453605932168
              ],
              [
                -2.85924038438122,
                53.0542555269905
              ],
              [
                -2.87255483685911,
                53.0586155388117
              ],
              [
                -2.86147506310468,
                53.060660399278
              ],
              [
                -2.8816435849508,
                53.0743920839975
              ],
              [
                -2.87572225444001,
                53.0815220285268
              ],
              [
                -2.90207396485116,
                53.0920394240974
              ],
              [
                -2.88109940909981,
                53.1216037174963
              ],
              [
                -2.91023233565262,
                53.1126389633283
              ],
              [
                -2.96381312520353,
                53.1327575250608
              ],
              [
                -2.97949802683011,
                53.1506216460426
              ],
              [
                -2.99508831011408,
                53.1541959619586
              ],
              [
                -2.92784027302635,
                53.1714108576219
              ],
              [
                -2.92229929319046,
                53.1892926717192
              ],
              [
                -2.9983782407184,
                53.2358586433666
              ],
              [
                -3.03602413178742,
                53.2518049835428
              ],
              [
                -3.08601484756326,
                53.2567989838397
              ],
              [
                -3.08607619005066,
                53.2568297606707
              ],
              [
                -3.10739770594214,
                53.271765098786
              ],
              [
                -3.10724540428515,
                53.2719735561007
              ],
              [
                -3.0888121510972,
                53.2680004029187
              ],
              [
                -3.08554879096477,
                53.2722540663974
              ],
              [
                -3.11006071297982,
                53.276794613342
              ],
              [
                -3.07754938949564,
                53.2795778638959
              ],
              [
                -3.10810266511703,
                53.2783387942552
              ],
              [
                -3.10290442052463,
                53.2804784257397
              ],
              [
                -3.09863297111767,
                53.2799274653269
              ],
              [
                -3.08920538430642,
                53.2861150868365
              ],
              [
                -3.10226063606944,
                53.2807433810621
              ],
              [
                -3.10744932531781,
                53.2819101545778
              ],
              [
                -3.09698129331012,
                53.2893482024356
              ],
              [
                -3.10961297000744,
                53.282579951808
              ],
              [
                -3.12026813646481,
                53.2885766359203
              ],
              [
                -3.10520696776839,
                53.2916362889116
              ],
              [
                -3.12300428172316,
                53.2893039510718
              ],
              [
                -3.11835037905506,
                53.291959894752
              ],
              [
                -3.11706113742963,
                53.2926844749468
              ],
              [
                -3.11657287212287,
                53.2929588820377
              ],
              [
                -3.11630778182078,
                53.2931078612475
              ],
              [
                -3.11409090787718,
                53.2943769005612
              ],
              [
                -3.11387067598427,
                53.2943716318239
              ],
              [
                -3.09631673017228,
                53.2939504443545
              ],
              [
                -3.10904826701069,
                53.297046635946
              ],
              [
                -3.10928952735412,
                53.2971052907726
              ],
              [
                -3.11261853096692,
                53.2952135331463
              ],
              [
                -3.12391555496401,
                53.2960719072813
              ],
              [
                -3.11615687189841,
                53.3008191829174
              ],
              [
                -3.12743612081868,
                53.2943532959883
              ],
              [
                -3.13798001159907,
                53.297639694071
              ],
              [
                -3.13441428359392,
                53.3080126805235
              ],
              [
                -3.13303182967529,
                53.2997083710649
              ],
              [
                -3.12393526131734,
                53.3002384166372
              ],
              [
                -3.12673908792638,
                53.3007373805651
              ],
              [
                -3.13074919596589,
                53.307269978388
              ],
              [
                -3.12813665794485,
                53.3045743194848
              ],
              [
                -3.12872579173274,
                53.3061915362855
              ],
              [
                -3.10713362347341,
                53.3017319343808
              ],
              [
                -3.12682089951784,
                53.3063367233247
              ],
              [
                -3.11263398229431,
                53.3090949158502
              ],
              [
                -3.1205763742454,
                53.3116816322696
              ],
              [
                -3.12645390340145,
                53.3135953117046
              ],
              [
                -3.11906723698709,
                53.31621676544
              ],
              [
                -3.12931293762815,
                53.3143702338169
              ],
              [
                -3.12268920116551,
                53.3174212122078
              ],
              [
                -3.1356468481557,
                53.315781766262
              ],
              [
                -3.13641252958082,
                53.3284095820346
              ],
              [
                -3.10604485309061,
                53.3135741837424
              ],
              [
                -3.20407457617592,
                53.3832491360801
              ],
              [
                -3.17762493980129,
                53.3997077227693
              ],
              [
                -3.04118061119981,
                53.442924112756
              ],
              [
                -3.00254547537506,
                53.3747021315247
              ],
              [
                -2.934277633595,
                53.3132871937833
              ],
              [
                -2.92881575254567,
                53.3083641592851
              ],
              [
                -2.92863596687009,
                53.3082020877465
              ],
              [
                -2.90165051426276,
                53.2954158281762
              ],
              [
                -2.88947025234634,
                53.2896400247967
              ],
              [
                -2.90053434199196,
                53.297009923677
              ],
              [
                -2.85556828280237,
                53.2920219569187
              ],
              [
                -2.85728106185469,
                53.2869075049833
              ],
              [
                -2.83960110742911,
                53.2987369249412
              ],
              [
                -2.84638345444798,
                53.3069444902632
              ],
              [
                -2.81595600396396,
                53.3061631560265
              ],
              [
                -2.78879574765858,
                53.2954088521103
              ],
              [
                -2.75278930962497,
                53.3145696092047
              ],
              [
                -2.75248610815786,
                53.3147308385601
              ],
              [
                -2.75243197509548,
                53.3147596235597
              ],
              [
                -2.76339190544171,
                53.3276754288361
              ],
              [
                -2.75433708740973,
                53.3431594290366
              ],
              [
                -2.7189977032762,
                53.3448375179285
              ],
              [
                -2.69935240672089,
                53.3567098627731
              ],
              [
                -2.67868932329394,
                53.3547820515976
              ],
              [
                -2.67518815433053,
                53.3544550291597
              ],
              [
                -2.69088091911226,
                53.3608057382726
              ],
              [
                -2.69337868247629,
                53.3618161881791
              ],
              [
                -2.73430922778042,
                53.3477745650582
              ],
              [
                -2.76449140010952,
                53.3552864520304
              ],
              [
                -2.75913359064553,
                53.3496073895287
              ],
              [
                -2.77822048536501,
                53.3326260426548
              ],
              [
                -2.78428782987424,
                53.3364309773923
              ],
              [
                -2.77769098803628,
                53.3292802773292
              ],
              [
                -2.78863136183167,
                53.322539617092
              ],
              [
                -2.82666108253204,
                53.3316567913646
              ],
              [
                -2.82795234954574,
                53.3314589531091
              ],
              [
                -2.85442768254741,
                53.3273991316291
              ],
              [
                -2.87815839927853,
                53.3341988407965
              ],
              [
                -2.90270834348977,
                53.3455569474916
              ],
              [
                -2.97465150886949,
                53.3787774633168
              ],
              [
                -3.00184542299136,
                53.4103255745933
              ],
              [
                -3.00862921607139,
                53.4378814359818
              ],
              [
                -3.00875228193732,
                53.4383809914915
              ],
              [
                -3.02653515166251,
                53.4531285649567
              ],
              [
                -3.02629543118617,
                53.4540608091095
              ],
              [
                -3.0386478711829,
                53.4631664418314
              ],
              [
                -3.04137001915035,
                53.4654215047902
              ],
              [
                -3.05623653252405,
                53.4920490477619
              ],
              [
                -3.06373684924024,
                53.505468676246
              ],
              [
                -3.06275875510167,
                53.5299501485196
              ],
              [
                -3.06831679467828,
                53.5199000234524
              ],
              [
                -3.08574739256872,
                53.5254036380982
              ],
              [
                -3.10189925042513,
                53.5371402873254
              ],
              [
                -3.10423854231287,
                53.5544598102086
              ],
              [
                -3.0587181576406,
                53.621202145244
              ],
              [
                -3.0056632016861,
                53.6646918024689
              ],
              [
                -3.0100407471008,
                53.6722217541456
              ],
              [
                -3.01406936407839,
                53.6791489557712
              ],
              [
                -2.98286556408102,
                53.6825859119696
              ],
              [
                -2.98721404809693,
                53.689256413594
              ],
              [
                -2.9776439093837,
                53.6857412942122
              ],
              [
                -2.96726148627491,
                53.6984478030269
              ],
              [
                -2.97156486543916,
                53.692274000512
              ],
              [
                -2.95998353705903,
                53.6917875056345
              ],
              [
                -2.96073416226787,
                53.6858162977867
              ],
              [
                -2.95371749363725,
                53.6916127905102
              ],
              [
                -2.9574948267835,
                53.6832855600037
              ],
              [
                -2.94625404488901,
                53.6792481441149
              ],
              [
                -2.94976401015084,
                53.6909962816423
              ],
              [
                -2.95031011440914,
                53.6915478067313
              ],
              [
                -2.95045032085472,
                53.6916969870956
              ],
              [
                -2.95047123033527,
                53.6917183771024
              ],
              [
                -2.96230114861707,
                53.6938047893127
              ],
              [
                -2.95415634922314,
                53.6954171880803
              ],
              [
                -2.95413802198366,
                53.6954208159697
              ],
              [
                -2.95520361601585,
                53.6964919175461
              ],
              [
                -2.9554457431862,
                53.6967267369408
              ],
              [
                -2.95622797602366,
                53.6975003227447
              ],
              [
                -2.93709841824804,
                53.6950963225584
              ],
              [
                -2.95112233542054,
                53.6997678416939
              ],
              [
                -2.93668038869624,
                53.701912011582
              ],
              [
                -2.95496765519585,
                53.7040292024283
              ],
              [
                -2.94379682705286,
                53.7081444157912
              ],
              [
                -2.93183958043691,
                53.7000091638305
              ],
              [
                -2.92617841556414,
                53.7046613393072
              ],
              [
                -2.94815308683206,
                53.7115435740455
              ],
              [
                -2.93828425375908,
                53.7249193846022
              ],
              [
                -2.91426891678604,
                53.7109080018608
              ],
              [
                -2.929326426259,
                53.7242027125403
              ],
              [
                -2.91512151087959,
                53.7261142746709
              ],
              [
                -2.91085259886381,
                53.7266934743007
              ],
              [
                -2.86617639038666,
                53.7327450412382
              ],
              [
                -2.86007524100345,
                53.7335700409618
              ],
              [
                -2.84774432317892,
                53.7264048670181
              ],
              [
                -2.83141678840127,
                53.716911620472
              ],
              [
                -2.83012776761373,
                53.7161618716617
              ],
              [
                -2.82766381052453,
                53.7147286184543
              ],
              [
                -2.82699425281792,
                53.7143391184366
              ],
              [
                -2.82831050386251,
                53.7155263796485
              ],
              [
                -2.83185268126292,
                53.7198954064311
              ],
              [
                -2.83302185887218,
                53.7213372801825
              ],
              [
                -2.83546013208471,
                53.7243438942228
              ],
              [
                -2.82119432474713,
                53.7303343938557
              ],
              [
                -2.83609940245533,
                53.7247874064566
              ],
              [
                -2.84282630160563,
                53.7315590964811
              ],
              [
                -2.83595981413511,
                53.7369506861636
              ],
              [
                -2.8449776459918,
                53.733724222226
              ],
              [
                -2.84466909306176,
                53.7301118305573
              ],
              [
                -2.85538755133208,
                53.7351288026932
              ],
              [
                -2.81029727421126,
                53.7473646270983
              ],
              [
                -2.8038343765369,
                53.7491164459615
              ],
              [
                -2.79401670525856,
                53.7517766477225
              ],
              [
                -2.79381896970306,
                53.7518302153187
              ],
              [
                -2.79401912984369,
                53.7517866850261
              ],
              [
                -2.85554551862048,
                53.7383858588427
              ],
              [
                -2.85871618152537,
                53.7506384183243
              ],
              [
                -2.85686181184539,
                53.7382010740225
              ],
              [
                -2.89910614947523,
                53.7330675456836
              ],
              [
                -2.91098007131313,
                53.7325939416634
              ],
              [
                -2.9338053679124,
                53.7316803117754
              ],
              [
                -2.95297566456835,
                53.7329298277163
              ],
              [
                -2.94499805185899,
                53.7361522339621
              ],
              [
                -2.97640691478733,
                53.7340474100661
              ],
              [
                -3.03874247266197,
                53.747190373508
              ],
              [
                -3.05710639634998,
                53.7765235448681
              ],
              [
                -3.0571055721908,
                53.7765322950614
              ],
              [
                -3.05001345231537,
                53.8516452454787
              ],
              [
                -3.04785649093629,
                53.8744367490725
              ],
              [
                -3.04773507659331,
                53.8757189847022
              ],
              [
                -3.04978339034913,
                53.9199965170434
              ],
              [
                -3.00847770038889,
                53.9289442985214
              ],
              [
                -3.00945606329603,
                53.9007432357498
              ],
              [
                -2.99957204260335,
                53.9285976513928
              ],
              [
                -2.92499795483546,
                53.9499741062303
              ],
              [
                -2.91565501046398,
                53.9474863937375
              ],
              [
                -2.91067969592712,
                53.9461612108411
              ],
              [
                -2.91561810073159,
                53.945796466465
              ],
              [
                -2.93009524140352,
                53.9447259895042
              ],
              [
                -2.9155115582386,
                53.9409261303059
              ],
              [
                -2.90615672315043,
                53.9384873735301
              ],
              [
                -2.88102272528869,
                53.943345178946
              ],
              [
                -2.8802702495969,
                53.9434905151899
              ],
              [
                -2.88063035327658,
                53.9439497446243
              ],
              [
                -2.88247933234625,
                53.9463075160807
              ],
              [
                -2.8817378503679,
                53.9465908847182
              ],
              [
                -2.86409215992607,
                53.9533319503366
              ],
              [
                -2.88678401890005,
                53.958355124347
              ],
              [
                -2.86103551130718,
                53.9550366979366
              ],
              [
                -2.86937633900462,
                53.9597479343046
              ],
              [
                -2.85724777289296,
                53.957606180076
              ],
              [
                -2.86187625568654,
                53.9646248568304
              ],
              [
                -2.83633255173963,
                53.9546298344773
              ],
              [
                -2.85396325471579,
                53.9652135698967
              ],
              [
                -2.83587079118478,
                53.9637463738577
              ],
              [
                -2.87194774031199,
                53.9703106043191
              ],
              [
                -2.87923753793334,
                53.979139342228
              ],
              [
                -2.85604609108331,
                53.9995731805096
              ],
              [
                -2.8229701795703,
                53.9948597021358
              ],
              [
                -2.83276461136824,
                53.9985054855705
              ],
              [
                -2.83518914404623,
                54.0110836281925
              ],
              [
                -2.85331147228836,
                54.0055793512645
              ],
              [
                -2.84494047151227,
                54.0148578017486
              ],
              [
                -2.86049227439452,
                54.0038672168422
              ],
              [
                -2.87098374395315,
                54.0144287244721
              ],
              [
                -2.86473280580362,
                54.005035745148
              ],
              [
                -2.87791602419586,
                54.0062837460424
              ],
              [
                -2.88101480954441,
                53.9894728415991
              ],
              [
                -2.88732228538449,
                54.0017918514432
              ],
              [
                -2.88606306361496,
                53.9910508055331
              ],
              [
                -2.90013212019343,
                53.9919798875555
              ],
              [
                -2.90402701087801,
                54.0221887098376
              ],
              [
                -2.91742833503323,
                54.028145708157
              ],
              [
                -2.92443097155994,
                54.0312570766354
              ],
              [
                -2.92174930182206,
                54.0324591756465
              ],
              [
                -2.92146692698351,
                54.0325857475558
              ],
              [
                -2.91241947640711,
                54.033762373673
              ],
              [
                -2.91876669371931,
                54.0337960268503
              ],
              [
                -2.91756464801149,
                54.0343347431925
              ],
              [
                -2.90627169416959,
                54.039394565003
              ],
              [
                -2.88237965060747,
                54.0724446030267
              ],
              [
                -2.8703703035772,
                54.0762353036966
              ],
              [
                -2.84663256080158,
                54.0776378992431
              ],
              [
                -2.8194971771231,
                54.0888405753629
              ],
              [
                -2.81427341691274,
                54.0949109377769
              ],
              [
                -2.82149624594291,
                54.0889703223666
              ],
              [
                -2.82660007395096,
                54.1004332082321
              ],
              [
                -2.78029617241889,
                54.1356049700639
              ],
              [
                -2.79841004289894,
                54.1273924963207
              ],
              [
                -2.80205650851171,
                54.1433422396517
              ],
              [
                -2.8098154637962,
                54.1323274555339
              ],
              [
                -2.824556369035,
                54.1403328376107
              ],
              [
                -2.82782532462031,
                54.1475546976959
              ],
              [
                -2.81059365073664,
                54.1550007777702
              ],
              [
                -2.82833575689671,
                54.1532944293751
              ],
              [
                -2.83791049348278,
                54.1742247164388
              ],
              [
                -2.83791619316485,
                54.1742265686615
              ],
              [
                -2.86353636052586,
                54.1825498893127
              ],
              [
                -2.86413625016799,
                54.1919973743357
              ],
              [
                -2.84251014251282,
                54.2055914908603
              ],
              [
                -2.88723999541488,
                54.1990695262626
              ],
              [
                -2.90204148879943,
                54.1893847767
              ],
              [
                -2.89609019775481,
                54.1811799548657
              ],
              [
                -2.9107040810438,
                54.1795395804653
              ],
              [
                -2.89941932329488,
                54.1761091577169
              ],
              [
                -2.92047738561312,
                54.1659119683569
              ],
              [
                -2.92227404774213,
                54.1650415468968
              ],
              [
                -2.92045740432488,
                54.1650120686946
              ],
              [
                -2.90832735362018,
                54.1648145285831
              ],
              [
                -2.92022786831272,
                54.1546691696422
              ],
              [
                -2.9253595496205,
                54.1502924520923
              ],
              [
                -2.99986531098492,
                54.1547641474484
              ],
              [
                -2.9894185372414,
                54.1794552582654
              ],
              [
                -3.00648866080173,
                54.1722494747379
              ],
              [
                -3.00503103452057,
                54.1802783275844
              ],
              [
                -3.0102819385971,
                54.1769084188959
              ],
              [
                -3.03866105294493,
                54.1972507783639
              ],
              [
                -3.02295398771924,
                54.1915604082374
              ],
              [
                -3.03474478218873,
                54.1962947760045
              ],
              [
                -3.03294815847759,
                54.2113110276604
              ],
              [
                -3.03278759966983,
                54.2126524606927
              ],
              [
                -3.03435913864411,
                54.2112988866964
              ],
              [
                -3.06351928097549,
                54.1861631276774
              ],
              [
                -3.06085394207247,
                54.1620429868923
              ],
              [
                -3.10574272382833,
                54.1190378684421
              ],
              [
                -3.14910224003047,
                54.0935714547528
              ],
              [
                -3.1491411537481,
                54.093551782857
              ],
              [
                -3.17245176634143,
                54.0817613741837
              ],
              [
                -3.15074352127841,
                54.0648101775256
              ],
              [
                -3.17142736225561,
                54.0796335710093
              ],
              [
                -3.17803439975689,
                54.0749170584761
              ],
              [
                -3.17368927448801,
                54.0833230005279
              ],
              [
                -3.191702546106,
                54.103062901671
              ],
              [
                -3.21478539671388,
                54.098054148323
              ],
              [
                -3.22017801791181,
                54.0897337977843
              ],
              [
                -3.22468323384569,
                54.0937625496866
              ],
              [
                -3.24210103045427,
                54.1093292300603
              ],
              [
                -3.2369644131492,
                54.154683857093
              ],
              [
                -3.24942328424079,
                54.1547257767972
              ],
              [
                -3.25756916744061,
                54.1664813181876
              ],
              [
                -3.22707983869432,
                54.1747887066971
              ],
              [
                -3.21715649702045,
                54.1774901741383
              ],
              [
                -3.22307462417185,
                54.18777803297
              ],
              [
                -3.21484519358274,
                54.1856352212516
              ],
              [
                -3.21307847021506,
                54.2071814727118
              ],
              [
                -3.20594537239981,
                54.2097022611317
              ],
              [
                -3.20267571392271,
                54.210857490014
              ],
              [
                -3.20202753569131,
                54.2110864854239
              ],
              [
                -3.20235016516032,
                54.2114055565908
              ],
              [
                -3.20243890465852,
                54.2115351211003
              ],
              [
                -3.20271438634452,
                54.2117194730689
              ],
              [
                -3.20322243195162,
                54.2121945078087
              ],
              [
                -3.20328191129382,
                54.2123345420294
              ],
              [
                -3.17969915557214,
                54.2388182522363
              ],
              [
                -3.19773549984822,
                54.2289034852771
              ],
              [
                -3.21030869619399,
                54.2540462963644
              ],
              [
                -3.22911797982576,
                54.259971518781
              ],
              [
                -3.22783621329278,
                54.277720193151
              ],
              [
                -3.22995091359922,
                54.2714087702435
              ],
              [
                -3.23048130163782,
                54.269825504134
              ],
              [
                -3.23369265742788,
                54.2602364192423
              ],
              [
                -3.22951765832967,
                54.2568522887296
              ],
              [
                -3.22294835847883,
                54.2515259659469
              ],
              [
                -3.2293124639304,
                54.2499597360854
              ],
              [
                -3.24367029073434,
                54.2464245563284
              ],
              [
                -3.2292890127418,
                54.2491719894618
              ],
              [
                -3.22818031366543,
                54.2493837124131
              ],
              [
                -3.22571208631929,
                54.2397525788202
              ],
              [
                -3.2289453854465,
                54.2376324818663
              ],
              [
                -3.26587127395947,
                54.2133984120622
              ],
              [
                -3.2541228942307,
                54.2103008739541
              ],
              [
                -3.25149845296001,
                54.2158306532035
              ],
              [
                -3.24515518496636,
                54.2093030840329
              ],
              [
                -3.23928635744296,
                54.2032616169797
              ],
              [
                -3.2542342141569,
                54.1915431463608
              ],
              [
                -3.28769043874587,
                54.1970702104829
              ],
              [
                -3.29798674862024,
                54.1886521672285
              ],
              [
                -3.32170584053956,
                54.1902610767944
              ],
              [
                -3.34201556769913,
                54.2082636656426
              ],
              [
                -3.3937258199445,
                54.254012732609
              ],
              [
                -3.42115452868439,
                54.2846577465773
              ],
              [
                -3.42363800941761,
                54.3383576444947
              ],
              [
                -3.4101277752554,
                54.3503866008293
              ],
              [
                -3.41730341090879,
                54.3489752972815
              ],
              [
                -3.43529628991901,
                54.3434114239537
              ],
              [
                -3.47844140337371,
                54.3864297759372
              ],
              [
                -3.50299686661292,
                54.410865477472
              ],
              [
                -3.54342906455996,
                54.4410225151858
              ],
              [
                -3.63893556022754,
                54.5120256565
              ],
              [
                -3.61327858537943,
                54.52526104822
              ],
              [
                -3.60930941750901,
                54.5300822358293
              ],
              [
                -3.60777703193004,
                54.530997062542
              ],
              [
                -3.60680056850898,
                54.5331289802351
              ],
              [
                -3.59110971859601,
                54.5521726012426
              ],
              [
                -3.58627507708491,
                54.5648203728198
              ],
              [
                -3.57254999513099,
                54.6006838011119
              ],
              [
                -3.57254544065115,
                54.6006956903336
              ],
              [
                -3.56587887249883,
                54.6122861571757
              ],
              [
                -3.57992389218566,
                54.6523060920189
              ],
              [
                -3.57171229927862,
                54.6509051428349
              ],
              [
                -3.55127011652365,
                54.6481249624143
              ],
              [
                -3.54433497279801,
                54.6471808933761
              ],
              [
                -3.55127224775831,
                54.6481808628605
              ],
              [
                -3.57147903960021,
                54.6510910053838
              ],
              [
                -3.55197517936895,
                54.6666242452353
              ],
              [
                -3.51920505144643,
                54.6926894926611
              ],
              [
                -3.51447352713873,
                54.7066553697827
              ],
              [
                -3.50767347554451,
                54.7168333743016
              ],
              [
                -3.49393308709911,
                54.7125184472826
              ],
              [
                -3.50728814335284,
                54.7174099593447
              ],
              [
                -3.5068725608071,
                54.7180317909824
              ],
              [
                -3.45820419871226,
                54.7461835943043
              ],
              [
                -3.43685965608264,
                54.7585120844487
              ],
              [
                -3.43776337258913,
                54.8019042667282
              ],
              [
                -3.39985761369859,
                54.8674151087279
              ],
              [
                -3.36746156706288,
                54.8910734577315
              ],
              [
                -3.33804122038995,
                54.9002767899942
              ],
              [
                -3.28562570151192,
                54.8783055047679
              ],
              [
                -3.28725743594504,
                54.8914923618915
              ],
              [
                -3.27504591743596,
                54.887843128532
              ],
              [
                -3.26245923201949,
                54.8951146594896
              ],
              [
                -3.26381188530612,
                54.8890849277589
              ],
              [
                -3.24953878049435,
                54.900720788546
              ],
              [
                -3.2524478404842,
                54.9111949093329
              ],
              [
                -3.27172937887403,
                54.8995153933415
              ],
              [
                -3.3085081624768,
                54.9116348441626
              ],
              [
                -3.31428356394279,
                54.920337908949
              ],
              [
                -3.30420390997731,
                54.9276803936323
              ],
              [
                -3.28514248535685,
                54.9415560740503
              ],
              [
                -3.26528062149076,
                54.9430441773097
              ],
              [
                -3.26884482459651,
                54.9370780584733
              ],
              [
                -3.25043929843779,
                54.9450961665021
              ],
              [
                -3.2320871627843,
                54.9530850761517
              ],
              [
                -3.20439693663033,
                54.9537395666458
              ],
              [
                -3.1533959961971,
                54.9318759189806
              ],
              [
                -3.13806478862484,
                54.9293505398519
              ],
              [
                -3.11902743755375,
                54.9262115300162
              ],
              [
                -3.11879493423356,
                54.926173172021
              ],
              [
                -3.11867455103816,
                54.9257589680605
              ],
              [
                -3.11892992730106,
                54.9255491101816
              ],
              [
                -3.11893287220157,
                54.9253835097316
              ],
              [
                -3.08408944561687,
                54.9298441587863
              ],
              [
                -3.08408551863858,
                54.9298446611244
              ],
              [
                -3.11893710302109,
                54.9345742390878
              ],
              [
                -3.12519823867729,
                54.9440475649654
              ],
              [
                -3.11389274184139,
                54.9407055175213
              ],
              [
                -3.12194805886279,
                54.9445392650283
              ],
              [
                -3.11419408923445,
                54.9471963820299
              ],
              [
                -3.12707163914032,
                54.9509161969461
              ],
              [
                -3.09570457133573,
                54.9462220083055
              ],
              [
                -3.1038154099739,
                54.9486017433685
              ],
              [
                -3.11727194238696,
                54.9559112512268
              ],
              [
                -3.10559929269964,
                54.9506683232946
              ],
              [
                -3.11160806179721,
                54.9576275385974
              ],
              [
                -3.08541802549692,
                54.9651669538808
              ],
              [
                -3.06334983539053,
                54.9834909761379
              ],
              [
                -3.06034227956666,
                54.9845184222752
              ],
              [
                -3.04969911916711,
                54.9835262704362
              ],
              [
                -3.04831472102066,
                54.9833971444488
              ],
              [
                -3.05306491980804,
                54.9920964306222
              ],
              [
                -3.02587493166416,
                55.0364588169974
              ],
              [
                -3.05341969197789,
                55.0472840381078
              ],
              [
                -3.05092854160806,
                55.0528035971603
              ],
              [
                -2.95859356801058,
                55.0492945920894
              ],
              [
                -2.93640742377874,
                55.0595859282067
              ],
              [
                -2.94042911604544,
                55.0691281603501
              ],
              [
                -2.89687924721878,
                55.0779496469859
              ],
              [
                -2.88629245338616,
                55.0948098947344
              ],
              [
                -2.85854113574194,
                55.1083487966519
              ],
              [
                -2.82760794396969,
                55.1248368687166
              ],
              [
                -2.82550257520544,
                55.1383140714092
              ],
              [
                -2.78487492211834,
                55.1417752165941
              ],
              [
                -2.70340462667013,
                55.1732113000658
              ],
              [
                -2.68979023468094,
                55.1889842109072
              ],
              [
                -2.67455532375497,
                55.1758914671251
              ],
              [
                -2.67732441003321,
                55.1554875886356
              ],
              [
                -2.65693941786685,
                55.1361318311774
              ],
              [
                -2.59890282489753,
                55.124575716773
              ],
              [
                -2.59353940991365,
                55.1050960585006
              ],
              [
                -2.5684260078781,
                55.0962614131911
              ]
            ]
          ]
        ]
      },
      "properties": {
        "name": "North West",
        "code": "E12000002",
        "slug": "north-west"
      }
    },
    {
      "type": "Feature",
      "geometry": {
        "type": "MultiPolygon",
        "coordinates": [
          [
            [
              [
                -0.520770416932692,
                53.685218805142
              ],
              [
                -0.535747782707119,
                53.6812564238732
              ],
              [
                -0.553717066774106,
                53.6903324578181
              ],
              [
                -0.520770416932692,
                53.685218805142
              ]
            ]
          ],
          [
            [
              [
                -0.764776936415167,
                54.5482499883095
              ],
              [
                -0.743495645419185,
                54.5281982698166
              ],
              [
                -0.735493261638811,
                54.5299859144733
              ],
              [
                -0.71276877732198,
                54.53301406809
              ],
              [
                -0.699120602058694,
                54.5270584401578
              ],
              [
                -0.692782844332321,
                54.5206924991896
              ],
              [
                -0.683472315932026,
                54.5202260065985
              ],
              [
                -0.682059034739363,
                54.519608721848
              ],
              [
                -0.670416084425388,
                54.5007706776705
              ],
              [
                -0.627001976046115,
                54.4958232025685
              ],
              [
                -0.609623934496545,
                54.4932676800279
              ],
              [
                -0.573523820057073,
                54.4812848832377
              ],
              [
                -0.551096226317578,
                54.4673383341002
              ],
              [
                -0.526403060214284,
                54.4501406388408
              ],
              [
                -0.527405822370527,
                54.4391795697804
              ],
              [
                -0.532719092710363,
                54.4334461436296
              ],
              [
                -0.528639108909448,
                54.4256915335949
              ],
              [
                -0.528715067851505,
                54.4248604940432
              ],
              [
                -0.527928757966168,
                54.424341098855
              ],
              [
                -0.524202393807298,
                54.4172554773861
              ],
              [
                -0.51178559888683,
                54.4136737489926
              ],
              [
                -0.503741190307015,
                54.4083551737812
              ],
              [
                -0.497689998330275,
                54.4096054621681
              ],
              [
                -0.490976421840215,
                54.4076669348829
              ],
              [
                -0.463607051390559,
                54.3890325346196
              ],
              [
                -0.461667198973488,
                54.3859699895696
              ],
              [
                -0.461490892254704,
                54.3856916207428
              ],
              [
                -0.432691541513805,
                54.34016683802
              ],
              [
                -0.417081352345487,
                54.3314439992184
              ],
              [
                -0.407436469873212,
                54.293461534521
              ],
              [
                -0.384767305901954,
                54.2882246240693
              ],
              [
                -0.384878099180864,
                54.2880652360204
              ],
              [
                -0.396691450227985,
                54.2745273211795
              ],
              [
                -0.368720227951879,
                54.2484565836337
              ],
              [
                -0.366138029867442,
                54.2476599934333
              ],
              [
                -0.365826894634149,
                54.2473646153896
              ],
              [
                -0.354894554091105,
                54.2441904635008
              ],
              [
                -0.265490680928807,
                54.2165440171576
              ],
              [
                -0.266569193889507,
                54.2161436060182
              ],
              [
                -0.27516867065335,
                54.2167773752735
              ],
              [
                -0.27798686978467,
                54.2119035512372
              ],
              [
                -0.28382256446133,
                54.2097356340158
              ],
              [
                -0.282278468825178,
                54.2044789544965
              ],
              [
                -0.283107538449197,
                54.2030442604698
              ],
              [
                -0.2811705341814,
                54.2007063325801
              ],
              [
                -0.276889815207312,
                54.1861241500665
              ],
              [
                -0.262082971483565,
                54.1769484983245
              ],
              [
                -0.245193486151483,
                54.1664751226429
              ],
              [
                -0.212663155870419,
                54.1577332582064
              ],
              [
                -0.21250985500759,
                54.1576920315072
              ],
              [
                -0.164362601894592,
                54.145855506289
              ],
              [
                -0.0969870541091598,
                54.1292484159373
              ],
              [
                -0.0808136991529905,
                54.1194865660406
              ],
              [
                -0.0763046353875034,
                54.1163599885322
              ],
              [
                -0.104481722829401,
                54.1041455586961
              ],
              [
                -0.166436540180453,
                54.0988956934094
              ],
              [
                -0.166815043322521,
                54.0988635166967
              ],
              [
                -0.175401125356379,
                54.0908853005498
              ],
              [
                -0.19118582166173,
                54.0812001143747
              ],
              [
                -0.200198399007579,
                54.0678222099759
              ],
              [
                -0.2122825754419,
                54.056571764904
              ],
              [
                -0.2128365261777,
                54.0227232356205
              ],
              [
                -0.213085827109281,
                54.0074592239346
              ],
              [
                -0.17365331048871,
                53.9343887242889
              ],
              [
                -0.156013256944389,
                53.901613991964
              ],
              [
                -0.147155160534218,
                53.8932394826082
              ],
              [
                -0.147048574947464,
                53.8930491066516
              ],
              [
                -0.145985257606318,
                53.8921331498699
              ],
              [
                -0.0920816174976036,
                53.8410835599411
              ],
              [
                -0.0371256689628836,
                53.7888857317849
              ],
              [
                0.116534301060207,
                53.6631060893303
              ],
              [
                0.117246141518251,
                53.6617543913548
              ],
              [
                0.119360621223763,
                53.6577387395218
              ],
              [
                0.145639402472557,
                53.6077671959009
              ],
              [
                0.146157876058011,
                53.604127800774
              ],
              [
                0.144973684675415,
                53.5987228765755
              ],
              [
                0.141991934105466,
                53.5957143326263
              ],
              [
                0.112915084994529,
                53.5751046427416
              ],
              [
                0.109104688049282,
                53.5724016830162
              ],
              [
                0.109160549649278,
                53.5724983423774
              ],
              [
                0.112925046562089,
                53.5753046684779
              ],
              [
                0.142476631948672,
                53.5973164018345
              ],
              [
                0.144683014745932,
                53.6046075585009
              ],
              [
                0.142362087358663,
                53.6094371075201
              ],
              [
                0.115317153068856,
                53.6232092270656
              ],
              [
                0.0814282897085216,
                53.6404455319599
              ],
              [
                0.032466990101256,
                53.6493460269469
              ],
              [
                -0.0534067460370155,
                53.6291936768377
              ],
              [
                -0.0558408143194678,
                53.629322706538
              ],
              [
                -0.103431308926768,
                53.6352852216838
              ],
              [
                -0.143677489340199,
                53.6621051518699
              ],
              [
                -0.184283928069472,
                53.6891173423134
              ],
              [
                -0.214019080189804,
                53.7088674203552
              ],
              [
                -0.227145797843287,
                53.7084958058231
              ],
              [
                -0.230224209345142,
                53.7335530878086
              ],
              [
                -0.243074244918635,
                53.7294645897748
              ],
              [
                -0.244332662375844,
                53.737176328877
              ],
              [
                -0.24404064312769,
                53.7375320406914
              ],
              [
                -0.247304680963925,
                53.741171379243
              ],
              [
                -0.245133176693209,
                53.736558972453
              ],
              [
                -0.250157330898549,
                53.7333098262579
              ],
              [
                -0.251333475045609,
                53.7336077984739
              ],
              [
                -0.286639848236336,
                53.7425452088414
              ],
              [
                -0.331215339638069,
                53.7383128269093
              ],
              [
                -0.419109371987189,
                53.7196022685952
              ],
              [
                -0.419208056089771,
                53.7195812131816
              ],
              [
                -0.486294740293649,
                53.713539900582
              ],
              [
                -0.5425646281524,
                53.7084428366784
              ],
              [
                -0.583338025607579,
                53.7266004666856
              ],
              [
                -0.630217952673536,
                53.7339935237043
              ],
              [
                -0.637248965592212,
                53.7288934521935
              ],
              [
                -0.618534438742856,
                53.7305102383722
              ],
              [
                -0.671611925249658,
                53.7218427376864
              ],
              [
                -0.695979861616848,
                53.7043619833408
              ],
              [
                -0.742598590885512,
                53.7069815202673
              ],
              [
                -0.712492069703981,
                53.70233466434
              ],
              [
                -0.698526469655605,
                53.6977334739349
              ],
              [
                -0.70997840572146,
                53.6958644211927
              ],
              [
                -0.699725310021524,
                53.695693402952
              ],
              [
                -0.699125441023546,
                53.6902967578967
              ],
              [
                -0.698493650530407,
                53.6846112388913
              ],
              [
                -0.691738953857308,
                53.6787532983625
              ],
              [
                -0.684916026503531,
                53.6728342894742
              ],
              [
                -0.694908836006212,
                53.6945228861888
              ],
              [
                -0.639504133831456,
                53.7101691883233
              ],
              [
                -0.610655001720264,
                53.7144582488403
              ],
              [
                -0.586254456949993,
                53.6933387517975
              ],
              [
                -0.523512658257057,
                53.676993729995
              ],
              [
                -0.487081675840563,
                53.6916101484223
              ],
              [
                -0.470575723155825,
                53.6982254614
              ],
              [
                -0.443415969622763,
                53.697354177994
              ],
              [
                -0.442844430351081,
                53.6892812187954
              ],
              [
                -0.442570645356894,
                53.6973313244497
              ],
              [
                -0.39494446993873,
                53.7000482121951
              ],
              [
                -0.390496302212485,
                53.6892467239751
              ],
              [
                -0.387605025716467,
                53.702188828987
              ],
              [
                -0.294150161628874,
                53.7141415034539
              ],
              [
                -0.252344264311787,
                53.6809904578133
              ],
              [
                -0.237855982165026,
                53.6635711523267
              ],
              [
                -0.203327419485507,
                53.6420377237482
              ],
              [
                -0.20079219060829,
                53.6400205467187
              ],
              [
                -0.200723603455493,
                53.6399659706776
              ],
              [
                -0.186723670595115,
                53.6322771546108
              ],
              [
                -0.0938439619329072,
                53.5811556843519
              ],
              [
                -0.0792728736743649,
                53.5769564425907
              ],
              [
                -0.0649567017794863,
                53.583372144715
              ],
              [
                -0.0623632705578523,
                53.5827124458404
              ],
              [
                -0.0150376667550763,
                53.5515090592434
              ],
              [
                -0.0035200292353848,
                53.5467196070987
              ],
              [
                -0.00854107572778755,
                53.5556690391326
              ],
              [
                0.015357143585453,
                53.5281192416031
              ],
              [
                -0.0147992888545281,
                53.5153685719968
              ],
              [
                -0.0650454105688497,
                53.5187396577672
              ],
              [
                -0.0752620038904992,
                53.4893357390255
              ],
              [
                -0.0954884503108306,
                53.4859889956556
              ],
              [
                -0.0898037354971995,
                53.4776824152971
              ],
              [
                -0.10782063241139,
                53.4698627568227
              ],
              [
                -0.0822093450711558,
                53.4511510054798
              ],
              [
                -0.120343715720513,
                53.433564923368
              ],
              [
                -0.131879272038797,
                53.4359393964409
              ],
              [
                -0.149227746736442,
                53.446699664488
              ],
              [
                -0.153680016923717,
                53.4656777570993
              ],
              [
                -0.181804717740498,
                53.4686494113505
              ],
              [
                -0.188565229273785,
                53.4845380575922
              ],
              [
                -0.210604976109368,
                53.4862884751381
              ],
              [
                -0.204086448790055,
                53.5117673419101
              ],
              [
                -0.210589579218055,
                53.5317064641017
              ],
              [
                -0.219879989463282,
                53.5326100479032
              ],
              [
                -0.189340889906649,
                53.5659225885237
              ],
              [
                -0.195185374970214,
                53.5716193566946
              ],
              [
                -0.22255890129209,
                53.5680169282609
              ],
              [
                -0.234668675156214,
                53.5862504193957
              ],
              [
                -0.251395553372754,
                53.5846530769857
              ],
              [
                -0.24847604907361,
                53.593663691688
              ],
              [
                -0.292115129161193,
                53.6132674312166
              ],
              [
                -0.308555246739309,
                53.6143287578572
              ],
              [
                -0.300743140905217,
                53.5952836309741
              ],
              [
                -0.335938821094677,
                53.5586265913365
              ],
              [
                -0.416962972953907,
                53.5632146898932
              ],
              [
                -0.429001046046789,
                53.5745247142208
              ],
              [
                -0.467018371437879,
                53.5489606914837
              ],
              [
                -0.490919376490564,
                53.5458744536133
              ],
              [
                -0.501257852861231,
                53.5374615766078
              ],
              [
                -0.430664749887905,
                53.5463371564541
              ],
              [
                -0.408145080459695,
                53.5321088676971
              ],
              [
                -0.405074524830151,
                53.5176169024623
              ],
              [
                -0.488383657821996,
                53.5048602236026
              ],
              [
                -0.486630004727343,
                53.4804701668812
              ],
              [
                -0.471749465222412,
                53.4748729017664
              ],
              [
                -0.551791237316693,
                53.4595200188746
              ],
              [
                -0.629752674949085,
                53.4582189924581
              ],
              [
                -0.624491104400131,
                53.512839214855
              ],
              [
                -0.739591684118626,
                53.5199359481765
              ],
              [
                -0.752113860480161,
                53.5005306077545
              ],
              [
                -0.768109606058024,
                53.4989256083382
              ],
              [
                -0.771568244935175,
                53.479201559763
              ],
              [
                -0.784388777567045,
                53.4766692148169
              ],
              [
                -0.784364875033277,
                53.4633795456972
              ],
              [
                -0.797483349537156,
                53.4550644460093
              ],
              [
                -0.871919281432214,
                53.466310803053
              ],
              [
                -0.916249020723134,
                53.4602956888135
              ],
              [
                -0.920246794224176,
                53.4655076505672
              ],
              [
                -0.9004706270826,
                53.4751558663774
              ],
              [
                -0.935564625288195,
                53.5025165284893
              ],
              [
                -0.953259205565056,
                53.4844235292861
              ],
              [
                -0.985978085087804,
                53.4716733710931
              ],
              [
                -0.995669798894032,
                53.4369266834287
              ],
              [
                -1.01434673953332,
                53.4262954965626
              ],
              [
                -1.03051529483494,
                53.4251953103907
              ],
              [
                -1.0309498187762,
                53.4309795254991
              ],
              [
                -1.08043943279743,
                53.426867859038
              ],
              [
                -1.11604100600924,
                53.407349353793
              ],
              [
                -1.11557938042578,
                53.3971857498969
              ],
              [
                -1.13460768886107,
                53.3900315644207
              ],
              [
                -1.13053708984926,
                53.3755712186089
              ],
              [
                -1.14603291441165,
                53.3690411448824
              ],
              [
                -1.13853968203233,
                53.3559075133134
              ],
              [
                -1.16261328764136,
                53.3568438620188
              ],
              [
                -1.15684339220656,
                53.3449694993649
              ],
              [
                -1.14100746087464,
                53.3467476771044
              ],
              [
                -1.13871810210376,
                53.3413828108768
              ],
              [
                -1.19974106069052,
                53.3114394535026
              ],
              [
                -1.20323904686049,
                53.3042232405794
              ],
              [
                -1.23068793445144,
                53.308559735073
              ],
              [
                -1.2438683827737,
                53.3015697912915
              ],
              [
                -1.28201141324174,
                53.3094625893165
              ],
              [
                -1.29567816421914,
                53.3150369715531
              ],
              [
                -1.28858902654107,
                53.3262280540006
              ],
              [
                -1.29902301015448,
                53.3325116364699
              ],
              [
                -1.32466917491423,
                53.3288100139795
              ],
              [
                -1.3377510519613,
                53.3158480511117
              ],
              [
                -1.38673871273592,
                53.3176321345653
              ],
              [
                -1.3865715460456,
                53.3349025063664
              ],
              [
                -1.41103390673647,
                53.3419924920667
              ],
              [
                -1.42086649613,
                53.3345679515529
              ],
              [
                -1.44197211462372,
                53.3374924881712
              ],
              [
                -1.45988027916359,
                53.3306893682185
              ],
              [
                -1.45522778964177,
                53.3218691594811
              ],
              [
                -1.4679128327397,
                53.3171200548681
              ],
              [
                -1.50213193955503,
                53.317582076396
              ],
              [
                -1.5367688622067,
                53.3047486735244
              ],
              [
                -1.56173061193943,
                53.30641356575
              ],
              [
                -1.56173104513262,
                53.3159708920495
              ],
              [
                -1.5805338958711,
                53.3117380892246
              ],
              [
                -1.58490201019108,
                53.3215879514643
              ],
              [
                -1.59909327897252,
                53.3113181987842
              ],
              [
                -1.60920158448499,
                53.3226639610584
              ],
              [
                -1.62549374450584,
                53.316423978807
              ],
              [
                -1.63272698677736,
                53.320839212062
              ],
              [
                -1.61230306159697,
                53.343218669784
              ],
              [
                -1.5905479543552,
                53.3459209852398
              ],
              [
                -1.66354854039897,
                53.3665951654561
              ],
              [
                -1.65381782186689,
                53.3919108271067
              ],
              [
                -1.70496532088341,
                53.405055973056
              ],
              [
                -1.70853223309689,
                53.4173394742097
              ],
              [
                -1.73976196210261,
                53.4209879155366
              ],
              [
                -1.74532296725637,
                53.4621753961086
              ],
              [
                -1.76843734147339,
                53.4647669318847
              ],
              [
                -1.80147063244941,
                53.4809917598487
              ],
              [
                -1.79628821898355,
                53.5031529896704
              ],
              [
                -1.82222878111609,
                53.5210909217998
              ],
              [
                -1.84182082823365,
                53.5199087793644
              ],
              [
                -1.87349262570148,
                53.5404296508165
              ],
              [
                -1.89410949217379,
                53.5336117783992
              ],
              [
                -1.90962083195551,
                53.5383909856456
              ],
              [
                -1.9128846428011,
                53.5516436140542
              ],
              [
                -1.94272585126574,
                53.5616412941097
              ],
              [
                -2.00947078713106,
                53.6167795102388
              ],
              [
                -2.02303595762635,
                53.6158394769076
              ],
              [
                -2.02681573905277,
                53.6241671461045
              ],
              [
                -2.0512421731911,
                53.6836917604429
              ],
              [
                -2.09290647703388,
                53.6701611248292
              ],
              [
                -2.1180850092304,
                53.6712452250585
              ],
              [
                -2.13412727235101,
                53.6857340299735
              ],
              [
                -2.14225754958587,
                53.6780058071673
              ],
              [
                -2.14632807590206,
                53.682231530347
              ],
              [
                -2.17329358668748,
                53.7230116830117
              ],
              [
                -2.13117443618115,
                53.7515444474766
              ],
              [
                -2.13636274882185,
                53.7801044586254
              ],
              [
                -2.12481550058915,
                53.7880553415977
              ],
              [
                -2.12835851818789,
                53.7990313029985
              ],
              [
                -2.11227899053225,
                53.8057083891251
              ],
              [
                -2.06125057169866,
                53.825635481964
              ],
              [
                -2.04692463706631,
                53.8295102810523
              ],
              [
                -2.04613032171359,
                53.8501412464583
              ],
              [
                -2.08991499194819,
                53.8681819720455
              ],
              [
                -2.08144705819811,
                53.8756803214612
              ],
              [
                -2.10301894796253,
                53.8909412962507
              ],
              [
                -2.11334616135293,
                53.9156268544821
              ],
              [
                -2.13222410689956,
                53.9265088503224
              ],
              [
                -2.18228142410805,
                53.9353902718938
              ],
              [
                -2.18452239163842,
                53.9522641292015
              ],
              [
                -2.19601836749843,
                53.9695758455182
              ],
              [
                -2.22573625585147,
                53.9610994519697
              ],
              [
                -2.23201544739717,
                53.9712299759755
              ],
              [
                -2.2210627540429,
                53.9779275810376
              ],
              [
                -2.23034529433424,
                53.9815303426219
              ],
              [
                -2.29431971644119,
                53.9744329540687
              ],
              [
                -2.31915123811882,
                53.9938420173094
              ],
              [
                -2.33992318436833,
                53.9894277135701
              ],
              [
                -2.35235757480551,
                53.9946737852099
              ],
              [
                -2.35231031317863,
                54.0105389049918
              ],
              [
                -2.33956003668189,
                54.0094333176003
              ],
              [
                -2.35732329416741,
                54.0191170938826
              ],
              [
                -2.37407297715972,
                54.0490890614661
              ],
              [
                -2.42582648983288,
                54.0380949102925
              ],
              [
                -2.46954984634616,
                54.0462122422033
              ],
              [
                -2.46434741775288,
                54.0752794330086
              ],
              [
                -2.50952601849528,
                54.0954253298731
              ],
              [
                -2.52400965395696,
                54.0946224801885
              ],
              [
                -2.56474072529231,
                54.1270377052005
              ],
              [
                -2.56050449737639,
                54.1530521175321
              ],
              [
                -2.53397895530311,
                54.1576927128776
              ],
              [
                -2.46086273484394,
                54.2267161360672
              ],
              [
                -2.40563193680719,
                54.2249151690032
              ],
              [
                -2.39677965225249,
                54.2393810797039
              ],
              [
                -2.37302060410943,
                54.2400989043822
              ],
              [
                -2.36231711509247,
                54.2497526288087
              ],
              [
                -2.33765745303457,
                54.2375990705306
              ],
              [
                -2.31909631949867,
                54.2571558301853
              ],
              [
                -2.32452246431824,
                54.3031836220921
              ],
              [
                -2.30984140863991,
                54.3243149774976
              ],
              [
                -2.36771223911441,
                54.3560706152496
              ],
              [
                -2.34464790841351,
                54.3596285098932
              ],
              [
                -2.31704255658939,
                54.3763105185696
              ],
              [
                -2.2974404079777,
                54.3768987653402
              ],
              [
                -2.29178388191965,
                54.3909045154006
              ],
              [
                -2.30550673679387,
                54.397120065325
              ],
              [
                -2.30814588995346,
                54.4197937724596
              ],
              [
                -2.29286520125281,
                54.4393074909511
              ],
              [
                -2.24953922329874,
                54.4519434353475
              ],
              [
                -2.18931554536681,
                54.4489784731566
              ],
              [
                -2.17750847989616,
                54.4616256756402
              ],
              [
                -2.17021302341009,
                54.4581987855814
              ],
              [
                -2.11659617374357,
                54.4622634779758
              ],
              [
                -2.04319843418734,
                54.4835994484373
              ],
              [
                -2.04472952149334,
                54.4751862733078
              ],
              [
                -1.99676437249469,
                54.4669034483454
              ],
              [
                -1.97005959181258,
                54.4515215410208
              ],
              [
                -1.94254323626911,
                54.4533953550002
              ],
              [
                -1.85912998438283,
                54.4818579024252
              ],
              [
                -1.85780051144888,
                54.503539794396
              ],
              [
                -1.83943329268704,
                54.5084372364965
              ],
              [
                -1.7929764841364,
                54.4844924296075
              ],
              [
                -1.77613231485782,
                54.5067285041672
              ],
              [
                -1.77969652860647,
                54.531872994817
              ],
              [
                -1.73309136189947,
                54.5277364132379
              ],
              [
                -1.72131088981147,
                54.5423017252916
              ],
              [
                -1.69692636354541,
                54.5360064297147
              ],
              [
                -1.65793716560764,
                54.5345889230991
              ],
              [
                -1.65467519936764,
                54.5246500970658
              ],
              [
                -1.63377378147463,
                54.5253643798556
              ],
              [
                -1.63332908642646,
                54.5141114023806
              ],
              [
                -1.61148472706396,
                54.5200007869525
              ],
              [
                -1.60263741568541,
                54.5105816513312
              ],
              [
                -1.58106853741621,
                54.5128456586148
              ],
              [
                -1.5918807025688,
                54.5043008605634
              ],
              [
                -1.57921485380734,
                54.5051876844863
              ],
              [
                -1.58298032825201,
                54.4971007328169
              ],
              [
                -1.55519520906131,
                54.4849781907925
              ],
              [
                -1.54567271781715,
                54.4712384758728
              ],
              [
                -1.51983281095693,
                54.4710470159361
              ],
              [
                -1.52883695101345,
                54.4848137386226
              ],
              [
                -1.51413191899894,
                54.4837750912496
              ],
              [
                -1.51134080604103,
                54.4750122607667
              ],
              [
                -1.49177548206257,
                54.486200491717
              ],
              [
                -1.49905229172371,
                54.4756782312392
              ],
              [
                -1.47537275450978,
                54.4738451789035
              ],
              [
                -1.47205221947318,
                54.4555996004691
              ],
              [
                -1.45615000927719,
                54.4524492549818
              ],
              [
                -1.46279137012721,
                54.4613922615137
              ],
              [
                -1.45341385015052,
                54.4660154353908
              ],
              [
                -1.46379873425492,
                54.4735508524636
              ],
              [
                -1.45919258759602,
                54.49426802104
              ],
              [
                -1.47455794258184,
                54.5007110836224
              ],
              [
                -1.45850783644379,
                54.5039188888445
              ],
              [
                -1.43490529222604,
                54.4874931710252
              ],
              [
                -1.43211777207151,
                54.479454565172
              ],
              [
                -1.4127863622095,
                54.4771953983173
              ],
              [
                -1.4070888004288,
                54.4935296381495
              ],
              [
                -1.39505004776972,
                54.4856799721371
              ],
              [
                -1.38101055094491,
                54.4940289315663
              ],
              [
                -1.37256157635986,
                54.4723074609222
              ],
              [
                -1.36441713758622,
                54.465952408782
              ],
              [
                -1.3449150344902,
                54.4724080092603
              ],
              [
                -1.34362896171184,
                54.4641554130302
              ],
              [
                -1.30033745632526,
                54.4758498834375
              ],
              [
                -1.28097851344655,
                54.4904431183313
              ],
              [
                -1.25740307371,
                54.4873218291368
              ],
              [
                -1.25667466779605,
                54.5011079127846
              ],
              [
                -1.2348659056463,
                54.5103160445539
              ],
              [
                -1.14619694918505,
                54.5028216114721
              ],
              [
                -1.11838000658732,
                54.498198569694
              ],
              [
                -1.0945238497457,
                54.5067598353886
              ],
              [
                -1.0368514550717,
                54.4940440605297
              ],
              [
                -1.00340105302893,
                54.5030121002871
              ],
              [
                -0.952951598811726,
                54.4880355481098
              ],
              [
                -0.880825023321814,
                54.4970468603547
              ],
              [
                -0.848530740694743,
                54.4879729367657
              ],
              [
                -0.848647297024731,
                54.5300038288166
              ],
              [
                -0.826984924910034,
                54.5485750992735
              ],
              [
                -0.80041918962436,
                54.5510109253916
              ],
              [
                -0.791803877555535,
                54.5583130613896
              ],
              [
                -0.784593493458103,
                54.5579300449017
              ],
              [
                -0.766824300671492,
                54.5501778435614
              ],
              [
                -0.764776936415167,
                54.5482499883095
              ]
            ]
          ]
        ]
      },
      "properties": {
        "name": "Yorkshire and The Humber",
        "code": "E12000003",
        "slug": "yorkshire-and-the-humber"
      }
    },
    {
      "type": "Feature",
      "geometry": {
        "type": "Polygon",
        "coordinates": [
          [
            [
              -0.24847604907361,
              53.593663691688
            ],
            [
              -0.251395553372754,
              53.5846530769857
            ],
            [
              -0.234668675156214,
              53.5862504193957
            ],
            [
              -0.22255890129209,
              53.5680169282609
            ],
            [
              -0.195185374970214,
              53.5716193566946
            ],
            [
              -0.189340889906649,
              53.5659225885237
            ],
            [
              -0.219879989463282,
              53.5326100479032
            ],
            [
              -0.210589579218055,
              53.5317064641017
            ],
            [
              -0.204086448790055,
              53.5117673419101
            ],
            [
              -0.210604976109368,
              53.4862884751381
            ],
            [
              -0.188565229273785,
              53.4845380575922
            ],
            [
              -0.181804717740498,
              53.4686494113505
            ],
            [
              -0.153680016923717,
              53.4656777570993
            ],
            [
              -0.149227746736442,
              53.446699664488
            ],
            [
              -0.131879272038797,
              53.4359393964409
            ],
            [
              -0.120343715720513,
              53.433564923368
            ],
            [
              -0.0822093450711558,
              53.4511510054798
            ],
            [
              -0.10782063241139,
              53.4698627568227
            ],
            [
              -0.0898037354971995,
              53.4776824152971
            ],
            [
              -0.0954884503108306,
              53.4859889956556
            ],
            [
              -0.0752620038904992,
              53.4893357390255
            ],
            [
              -0.0650454105688497,
              53.5187396577672
            ],
            [
              -0.0147992888545281,
              53.5153685719968
            ],
            [
              0.015357143585453,
              53.5281192416031
            ],
            [
              0.0176321788048739,
              53.5254945037519
            ],
            [
              0.033515163314866,
              53.5221441135072
            ],
            [
              0.0205627591001263,
              53.5184029341275
            ],
            [
              0.0353211871310188,
              53.5191807832125
            ],
            [
              0.0369208435615238,
              53.5105095102671
            ],
            [
              0.0360506270367877,
              53.5216864094736
            ],
            [
              0.0406982824205343,
              53.5079741624764
            ],
            [
              0.0444252157090361,
              53.514235242701
            ],
            [
              0.0610893460666,
              53.5123733072305
            ],
            [
              0.026825471511892,
              53.5297075705435
            ],
            [
              0.0765574144956877,
              53.5131733865858
            ],
            [
              0.0867144040014559,
              53.5156628353283
            ],
            [
              0.0844941024960737,
              53.4994310964174
            ],
            [
              0.0907336824820103,
              53.4919116726863
            ],
            [
              0.101288392020417,
              53.494570529067
            ],
            [
              0.100800187538196,
              53.484639295016
            ],
            [
              0.108409103901062,
              53.4844468543723
            ],
            [
              0.115104154046365,
              53.4842771244571
            ],
            [
              0.108620379667336,
              53.4887082368965
            ],
            [
              0.103865542402352,
              53.4919569622516
            ],
            [
              0.108669409896544,
              53.4896975205849
            ],
            [
              0.12129417721467,
              53.483757558627
            ],
            [
              0.108698149459087,
              53.4902773854317
            ],
            [
              0.102879150609792,
              53.493288239753
            ],
            [
              0.108887081626898,
              53.4940888169584
            ],
            [
              0.112879630590163,
              53.4946206524439
            ],
            [
              0.109371718165889,
              53.5038638004076
            ],
            [
              0.108894205897031,
              53.5051217078873
            ],
            [
              0.109426473979885,
              53.5049679288941
            ],
            [
              0.129307310551929,
              53.4992216126884
            ],
            [
              0.134575660198429,
              53.4849188904021
            ],
            [
              0.143210086871728,
              53.4854186420326
            ],
            [
              0.138647967656849,
              53.4948981144945
            ],
            [
              0.146701578780748,
              53.492935173145
            ],
            [
              0.166167939214643,
              53.4770987895844
            ],
            [
              0.17363292641706,
              53.4710219342405
            ],
            [
              0.165327314475239,
              53.4738142430195
            ],
            [
              0.179382144359134,
              53.4434414939819
            ],
            [
              0.190483007605043,
              53.4382965356019
            ],
            [
              0.175425306312557,
              53.436992609043
            ],
            [
              0.191214073255705,
              53.4374270995008
            ],
            [
              0.211050013199773,
              53.4173962760247
            ],
            [
              0.189482788016447,
              53.4173260105809
            ],
            [
              0.213084786958964,
              53.4166096923621
            ],
            [
              0.212519722545717,
              53.4160681488453
            ],
            [
              0.212144840407801,
              53.4160877016739
            ],
            [
              0.206382924850026,
              53.4101857061722
            ],
            [
              0.212232953954402,
              53.4157933100573
            ],
            [
              0.214375603613943,
              53.4086334436565
            ],
            [
              0.214157638630118,
              53.4159967845474
            ],
            [
              0.231398769564033,
              53.4024007949341
            ],
            [
              0.260508164263254,
              53.3592650888335
            ],
            [
              0.274451481734989,
              53.3322285592328
            ],
            [
              0.321807712127053,
              53.2664691635333
            ],
            [
              0.355613002082286,
              53.1920703875891
            ],
            [
              0.349380347131209,
              53.1140030975839
            ],
            [
              0.349234252704469,
              53.1121680937828
            ],
            [
              0.337989197869103,
              53.1017805096989
            ],
            [
              0.337605952200263,
              53.1014263789223
            ],
            [
              0.334087823171712,
              53.0867342125545
            ],
            [
              0.334949187283597,
              53.0943998313089
            ],
            [
              0.31919334336779,
              53.0917423829926
            ],
            [
              0.318864473430933,
              53.0910713569909
            ],
            [
              0.299240759520968,
              53.0907296033586
            ],
            [
              0.315671925228812,
              53.0887392092237
            ],
            [
              0.288436246155754,
              53.0757361182837
            ],
            [
              0.281788474340624,
              53.0801043298963
            ],
            [
              0.287476037310908,
              53.0748854558525
            ],
            [
              0.25719407557088,
              53.0637750500063
            ],
            [
              0.268903711100709,
              53.0631657504624
            ],
            [
              0.25823964876657,
              53.0564513065274
            ],
            [
              0.248824995771355,
              53.0521942986738
            ],
            [
              0.242867852092857,
              53.0571768592261
            ],
            [
              0.248588097239177,
              53.0518830267321
            ],
            [
              0.236045432937542,
              53.053053646841
            ],
            [
              0.244553084425172,
              53.0486200679428
            ],
            [
              0.199587103225463,
              53.0326456074655
            ],
            [
              0.199585324099437,
              53.0326447017105
            ],
            [
              0.151425047758128,
              53.0081071310955
            ],
            [
              0.0819162555065529,
              52.9412798211599
            ],
            [
              0.0797585453965785,
              52.939201344156
            ],
            [
              0.0723074637235936,
              52.9320220300728
            ],
            [
              0.0783789398117855,
              52.9320329379165
            ],
            [
              0.053181493260865,
              52.9161811154872
            ],
            [
              0.0383793820083871,
              52.905868897206
            ],
            [
              0.0381197832107578,
              52.9051792647965
            ],
            [
              0.027124639557576,
              52.8984938201396
            ],
            [
              0.0380752444572297,
              52.9050609460705
            ],
            [
              0.0374215637733987,
              52.9033243079725
            ],
            [
              0.0408309525256256,
              52.9065867619364
            ],
            [
              0.0685508565604842,
              52.9187349195736
            ],
            [
              0.069157797580135,
              52.9082155329059
            ],
            [
              0.0563762601847459,
              52.9033926260967
            ],
            [
              0.0733777427185805,
              52.9060848410489
            ],
            [
              0.0769905204523366,
              52.898074434521
            ],
            [
              0.0798194631651481,
              52.89753547004
            ],
            [
              0.145014386349435,
              52.8850924726062
            ],
            [
              0.136016531757814,
              52.8745208744602
            ],
            [
              0.150286836905936,
              52.8823932986521
            ],
            [
              0.176331510149807,
              52.8741162233266
            ],
            [
              0.214268020679957,
              52.82895136595
            ],
            [
              0.197208479704059,
              52.8297494007219
            ],
            [
              0.215079923686475,
              52.8284803920618
            ],
            [
              0.214918253284682,
              52.8228492730577
            ],
            [
              0.204372826517713,
              52.7815677995303
            ],
            [
              0.216813149561601,
              52.8208833998008
            ],
            [
              0.245249322896739,
              52.8221806017719
            ],
            [
              0.265742386926046,
              52.8139068482112
            ],
            [
              0.245084460578009,
              52.784523805895
            ],
            [
              0.272208555801162,
              52.7728063615
            ],
            [
              0.186323197484379,
              52.7353486304287
            ],
            [
              0.171626068464837,
              52.7380317024654
            ],
            [
              0.132975309410502,
              52.7393044771965
            ],
            [
              0.0890164630476403,
              52.7236308012968
            ],
            [
              0.0636266193206916,
              52.7273915085958
            ],
            [
              0.0441494760292555,
              52.7143823496203
            ],
            [
              0.0485664016375671,
              52.681401659302
            ],
            [
              0.0215003524278174,
              52.6648872875554
            ],
            [
              -0.0312706832247115,
              52.6615327439745
            ],
            [
              -0.0637138143368728,
              52.6752330946105
            ],
            [
              -0.087752503198597,
              52.6667860917744
            ],
            [
              -0.102195958173317,
              52.6722061953745
            ],
            [
              -0.14106199482318,
              52.6515074238731
            ],
            [
              -0.180020104938366,
              52.6605611585363
            ],
            [
              -0.192867813968712,
              52.6524385101436
            ],
            [
              -0.212501332962663,
              52.6666794921145
            ],
            [
              -0.260753908763581,
              52.6514179778649
            ],
            [
              -0.289240338532188,
              52.670276187598
            ],
            [
              -0.335037147727822,
              52.6748659736156
            ],
            [
              -0.350222338938467,
              52.6616146845578
            ],
            [
              -0.405681264519019,
              52.6480460962267
            ],
            [
              -0.452694588690005,
              52.6542776639245
            ],
            [
              -0.494773452953128,
              52.6403140717781
            ],
            [
              -0.470921180908155,
              52.6235593371385
            ],
            [
              -0.492664861408748,
              52.5819002624797
            ],
            [
              -0.478814868225147,
              52.5736451461549
            ],
            [
              -0.415381402678347,
              52.5787426388379
            ],
            [
              -0.407290921113568,
              52.5640548539069
            ],
            [
              -0.419593787297949,
              52.5589619550318
            ],
            [
              -0.401283297154244,
              52.5386846825105
            ],
            [
              -0.41360264078616,
              52.5256796136898
            ],
            [
              -0.354345203263394,
              52.506495071408
            ],
            [
              -0.359399580960367,
              52.4898590682185
            ],
            [
              -0.341590492473876,
              52.4669426264393
            ],
            [
              -0.370217036792488,
              52.4399302714048
            ],
            [
              -0.362408041008102,
              52.4335312771171
            ],
            [
              -0.417072832141305,
              52.4115991100394
            ],
            [
              -0.441509864468212,
              52.3849964334918
            ],
            [
              -0.495946267784951,
              52.3795155302665
            ],
            [
              -0.488518815815111,
              52.374023541922
            ],
            [
              -0.498701137705854,
              52.3601003490059
            ],
            [
              -0.477682425550585,
              52.3489199908052
            ],
            [
              -0.483264192761938,
              52.3409032965452
            ],
            [
              -0.466656737588569,
              52.3389275763867
            ],
            [
              -0.465365756514023,
              52.3229532812236
            ],
            [
              -0.519829880170178,
              52.3176925671775
            ],
            [
              -0.51405119572575,
              52.3146970761542
            ],
            [
              -0.541969414284238,
              52.289942445996
            ],
            [
              -0.531190184929433,
              52.2704024294568
            ],
            [
              -0.541971909007148,
              52.2560727485425
            ],
            [
              -0.565693055132987,
              52.2534682255308
            ],
            [
              -0.603337324928295,
              52.2788024381883
            ],
            [
              -0.653655470981071,
              52.2682893062583
            ],
            [
              -0.637331621538754,
              52.2273176317053
            ],
            [
              -0.668135637658982,
              52.1950341108626
            ],
            [
              -0.70545558404611,
              52.1915707007713
            ],
            [
              -0.749734768697029,
              52.1668767684285
            ],
            [
              -0.777975100551023,
              52.1687324929762
            ],
            [
              -0.792091270533438,
              52.1513294595377
            ],
            [
              -0.807587882658753,
              52.1569790134712
            ],
            [
              -0.814041227993611,
              52.1424723409363
            ],
            [
              -0.831966629448279,
              52.1436835087026
            ],
            [
              -0.828204674516664,
              52.1326105518988
            ],
            [
              -0.880720326962998,
              52.1263317817922
            ],
            [
              -0.887015710928942,
              52.1142093372426
            ],
            [
              -0.871450101645922,
              52.1117534338344
            ],
            [
              -0.869530890808297,
              52.100037660312
            ],
            [
              -0.846712543468591,
              52.0915087034566
            ],
            [
              -0.831418245792071,
              52.0719470001498
            ],
            [
              -0.839500488570763,
              52.0638277794141
            ],
            [
              -0.862678645799945,
              52.0609340387418
            ],
            [
              -0.852446930044217,
              52.050705093085
            ],
            [
              -0.871325629151714,
              52.0402518516581
            ],
            [
              -0.877468741341909,
              52.0299715978924
            ],
            [
              -0.890118209223622,
              52.0315605641756
            ],
            [
              -0.906030231091353,
              52.0212211091558
            ],
            [
              -0.951872932609752,
              52.0815336222368
            ],
            [
              -0.967805300661276,
              52.0709109272462
            ],
            [
              -1.02631761576578,
              52.075682108814
            ],
            [
              -1.04232729760841,
              52.073710272331
            ],
            [
              -1.02766844665035,
              52.0637342654294
            ],
            [
              -1.06205550082263,
              52.0627362303902
            ],
            [
              -1.12198746604179,
              52.0451472419556
            ],
            [
              -1.1366651917565,
              52.0222431393042
            ],
            [
              -1.11808639727987,
              52.0154261720693
            ],
            [
              -1.13432869832049,
              51.9972963878651
            ],
            [
              -1.16382348465592,
              51.9934122258321
            ],
            [
              -1.19625975033443,
              51.9774314422917
            ],
            [
              -1.24161223468245,
              51.9862933629289
            ],
            [
              -1.28339696571849,
              51.9795473067203
            ],
            [
              -1.27816401884205,
              52.0142726693514
            ],
            [
              -1.31292004347286,
              52.0514526625255
            ],
            [
              -1.29750881413832,
              52.078056693896
            ],
            [
              -1.31815993117564,
              52.0799212567645
            ],
            [
              -1.32116486414435,
              52.0870189275303
            ],
            [
              -1.2480850615276,
              52.0971607918988
            ],
            [
              -1.33189713463686,
              52.1684850561825
            ],
            [
              -1.31313453207951,
              52.1904676293781
            ],
            [
              -1.25498199738882,
              52.1978310701825
            ],
            [
              -1.28464415629528,
              52.2385772938432
            ],
            [
              -1.2668910685498,
              52.2352423787974
            ],
            [
              -1.23299880379763,
              52.2532588490415
            ],
            [
              -1.21573180896617,
              52.2663736804171
            ],
            [
              -1.23378294833003,
              52.2903281059315
            ],
            [
              -1.20923383157379,
              52.3152040796609
            ],
            [
              -1.26535489040084,
              52.3283606820275
            ],
            [
              -1.23338985998341,
              52.3465160417124
            ],
            [
              -1.17497303441117,
              52.3562898070463
            ],
            [
              -1.20161328230779,
              52.3967317950017
            ],
            [
              -1.30594754119146,
              52.4933952805487
            ],
            [
              -1.32508812135485,
              52.5010423236305
            ],
            [
              -1.41734425186395,
              52.5344553061509
            ],
            [
              -1.45999402369308,
              52.5515899264079
            ],
            [
              -1.52286777646333,
              52.5706005985325
            ],
            [
              -1.5271552279268,
              52.5827378307652
            ],
            [
              -1.56075676843526,
              52.596156241955
            ],
            [
              -1.55445434227788,
              52.614761414217
            ],
            [
              -1.57135417977794,
              52.6352716299195
            ],
            [
              -1.54451698666015,
              52.6446078755193
            ],
            [
              -1.55177141576219,
              52.6674551064508
            ],
            [
              -1.5896451852037,
              52.6872608072693
            ],
            [
              -1.59754104512465,
              52.7004217660413
            ],
            [
              -1.655041567809,
              52.6987985788963
            ],
            [
              -1.65660772698321,
              52.7217484728992
            ],
            [
              -1.70415800106134,
              52.7320787781194
            ],
            [
              -1.66653674722927,
              52.7847230322564
            ],
            [
              -1.61112950153712,
              52.7814035599527
            ],
            [
              -1.61434537916919,
              52.7882740475851
            ],
            [
              -1.588870366275,
              52.7998659863857
            ],
            [
              -1.59182686047041,
              52.8094905902704
            ],
            [
              -1.61049453727209,
              52.8164043084795
            ],
            [
              -1.58535204002871,
              52.8317146205143
            ],
            [
              -1.62675456354445,
              52.8544371737158
            ],
            [
              -1.69027182016724,
              52.864469377301
            ],
            [
              -1.70060876646215,
              52.8605835227016
            ],
            [
              -1.70434504999622,
              52.8666805910148
            ],
            [
              -1.72532205464646,
              52.8596631847086
            ],
            [
              -1.74600328186458,
              52.8686931595903
            ],
            [
              -1.77722065071375,
              52.8838147399446
            ],
            [
              -1.82820959492548,
              52.8844277546368
            ],
            [
              -1.85657559960297,
              52.9233909589888
            ],
            [
              -1.8297993167524,
              52.9457059843503
            ],
            [
              -1.82678096538971,
              52.9770857580258
            ],
            [
              -1.76240468835541,
              52.9998576821585
            ],
            [
              -1.758931442407,
              53.0373157730201
            ],
            [
              -1.77898129670065,
              53.0448443732035
            ],
            [
              -1.77565273133291,
              53.0593546416411
            ],
            [
              -1.79423901989172,
              53.0883940570084
            ],
            [
              -1.7837258959914,
              53.1028279811454
            ],
            [
              -1.82187637070365,
              53.136704069293
            ],
            [
              -1.81254009047435,
              53.1543431153347
            ],
            [
              -1.86073152881043,
              53.1884255639858
            ],
            [
              -1.89863293086253,
              53.1999569781643
            ],
            [
              -1.95670722983203,
              53.2137476084528
            ],
            [
              -1.96236461007117,
              53.2262417347362
            ],
            [
              -1.98740775867005,
              53.2135858487092
            ],
            [
              -1.99026453573021,
              53.2229988990978
            ],
            [
              -1.97485875420927,
              53.2310610534631
            ],
            [
              -2.00948185124733,
              53.2606524549833
            ],
            [
              -2.00678505242821,
              53.3545721116505
            ],
            [
              -2.03105846324365,
              53.3702623861055
            ],
            [
              -2.03377543264464,
              53.3755415697744
            ],
            [
              -2.00464286724203,
              53.3863272774973
            ],
            [
              -1.99232947055908,
              53.415193132135
            ],
            [
              -2.0136971820304,
              53.4158901088998
            ],
            [
              -2.0262554175393,
              53.4298651605263
            ],
            [
              -2.01422750540755,
              53.4397627537578
            ],
            [
              -2.00421605197447,
              53.4359217849539
            ],
            [
              -2.00823485273611,
              53.4415492986129
            ],
            [
              -1.98579237816046,
              53.4552267712585
            ],
            [
              -1.98781957548828,
              53.4811103993799
            ],
            [
              -1.96338598926022,
              53.5098272597675
            ],
            [
              -1.95133267475833,
              53.504198837989
            ],
            [
              -1.92197284577495,
              53.5099546839903
            ],
            [
              -1.92678065560871,
              53.5209487496871
            ],
            [
              -1.90962083195551,
              53.5383909856456
            ],
            [
              -1.89410949217379,
              53.5336117783992
            ],
            [
              -1.87349262570148,
              53.5404296508165
            ],
            [
              -1.84182082823365,
              53.5199087793644
            ],
            [
              -1.82222878111609,
              53.5210909217998
            ],
            [
              -1.79628821898355,
              53.5031529896704
            ],
            [
              -1.80147063244941,
              53.4809917598487
            ],
            [
              -1.76843734147339,
              53.4647669318847
            ],
            [
              -1.74532296725637,
              53.4621753961086
            ],
            [
              -1.73976196210261,
              53.4209879155366
            ],
            [
              -1.70853223309689,
              53.4173394742097
            ],
            [
              -1.70496532088341,
              53.405055973056
            ],
            [
              -1.65381782186689,
              53.3919108271067
            ],
            [
              -1.66354854039897,
              53.3665951654561
            ],
            [
              -1.5905479543552,
              53.3459209852398
            ],
            [
              -1.61230306159697,
              53.343218669784
            ],
            [
              -1.63272698677736,
              53.320839212062
            ],
            [
              -1.62549374450584,
              53.316423978807
            ],
            [
              -1.60920158448499,
              53.3226639610584
            ],
            [
              -1.59909327897252,
              53.3113181987842
            ],
            [
              -1.58490201019108,
              53.3215879514643
            ],
            [
              -1.5805338958711,
              53.3117380892246
            ],
            [
              -1.56173104513262,
              53.3159708920495
            ],
            [
              -1.56173061193943,
              53.30641356575
            ],
            [
              -1.5367688622067,
              53.3047486735244
            ],
            [
              -1.50213193955503,
              53.317582076396
            ],
            [
              -1.4679128327397,
              53.3171200548681
            ],
            [
              -1.45522778964177,
              53.3218691594811
            ],
            [
              -1.45988027916359,
              53.3306893682185
            ],
            [
              -1.44197211462372,
              53.3374924881712
            ],
            [
              -1.42086649613,
              53.3345679515529
            ],
            [
              -1.41103390673647,
              53.3419924920667
            ],
            [
              -1.3865715460456,
              53.3349025063664
            ],
            [
              -1.38673871273592,
              53.3176321345653
            ],
            [
              -1.3377510519613,
              53.3158480511117
            ],
            [
              -1.32466917491423,
              53.3288100139795
            ],
            [
              -1.29902301015448,
              53.3325116364699
            ],
            [
              -1.28858902654107,
              53.3262280540006
            ],
            [
              -1.29567816421914,
              53.3150369715531
            ],
            [
              -1.28201141324174,
              53.3094625893165
            ],
            [
              -1.2438683827737,
              53.3015697912915
            ],
            [
              -1.23068793445144,
              53.308559735073
            ],
            [
              -1.20323904686049,
              53.3042232405794
            ],
            [
              -1.19974106069052,
              53.3114394535026
            ],
            [
              -1.13871810210376,
              53.3413828108768
            ],
            [
              -1.14100746087464,
              53.3467476771044
            ],
            [
              -1.15684339220656,
              53.3449694993649
            ],
            [
              -1.16261328764136,
              53.3568438620188
            ],
            [
              -1.13853968203233,
              53.3559075133134
            ],
            [
              -1.14603291441165,
              53.3690411448824
            ],
            [
              -1.13053708984926,
              53.3755712186089
            ],
            [
              -1.13460768886107,
              53.3900315644207
            ],
            [
              -1.11557938042578,
              53.3971857498969
            ],
            [
              -1.11604100600924,
              53.407349353793
            ],
            [
              -1.08043943279743,
              53.426867859038
            ],
            [
              -1.0309498187762,
              53.4309795254991
            ],
            [
              -1.03051529483494,
              53.4251953103907
            ],
            [
              -1.01434673953332,
              53.4262954965626
            ],
            [
              -0.995669798894032,
              53.4369266834287
            ],
            [
              -0.985978085087804,
              53.4716733710931
            ],
            [
              -0.953259205565056,
              53.4844235292861
            ],
            [
              -0.935564625288195,
              53.5025165284893
            ],
            [
              -0.9004706270826,
              53.4751558663774
            ],
            [
              -0.920246794224176,
              53.4655076505672
            ],
            [
              -0.916249020723134,
              53.4602956888135
            ],
            [
              -0.871919281432214,
              53.466310803053
            ],
            [
              -0.797483349537156,
              53.4550644460093
            ],
            [
              -0.784364875033277,
              53.4633795456972
            ],
            [
              -0.784388777567045,
              53.4766692148169
            ],
            [
              -0.771568244935175,
              53.479201559763
            ],
            [
              -0.768109606058024,
              53.4989256083382
            ],
            [
              -0.752113860480161,
              53.5005306077545
            ],
            [
              -0.739591684118626,
              53.5199359481765
            ],
            [
              -0.624491104400131,
              53.512839214855
            ],
            [
              -0.629752674949085,
              53.4582189924581
            ],
            [
              -0.551791237316693,
              53.4595200188746
            ],
            [
              -0.471749465222412,
              53.4748729017664
            ],
            [
              -0.486630004727343,
              53.4804701668812
            ],
            [
              -0.488383657821996,
              53.5048602236026
            ],
            [
              -0.405074524830151,
              53.5176169024623
            ],
            [
              -0.408145080459695,
              53.5321088676971
            ],
            [
              -0.430664749887905,
              53.5463371564541
            ],
            [
              -0.501257852861231,
              53.5374615766078
            ],
            [
              -0.490919376490564,
              53.5458744536133
            ],
            [
              -0.467018371437879,
              53.5489606914837
            ],
            [
              -0.429001046046789,
              53.5745247142208
            ],
            [
              -0.416962972953907,
              53.5632146898932
            ],
            [
              -0.335938821094677,
              53.5586265913365
            ],
            [
              -0.300743140905217,
              53.5952836309741
            ],
            [
              -0.308555246739309,
              53.6143287578572
            ],
            [
              -0.292115129161193,
              53.6132674312166
            ],
            [
              -0.24847604907361,
              53.593663691688
            ]
          ]
        ]
      },
      "properties": {
        "name": "East Midlands",
        "code": "E12000004",
        "slug": "east-midlands"
      }
    },
    {
      "type": "Feature",
      "geometry": {
        "type": "Polygon",
        "coordinates": [
          [
            [
              -1.86073152881043,
              53.1884255639858
            ],
            [
              -1.81254009047435,
              53.1543431153347
            ],
            [
              -1.82187637070365,
              53.136704069293
            ],
            [
              -1.7837258959914,
              53.1028279811454
            ],
            [
              -1.79423901989172,
              53.0883940570084
            ],
            [
              -1.77565273133291,
              53.0593546416411
            ],
            [
              -1.77898129670065,
              53.0448443732035
            ],
            [
              -1.758931442407,
              53.0373157730201
            ],
            [
              -1.76240468835541,
              52.9998576821585
            ],
            [
              -1.82678096538971,
              52.9770857580258
            ],
            [
              -1.8297993167524,
              52.9457059843503
            ],
            [
              -1.85657559960297,
              52.9233909589888
            ],
            [
              -1.82820959492548,
              52.8844277546368
            ],
            [
              -1.77722065071375,
              52.8838147399446
            ],
            [
              -1.74600328186458,
              52.8686931595903
            ],
            [
              -1.72532205464646,
              52.8596631847086
            ],
            [
              -1.70434504999622,
              52.8666805910148
            ],
            [
              -1.70060876646215,
              52.8605835227016
            ],
            [
              -1.69027182016724,
              52.864469377301
            ],
            [
              -1.62675456354445,
              52.8544371737158
            ],
            [
              -1.58535204002871,
              52.8317146205143
            ],
            [
              -1.61049453727209,
              52.8164043084795
            ],
            [
              -1.59182686047041,
              52.8094905902704
            ],
            [
              -1.588870366275,
              52.7998659863857
            ],
            [
              -1.61434537916919,
              52.7882740475851
            ],
            [
              -1.61112950153712,
              52.7814035599527
            ],
            [
              -1.66653674722927,
              52.7847230322564
            ],
            [
              -1.70415800106134,
              52.7320787781194
            ],
            [
              -1.65660772698321,
              52.7217484728992
            ],
            [
              -1.655041567809,
              52.6987985788963
            ],
            [
              -1.59754104512465,
              52.7004217660413
            ],
            [
              -1.5896451852037,
              52.6872608072693
            ],
            [
              -1.55177141576219,
              52.6674551064508
            ],
            [
              -1.54451698666015,
              52.6446078755193
            ],
            [
              -1.57135417977794,
              52.6352716299195
            ],
            [
              -1.55445434227788,
              52.614761414217
            ],
            [
              -1.56075676843526,
              52.596156241955
            ],
            [
              -1.5271552279268,
              52.5827378307652
            ],
            [
              -1.52286777646333,
              52.5706005985325
            ],
            [
              -1.45999402369308,
              52.5515899264079
            ],
            [
              -1.41734425186395,
              52.5344553061509
            ],
            [
              -1.32508812135485,
              52.5010423236305
            ],
            [
              -1.30594754119146,
              52.4933952805487
            ],
            [
              -1.20161328230779,
              52.3967317950017
            ],
            [
              -1.17497303441117,
              52.3562898070463
            ],
            [
              -1.23338985998341,
              52.3465160417124
            ],
            [
              -1.26535489040084,
              52.3283606820275
            ],
            [
              -1.20923383157379,
              52.3152040796609
            ],
            [
              -1.23378294833003,
              52.2903281059315
            ],
            [
              -1.21573180896617,
              52.2663736804171
            ],
            [
              -1.23299880379763,
              52.2532588490415
            ],
            [
              -1.2668910685498,
              52.2352423787974
            ],
            [
              -1.28464415629528,
              52.2385772938432
            ],
            [
              -1.25498199738882,
              52.1978310701825
            ],
            [
              -1.31313453207951,
              52.1904676293781
            ],
            [
              -1.33189713463686,
              52.1684850561825
            ],
            [
              -1.34870940656972,
              52.1351376000517
            ],
            [
              -1.36614709693504,
              52.1360752384003
            ],
            [
              -1.39330253063035,
              52.1189629049249
            ],
            [
              -1.37084214070605,
              52.1175341834765
            ],
            [
              -1.35776965526573,
              52.10131042365
            ],
            [
              -1.38539981245495,
              52.0941455730538
            ],
            [
              -1.42585527138437,
              52.1182494968049
            ],
            [
              -1.45345845223963,
              52.1130088171302
            ],
            [
              -1.44718785164806,
              52.0976250329411
            ],
            [
              -1.47730164801721,
              52.1013509440553
            ],
            [
              -1.48780444309778,
              52.093957432128
            ],
            [
              -1.52282569380371,
              51.9968433232425
            ],
            [
              -1.55722360987893,
              51.9916576647463
            ],
            [
              -1.5496712341503,
              51.9808596581308
            ],
            [
              -1.56353907897769,
              51.977040370473
            ],
            [
              -1.60030155963125,
              51.9769415553217
            ],
            [
              -1.59163382436864,
              51.9704499714282
            ],
            [
              -1.61234247849955,
              51.955403416263
            ],
            [
              -1.66575430454863,
              51.9874888210715
            ],
            [
              -1.66617341864599,
              51.9969179723226
            ],
            [
              -1.61753263743828,
              52.0334370252941
            ],
            [
              -1.62441776103734,
              52.0389813512217
            ],
            [
              -1.66387014157968,
              52.031277558306
            ],
            [
              -1.69398075503951,
              52.0395278988862
            ],
            [
              -1.6886364810542,
              52.0518332037271
            ],
            [
              -1.70514106701663,
              52.059706622156
            ],
            [
              -1.70173137601056,
              52.072809303259
            ],
            [
              -1.7129529623218,
              52.0665849047349
            ],
            [
              -1.73067148453295,
              52.0733993013828
            ],
            [
              -1.72856052810737,
              52.1001203055385
            ],
            [
              -1.7460219368056,
              52.0929601720304
            ],
            [
              -1.76764874769,
              52.1125925600919
            ],
            [
              -1.80228873762243,
              52.0969414685877
            ],
            [
              -1.81273665650442,
              52.0787440014555
            ],
            [
              -1.81894341276327,
              52.085404114207
            ],
            [
              -1.83175334172358,
              52.0727693533542
            ],
            [
              -1.84661960637358,
              52.0794210956478
            ],
            [
              -1.87440607681162,
              52.0699909106809
            ],
            [
              -1.86344917989937,
              52.0534177221476
            ],
            [
              -1.83458593855425,
              52.0437303163412
            ],
            [
              -1.82502288166439,
              52.0309334135413
            ],
            [
              -1.83905030714283,
              52.0067831275768
            ],
            [
              -1.91344602070409,
              52.0444612397009
            ],
            [
              -1.93173022075562,
              52.0299592834134
            ],
            [
              -1.95138760292282,
              52.0377252726148
            ],
            [
              -1.98413574037062,
              52.0358792735091
            ],
            [
              -2.03835621126196,
              52.0046006235071
            ],
            [
              -2.04951417600297,
              52.0037962185647
            ],
            [
              -2.06078374065176,
              52.0146805594072
            ],
            [
              -2.08487319407292,
              52.0104785837075
            ],
            [
              -2.11219762720392,
              52.0153447340824
            ],
            [
              -2.14068698320585,
              51.9994641958926
            ],
            [
              -2.1496553088823,
              52.0112561686626
            ],
            [
              -2.13939720724878,
              52.0278918487723
            ],
            [
              -2.11721985481813,
              52.0336144279817
            ],
            [
              -2.1183837199463,
              52.0421086140237
            ],
            [
              -2.1713809335344,
              52.047573501117
            ],
            [
              -2.18067935412919,
              52.0417281229636
            ],
            [
              -2.17690606521531,
              52.0225592291
            ],
            [
              -2.18768330302322,
              52.0190801567564
            ],
            [
              -2.16463014559703,
              51.9961432532365
            ],
            [
              -2.1807485360373,
              51.999615170405
            ],
            [
              -2.18508403441562,
              51.9905609779425
            ],
            [
              -2.2206132435217,
              51.9954966439335
            ],
            [
              -2.25135998124032,
              51.9665649333006
            ],
            [
              -2.27055558558412,
              51.9689390809578
            ],
            [
              -2.30043302609668,
              51.9667752645848
            ],
            [
              -2.31261970069138,
              51.9765049736609
            ],
            [
              -2.32653298644337,
              51.9757878162751
            ],
            [
              -2.32470967818414,
              52.0035672774164
            ],
            [
              -2.35254266830478,
              52.0135353102692
            ],
            [
              -2.35137852244174,
              52.0213590281247
            ],
            [
              -2.39289223172115,
              52.0129587700267
            ],
            [
              -2.39901848990429,
              51.9961459478636
            ],
            [
              -2.41319627507641,
              51.9940903068968
            ],
            [
              -2.43729372315389,
              51.9971670434129
            ],
            [
              -2.4365473513555,
              52.0147958048353
            ],
            [
              -2.46325568883201,
              52.0143402773804
            ],
            [
              -2.46407938641861,
              52.0232741849307
            ],
            [
              -2.47893230092191,
              52.0225304101253
            ],
            [
              -2.49198479936092,
              52.0076618754858
            ],
            [
              -2.47099259338281,
              51.9947360730921
            ],
            [
              -2.49491293333366,
              51.9810752068108
            ],
            [
              -2.49224484624899,
              51.9641287772981
            ],
            [
              -2.50090645407367,
              51.9606091433712
            ],
            [
              -2.46548701733239,
              51.9516964072315
            ],
            [
              -2.4660430007031,
              51.9279745035209
            ],
            [
              -2.44818479289518,
              51.9186682322208
            ],
            [
              -2.43935797872739,
              51.8973957274195
            ],
            [
              -2.48779469274655,
              51.8804175449928
            ],
            [
              -2.50862440109418,
              51.8851690560296
            ],
            [
              -2.53162394037576,
              51.8607715459858
            ],
            [
              -2.5806409604219,
              51.8616713755211
            ],
            [
              -2.58281688241695,
              51.849577352031
            ],
            [
              -2.60121663305923,
              51.8562162643918
            ],
            [
              -2.62546695815918,
              51.8389640015383
            ],
            [
              -2.63671005341688,
              51.8430952603725
            ],
            [
              -2.65040070567432,
              51.8261246880221
            ],
            [
              -2.66619753963782,
              51.8356235561264
            ],
            [
              -2.69329553822647,
              51.8338410112501
            ],
            [
              -2.69730211579747,
              51.8448091267489
            ],
            [
              -2.71512837058452,
              51.8402439267929
            ],
            [
              -2.71960515392901,
              51.8489192760861
            ],
            [
              -2.73884399096035,
              51.8366194147092
            ],
            [
              -2.77879887553984,
              51.865859066681
            ],
            [
              -2.76842319309657,
              51.8805360874509
            ],
            [
              -2.83610303950486,
              51.9060508051438
            ],
            [
              -2.84191190824211,
              51.9177214560485
            ],
            [
              -2.86187161482705,
              51.9139790713274
            ],
            [
              -2.8449348932244,
              51.9220259976332
            ],
            [
              -2.87783522765839,
              51.9338143761173
            ],
            [
              -2.97184633089059,
              51.9049816267715
            ],
            [
              -2.97666533447377,
              51.9274901982694
            ],
            [
              -3.00812331566293,
              51.9271305466571
            ],
            [
              -3.02594450042839,
              51.9572822863159
            ],
            [
              -3.06736793856371,
              51.9831427870252
            ],
            [
              -3.09919890693024,
              52.0226858076554
            ],
            [
              -3.08628664345927,
              52.0401943735748
            ],
            [
              -3.09058811273154,
              52.050513287011
            ],
            [
              -3.1258956184989,
              52.0783108206918
            ],
            [
              -3.1227151698686,
              52.1031579299661
            ],
            [
              -3.10546572555448,
              52.105386238123
            ],
            [
              -3.10498507710709,
              52.1167276158201
            ],
            [
              -3.14192072484887,
              52.1278671845105
            ],
            [
              -3.13587330508285,
              52.137908391339
            ],
            [
              -3.09369007605061,
              52.1443059955093
            ],
            [
              -3.07253826591566,
              52.1557732347726
            ],
            [
              -3.0825431809881,
              52.1630471608701
            ],
            [
              -3.09889603996449,
              52.1547338851738
            ],
            [
              -3.12243047087079,
              52.1634196046664
            ],
            [
              -3.09465104889233,
              52.1837422721208
            ],
            [
              -3.10208187078616,
              52.2027204247282
            ],
            [
              -3.07209180392951,
              52.2130872867319
            ],
            [
              -3.07303671186312,
              52.2358769206091
            ],
            [
              -3.04421511843317,
              52.2379274553242
            ],
            [
              -3.04831739359751,
              52.2502338136893
            ],
            [
              -3.03586088956407,
              52.2567570188125
            ],
            [
              -3.00577598466957,
              52.26425950182
            ],
            [
              -2.97718162692593,
              52.2596861462932
            ],
            [
              -2.9496347558264,
              52.2694682342097
            ],
            [
              -3.01260808725634,
              52.2791690018991
            ],
            [
              -3.00086604665785,
              52.3217658044471
            ],
            [
              -2.96680116367831,
              52.3294490737256
            ],
            [
              -2.95465135625057,
              52.3491547619378
            ],
            [
              -2.97450325780244,
              52.3547007719793
            ],
            [
              -3.04017440612675,
              52.344326448647
            ],
            [
              -3.06066441923135,
              52.3482395296904
            ],
            [
              -3.11060650814314,
              52.3771928586073
            ],
            [
              -3.15444662965246,
              52.3877151712535
            ],
            [
              -3.17883654919065,
              52.4093973297024
            ],
            [
              -3.21954450562745,
              52.4212529845107
            ],
            [
              -3.23554057260048,
              52.4424981912247
            ],
            [
              -3.19724017301225,
              52.4759894035959
            ],
            [
              -3.18021448078352,
              52.4739344849595
            ],
            [
              -3.11101713481874,
              52.4989348283692
            ],
            [
              -3.02920219998827,
              52.5012680249874
            ],
            [
              -3.03237893922629,
              52.5237313424194
            ],
            [
              -3.0038736477802,
              52.5198330371359
            ],
            [
              -2.99416397612175,
              52.5529108742388
            ],
            [
              -3.014230447679,
              52.5754965428671
            ],
            [
              -3.08727582526502,
              52.551331507343
            ],
            [
              -3.08541228712571,
              52.534502701906
            ],
            [
              -3.13306437914072,
              52.5274706099584
            ],
            [
              -3.1370447146752,
              52.5340448098515
            ],
            [
              -3.11149542442852,
              52.5413637648284
            ],
            [
              -3.1395007657394,
              52.5857198080617
            ],
            [
              -3.11741414901734,
              52.5857631475231
            ],
            [
              -3.08952759451987,
              52.5995254524077
            ],
            [
              -3.09362257365342,
              52.6093390867467
            ],
            [
              -3.07318689672821,
              52.6289626614398
            ],
            [
              -3.05980035397977,
              52.6307207228212
            ],
            [
              -3.08356627754316,
              52.6412925201911
            ],
            [
              -3.05111627042196,
              52.6473659737795
            ],
            [
              -3.03858027693696,
              52.6753731668236
            ],
            [
              -3.04704782422812,
              52.691265840916
            ],
            [
              -3.0224859512498,
              52.7066679412475
            ],
            [
              -3.02035717507642,
              52.725102241172
            ],
            [
              -3.00055465559128,
              52.7202753107181
            ],
            [
              -2.97759195391939,
              52.7265916760023
            ],
            [
              -2.97810302519235,
              52.7153573258809
            ],
            [
              -2.96107942399414,
              52.7164656937382
            ],
            [
              -2.96506569361931,
              52.7322680639285
            ],
            [
              -2.99131975670734,
              52.7338180016826
            ],
            [
              -2.99199278312435,
              52.7437560376404
            ],
            [
              -3.02180979863464,
              52.7519407809159
            ],
            [
              -3.01079020650279,
              52.758563699108
            ],
            [
              -3.01719942628447,
              52.7676641811629
            ],
            [
              -3.03509432692543,
              52.7640087027787
            ],
            [
              -3.0389768046804,
              52.7704007766948
            ],
            [
              -3.05257974036193,
              52.7686895431187
            ],
            [
              -3.04778942055586,
              52.7726426112051
            ],
            [
              -3.07951607134313,
              52.7715139126628
            ],
            [
              -3.09168246698264,
              52.7866629786859
            ],
            [
              -3.08663218442715,
              52.7955931558439
            ],
            [
              -3.11828683786622,
              52.7835824200664
            ],
            [
              -3.16085535746191,
              52.7957450851539
            ],
            [
              -3.15319003437988,
              52.8063686249265
            ],
            [
              -3.16820515656899,
              52.807328442099
            ],
            [
              -3.16788753046969,
              52.819266678782
            ],
            [
              -3.15126038173658,
              52.842564888283
            ],
            [
              -3.16301475133285,
              52.8474909452453
            ],
            [
              -3.12771287517068,
              52.8671030328019
            ],
            [
              -3.15241672487316,
              52.878747886248
            ],
            [
              -3.13552413220342,
              52.8850136660634
            ],
            [
              -3.14750489067229,
              52.8901751790944
            ],
            [
              -3.11416217690352,
              52.8939782165013
            ],
            [
              -3.0959532223852,
              52.9302818603633
            ],
            [
              -3.07651316772971,
              52.92547934312
            ],
            [
              -3.03507944191704,
              52.9294813948796
            ],
            [
              -3.00964949707879,
              52.9561994723275
            ],
            [
              -2.98202234589558,
              52.9591982537615
            ],
            [
              -2.97502999812956,
              52.9689845232229
            ],
            [
              -2.95981332046821,
              52.9511695556826
            ],
            [
              -2.9288886576968,
              52.9386788293684
            ],
            [
              -2.88743132917765,
              52.9525298908753
            ],
            [
              -2.88353939739913,
              52.9466392161464
            ],
            [
              -2.84101496069592,
              52.9426237149983
            ],
            [
              -2.79884789455756,
              52.8957587633309
            ],
            [
              -2.75532645759697,
              52.9246280372574
            ],
            [
              -2.72843937384749,
              52.9253018624858
            ],
            [
              -2.72417751071701,
              52.9571216546992
            ],
            [
              -2.73529356518204,
              52.9699461891475
            ],
            [
              -2.7268406065337,
              52.9832729453915
            ],
            [
              -2.69929243706707,
              52.9954387977652
            ],
            [
              -2.67466228548746,
              52.9856628103797
            ],
            [
              -2.63265093997599,
              52.9966707871949
            ],
            [
              -2.59488906784906,
              52.9796071465965
            ],
            [
              -2.59769347128031,
              52.9630059890586
            ],
            [
              -2.58641372797688,
              52.9553790878105
            ],
            [
              -2.56126288258472,
              52.9649521042076
            ],
            [
              -2.5295158220739,
              52.9471648774926
            ],
            [
              -2.52142791357081,
              52.9742651272112
            ],
            [
              -2.48115277115678,
              52.9588178873713
            ],
            [
              -2.43461402318991,
              52.9695213465036
            ],
            [
              -2.43676051036816,
              52.9862560835437
            ],
            [
              -2.38079367937619,
              52.9984110622475
            ],
            [
              -2.38304468514478,
              53.0077867854542
            ],
            [
              -2.37046780522333,
              53.0145758528314
            ],
            [
              -2.38422739108102,
              53.0261675772583
            ],
            [
              -2.38124882130521,
              53.0525513186422
            ],
            [
              -2.34758567134112,
              53.0561702924242
            ],
            [
              -2.31805098764274,
              53.0813587571126
            ],
            [
              -2.29337580822828,
              53.0783263872876
            ],
            [
              -2.25324849091567,
              53.0939769926235
            ],
            [
              -2.24740691731874,
              53.0898498465846
            ],
            [
              -2.2113149262639,
              53.1158244632179
            ],
            [
              -2.15564486007666,
              53.1596189573796
            ],
            [
              -2.14141084525282,
              53.1566523912043
            ],
            [
              -2.14043876356931,
              53.1838127677096
            ],
            [
              -2.11207676340537,
              53.1686598099581
            ],
            [
              -2.07023261967659,
              53.1716862930174
            ],
            [
              -2.04652710695863,
              53.1926476554655
            ],
            [
              -2.00020198978735,
              53.1937374968954
            ],
            [
              -1.98740775867005,
              53.2135858487092
            ],
            [
              -1.96236461007117,
              53.2262417347362
            ],
            [
              -1.95670722983203,
              53.2137476084528
            ],
            [
              -1.89863293086253,
              53.1999569781643
            ],
            [
              -1.86073152881043,
              53.1884255639858
            ]
          ]
        ]
      },
      "properties": {
        "name": "West Midlands",
        "code": "E12000005",
        "slug": "west-midlands"
      }
    },
    {
      "type": "Feature",
      "geometry": {
        "type": "MultiPolygon",
        "coordinates": [
          [
            [
              [
                0.837491435881474,
                51.5851768552972
              ],
              [
                0.822949646500331,
                51.5648819751085
              ],
              [
                0.808066070701758,
                51.5856266823064
              ],
              [
                0.830143881241965,
                51.5959662408348
              ],
              [
                0.837491435881474,
                51.5851768552972
              ]
            ]
          ],
          [
            [
              [
                0.884470369592766,
                51.5685005379575
              ],
              [
                0.866370064454003,
                51.5589408417875
              ],
              [
                0.840146351266313,
                51.5616365017136
              ],
              [
                0.825779682520595,
                51.5644666816224
              ],
              [
                0.838649742357825,
                51.5814783607139
              ],
              [
                0.84007821730206,
                51.5820230168582
              ],
              [
                0.83799748353139,
                51.5936189637611
              ],
              [
                0.866825862664548,
                51.5951863846099
              ],
              [
                0.874374700653288,
                51.6141508887792
              ],
              [
                0.887428869830486,
                51.6151568601961
              ],
              [
                0.957516615757852,
                51.6205323084011
              ],
              [
                0.929866948989761,
                51.5924463602532
              ],
              [
                0.884470369592766,
                51.5685005379575
              ]
            ]
          ],
          [
            [
              [
                0.787703225708633,
                51.722314974478
              ],
              [
                0.770131405191014,
                51.7190521778146
              ],
              [
                0.754635465145759,
                51.7248622649484
              ],
              [
                0.769753859072292,
                51.7268272061453
              ],
              [
                0.787703225708633,
                51.722314974478
              ]
            ]
          ],
          [
            [
              [
                0.721175353031256,
                51.7306497151983
              ],
              [
                0.72617041125231,
                51.7170514681167
              ],
              [
                0.708131292903387,
                51.7196398003268
              ],
              [
                0.721175353031256,
                51.7306497151983
              ]
            ]
          ],
          [
            [
              [
                0.838019187582583,
                51.7733655764956
              ],
              [
                0.856198944009919,
                51.7676552394875
              ],
              [
                0.833494067481885,
                51.7692557883825
              ],
              [
                0.838019187582583,
                51.7733655764956
              ]
            ]
          ],
          [
            [
              [
                0.945555009968762,
                51.7746984061066
              ],
              [
                0.902361802698661,
                51.7737041606734
              ],
              [
                0.901838474600217,
                51.7861260035955
              ],
              [
                0.924586899694692,
                51.7955980326165
              ],
              [
                0.942773993136243,
                51.8067462357994
              ],
              [
                0.965846855849948,
                51.8086755318991
              ],
              [
                0.999129029024457,
                51.8019348962252
              ],
              [
                0.999990659558392,
                51.7931413467863
              ],
              [
                0.945555009968762,
                51.7746984061066
              ]
            ]
          ],
          [
            [
              [
                1.22179248136303,
                51.8720351062146
              ],
              [
                1.20674775526868,
                51.8706769303523
              ],
              [
                1.21868690650977,
                51.8781480414813
              ],
              [
                1.22466705627633,
                51.880299143476
              ],
              [
                1.22179248136303,
                51.8720351062146
              ]
            ]
          ],
          [
            [
              [
                1.26290375352883,
                51.8802172632041
              ],
              [
                1.26374124768394,
                51.8730442912216
              ],
              [
                1.25504873490394,
                51.8745256391288
              ],
              [
                1.26290375352883,
                51.8802172632041
              ]
            ]
          ],
          [
            [
              [
                1.2574502050475,
                51.8834653953823
              ],
              [
                1.24459264439798,
                51.8688853134179
              ],
              [
                1.22642247370622,
                51.8753076473301
              ],
              [
                1.22969210015131,
                51.8814698856146
              ],
              [
                1.2574502050475,
                51.8834653953823
              ]
            ]
          ],
          [
            [
              [
                1.23395227520666,
                51.8936787250336
              ],
              [
                1.24267369616314,
                51.8865856421055
              ],
              [
                1.23155886777378,
                51.8874943164222
              ],
              [
                1.23395227520666,
                51.8936787250336
              ]
            ]
          ],
          [
            [
              [
                0.912456339387194,
                52.9639967393764
              ],
              [
                0.89168039512801,
                52.9619050977526
              ],
              [
                0.902493773846723,
                52.9659933585803
              ],
              [
                0.912456339387194,
                52.9639967393764
              ]
            ]
          ],
          [
            [
              [
                0.905252761919378,
                52.9680578336555
              ],
              [
                0.879713220410911,
                52.9591031123198
              ],
              [
                0.886610216548827,
                52.9625761306571
              ],
              [
                0.875650893563922,
                52.9673048728077
              ],
              [
                0.886149431184195,
                52.9640630866988
              ],
              [
                0.894187439876878,
                52.9707774140155
              ],
              [
                0.905252761919378,
                52.9680578336555
              ]
            ]
          ],
          [
            [
              [
                0.878113972196959,
                52.9758624677176
              ],
              [
                0.883724507099782,
                52.9650367781917
              ],
              [
                0.866719494553699,
                52.9761157956189
              ],
              [
                0.872053130086781,
                52.9691358964368
              ],
              [
                0.867868964081175,
                52.9734268275802
              ],
              [
                0.854815886035976,
                52.96674935121
              ],
              [
                0.866597863452907,
                52.9786807735491
              ],
              [
                0.878113972196959,
                52.9758624677176
              ]
            ]
          ],
          [
            [
              [
                1.00685571154468,
                52.9743043522896
              ],
              [
                1.01022065245427,
                52.9735181286356
              ],
              [
                1.12422372970429,
                52.9513225119954
              ],
              [
                1.27229224638306,
                52.9358695110958
              ],
              [
                1.30104676687413,
                52.9328458134363
              ],
              [
                1.36009696608745,
                52.909880184271
              ],
              [
                1.43213817189918,
                52.8817894026692
              ],
              [
                1.56011740342889,
                52.8154068585226
              ],
              [
                1.58646071867006,
                52.8017009236068
              ],
              [
                1.67486942625914,
                52.7425752926686
              ],
              [
                1.69756589320841,
                52.723536279383
              ],
              [
                1.69945542099937,
                52.7198940791971
              ],
              [
                1.7369657310899,
                52.6474630642965
              ],
              [
                1.74355917222938,
                52.5742791179471
              ],
              [
                1.74002099017134,
                52.5742283844289
              ],
              [
                1.74005459885466,
                52.5675766392616
              ],
              [
                1.73314975594608,
                52.556569156321
              ],
              [
                1.74023225496099,
                52.5325703561367
              ],
              [
                1.7402347175701,
                52.5320866421216
              ],
              [
                1.74023472888191,
                52.5320845207894
              ],
              [
                1.76370560974016,
                52.4816474421542
              ],
              [
                1.75658106398902,
                52.4719746549569
              ],
              [
                1.75766532963464,
                52.4769342372254
              ],
              [
                1.71087221158221,
                52.474818315465
              ],
              [
                1.75623230358992,
                52.4714860678956
              ],
              [
                1.73494382850025,
                52.4491530703199
              ],
              [
                1.73480678360196,
                52.4482035989629
              ],
              [
                1.73457272949391,
                52.4479683430082
              ],
              [
                1.7318628339039,
                52.4277958086352
              ],
              [
                1.72788712575724,
                52.400198676686
              ],
              [
                1.7032257199802,
                52.3599833326157
              ],
              [
                1.67486807906325,
                52.3136390785085
              ],
              [
                1.67241529589841,
                52.3140999611662
              ],
              [
                1.6651135102533,
                52.3071587078333
              ],
              [
                1.64997060805831,
                52.3001890909362
              ],
              [
                1.63450274018159,
                52.2790199220711
              ],
              [
                1.63436501214812,
                52.277898452491
              ],
              [
                1.63325056922796,
                52.2768370573161
              ],
              [
                1.62311369958214,
                52.1885376179798
              ],
              [
                1.62057051955587,
                52.182648303923
              ],
              [
                1.58010666539301,
                52.0887202748929
              ],
              [
                1.58004449419748,
                52.0885756259109
              ],
              [
                1.57952592657201,
                52.0873690778091
              ],
              [
                1.47719477941598,
                52.0517677003841
              ],
              [
                1.4998210330151,
                52.0616427052867
              ],
              [
                1.53528479565383,
                52.0771025638653
              ],
              [
                1.54158227017843,
                52.0791816493632
              ],
              [
                1.56223044641,
                52.0876557410397
              ],
              [
                1.56715012310411,
                52.0909747555908
              ],
              [
                1.56775551306826,
                52.0914587744056
              ],
              [
                1.56122370895556,
                52.0883960919216
              ],
              [
                1.5414475558988,
                52.0797868165656
              ],
              [
                1.51795666716782,
                52.0758736788036
              ],
              [
                1.50366767980915,
                52.0706882393053
              ],
              [
                1.50125815600665,
                52.0707218902233
              ],
              [
                1.50049962998604,
                52.0703207396295
              ],
              [
                1.45111962501544,
                52.0441793734003
              ],
              [
                1.46324024681364,
                52.048281615816
              ],
              [
                1.4627005871495,
                52.0467130532667
              ],
              [
                1.46249655894107,
                52.0466418805714
              ],
              [
                1.43194738313379,
                52.0071317825314
              ],
              [
                1.39368175155048,
                51.9865351611458
              ],
              [
                1.39534282588652,
                51.9993902689622
              ],
              [
                1.36074426553821,
                52.0062653097951
              ],
              [
                1.39148056987275,
                51.9893803766554
              ],
              [
                1.38810242097719,
                51.9784938674347
              ],
              [
                1.34450301519891,
                51.9569246238774
              ],
              [
                1.31997191675654,
                51.9331628989402
              ],
              [
                1.31570153022908,
                51.9512916737974
              ],
              [
                1.3156798996021,
                51.9514105168224
              ],
              [
                1.28443115253676,
                51.9652872461946
              ],
              [
                1.28260092341116,
                51.9660994506073
              ],
              [
                1.28233004635625,
                51.9692433988826
              ],
              [
                1.28027544414154,
                51.9930838521086
              ],
              [
                1.20458821397773,
                52.0143349633421
              ],
              [
                1.20272883741076,
                52.0148561810705
              ],
              [
                1.18254208147047,
                52.0205122595526
              ],
              [
                1.17884674093301,
                52.0215471231865
              ],
              [
                1.16623790473794,
                52.0298555967368
              ],
              [
                1.16071458347532,
                52.0316127091834
              ],
              [
                1.15902962316589,
                52.0319613497017
              ],
              [
                1.15051909378621,
                52.0337218462415
              ],
              [
                1.14906642303598,
                52.0340222715823
              ],
              [
                1.14978866884201,
                52.0335905249929
              ],
              [
                1.1673345291485,
                52.0230980173418
              ],
              [
                1.17182990830236,
                52.0204085658056
              ],
              [
                1.1776342439789,
                52.0169352863454
              ],
              [
                1.18008219771743,
                52.0154702009445
              ],
              [
                1.20365942343562,
                52.0013520138134
              ],
              [
                1.21183339645121,
                51.9964542608911
              ],
              [
                1.26725679239323,
                51.9878175713353
              ],
              [
                1.27583981246704,
                51.9565658979473
              ],
              [
                1.2429503152148,
                51.961394575035
              ],
              [
                1.21977076773377,
                51.952866480862
              ],
              [
                1.20031571447882,
                51.9544883890516
              ],
              [
                1.18777953204106,
                51.9555316961548
              ],
              [
                1.16351719742178,
                51.9705926642391
              ],
              [
                1.13037204073448,
                51.9535220498592
              ],
              [
                1.08572827739404,
                51.9590093703243
              ],
              [
                1.06868007333932,
                51.9504228138201
              ],
              [
                1.06588779332788,
                51.9490158909353
              ],
              [
                1.05391752362428,
                51.9530014205525
              ],
              [
                1.06186240217185,
                51.9459536848542
              ],
              [
                1.11947589223361,
                51.9400540992031
              ],
              [
                1.17012442363957,
                51.9480039408031
              ],
              [
                1.18054781073297,
                51.9417523255184
              ],
              [
                1.19934289738747,
                51.9408326474931
              ],
              [
                1.22733027234651,
                51.9394574789771
              ],
              [
                1.24615109918745,
                51.9484656678013
              ],
              [
                1.27712034704249,
                51.9391679050076
              ],
              [
                1.29085979743257,
                51.9486829305696
              ],
              [
                1.29613152129572,
                51.9369592341148
              ],
              [
                1.29661838303844,
                51.935594321329
              ],
              [
                1.29658247404765,
                51.9355823773592
              ],
              [
                1.28511989017235,
                51.9368637669136
              ],
              [
                1.24971751246296,
                51.9162014774761
              ],
              [
                1.25288221586779,
                51.9146004592659
              ],
              [
                1.25799954713994,
                51.9120111856023
              ],
              [
                1.25201925106467,
                51.9021739449092
              ],
              [
                1.2462758961876,
                51.8957454709237
              ],
              [
                1.25095577267188,
                51.9022401319638
              ],
              [
                1.2341345096174,
                51.9032857889268
              ],
              [
                1.22601042207041,
                51.903789933557
              ],
              [
                1.21203546774757,
                51.8966266996841
              ],
              [
                1.22829890044513,
                51.8905376428563
              ],
              [
                1.21244096082245,
                51.8903639925082
              ],
              [
                1.19901557674689,
                51.8847775940669
              ],
              [
                1.20984184065484,
                51.8785174323401
              ],
              [
                1.20910087485572,
                51.8783520537347
              ],
              [
                1.1946745188036,
                51.8751310068923
              ],
              [
                1.17819061623697,
                51.8714477978234
              ],
              [
                1.19423990275809,
                51.8690012937136
              ],
              [
                1.2115859194054,
                51.866354362144
              ],
              [
                1.22640966809504,
                51.8721266735649
              ],
              [
                1.23243812439173,
                51.8550725798862
              ],
              [
                1.23580028371717,
                51.8614440212002
              ],
              [
                1.24921539006647,
                51.862307986589
              ],
              [
                1.25000411458641,
                51.8561214322952
              ],
              [
                1.2525999938084,
                51.8637510718624
              ],
              [
                1.26660493859868,
                51.8636494062401
              ],
              [
                1.26914507472014,
                51.851778641099
              ],
              [
                1.26993184007437,
                51.8636250039017
              ],
              [
                1.26850949047767,
                51.8636354479088
              ],
              [
                1.26778677560171,
                51.877113447484
              ],
              [
                1.28606513625981,
                51.8757422520792
              ],
              [
                1.26990057384327,
                51.8773056190849
              ],
              [
                1.2639425508943,
                51.8862075445365
              ],
              [
                1.29018831980865,
                51.8743097229295
              ],
              [
                1.29053823244326,
                51.8732016968471
              ],
              [
                1.28794393374706,
                51.8623636051112
              ],
              [
                1.26612220368699,
                51.843421647275
              ],
              [
                1.25306450784584,
                51.8335881785456
              ],
              [
                1.23183734379514,
                51.8175899052568
              ],
              [
                1.12889183756311,
                51.7754339851778
              ],
              [
                1.05472076311539,
                51.7695078266907
              ],
              [
                1.04337631558113,
                51.7697081496043
              ],
              [
                1.01778996965053,
                51.8012000188921
              ],
              [
                1.0437911221096,
                51.8024512922699
              ],
              [
                1.06041598254837,
                51.8116940208446
              ],
              [
                1.06420714764888,
                51.8172246896582
              ],
              [
                1.06778296125308,
                51.8210830946411
              ],
              [
                1.04624201215101,
                51.8228746306923
              ],
              [
                1.0631773194784,
                51.8175486757533
              ],
              [
                1.05443255799152,
                51.8108358107525
              ],
              [
                1.01283586630288,
                51.8048602251058
              ],
              [
                0.984082585128921,
                51.8350558945249
              ],
              [
                1.02095489865661,
                51.834774883602
              ],
              [
                0.985187351575367,
                51.8389715306761
              ],
              [
                0.98361699498483,
                51.8407364924201
              ],
              [
                0.980128082098004,
                51.8446572061397
              ],
              [
                0.977821874422315,
                51.8472484188893
              ],
              [
                0.977554685169973,
                51.8475486051915
              ],
              [
                0.977553635472423,
                51.8473339501716
              ],
              [
                0.97752217018382,
                51.8408910313809
              ],
              [
                0.977496483378785,
                51.8356245818916
              ],
              [
                0.966444125031169,
                51.8294113721895
              ],
              [
                0.982241921164418,
                51.8173889196078
              ],
              [
                0.965770545839146,
                51.8226326128884
              ],
              [
                0.961930823781745,
                51.8331449015654
              ],
              [
                0.955606366269192,
                51.8293932352491
              ],
              [
                0.94344790534589,
                51.8221780827495
              ],
              [
                0.991183789980207,
                51.8072530369927
              ],
              [
                0.959908279336145,
                51.8102320999989
              ],
              [
                0.916172047417001,
                51.811448466228
              ],
              [
                0.920748537612709,
                51.8050013477555
              ],
              [
                0.937032807865719,
                51.8057780254669
              ],
              [
                0.921562931970931,
                51.8038538678667
              ],
              [
                0.90414434279188,
                51.8042070519423
              ],
              [
                0.898760340786514,
                51.7927096403785
              ],
              [
                0.892417831703416,
                51.7791572852392
              ],
              [
                0.866461939780975,
                51.7927924826697
              ],
              [
                0.872288252636093,
                51.7832295225434
              ],
              [
                0.848686397365395,
                51.7872674834856
              ],
              [
                0.841690366745415,
                51.7823004688848
              ],
              [
                0.829891035086637,
                51.7889983962532
              ],
              [
                0.842862056389324,
                51.7810301591853
              ],
              [
                0.843301147013734,
                51.780760348704
              ],
              [
                0.87681860129027,
                51.7793664155743
              ],
              [
                0.877254121747701,
                51.779348239872
              ],
              [
                0.877375532798772,
                51.7792410864057
              ],
              [
                0.890846600983069,
                51.7673481099028
              ],
              [
                0.854522812244585,
                51.7717623122148
              ],
              [
                0.836829948173607,
                51.7739080528353
              ],
              [
                0.831807409984461,
                51.7695169177481
              ],
              [
                0.853088772883027,
                51.7645783917155
              ],
              [
                0.850450181985127,
                51.7570258997477
              ],
              [
                0.861581646941853,
                51.7630974254167
              ],
              [
                0.88268796818783,
                51.7576845635837
              ],
              [
                0.856195207369486,
                51.7437864402702
              ],
              [
                0.847456217691314,
                51.747488474975
              ],
              [
                0.853022441207034,
                51.7419721239549
              ],
              [
                0.841564228506279,
                51.7387611270432
              ],
              [
                0.79229215521113,
                51.7451913944192
              ],
              [
                0.788632320847147,
                51.7366533036918
              ],
              [
                0.776743356259106,
                51.7439832722289
              ],
              [
                0.735909166730854,
                51.7294723815605
              ],
              [
                0.713725924380509,
                51.7376063883886
              ],
              [
                0.70552884971014,
                51.7238137328375
              ],
              [
                0.699233247822315,
                51.7261735100147
              ],
              [
                0.711207719553796,
                51.7134863757269
              ],
              [
                0.747005618510649,
                51.7114693832192
              ],
              [
                0.746033709141438,
                51.7048637252004
              ],
              [
                0.769185517779274,
                51.7083592420955
              ],
              [
                0.737834658474671,
                51.6872043984396
              ],
              [
                0.756936726295845,
                51.6907263962118
              ],
              [
                0.766957965202771,
                51.702744753726
              ],
              [
                0.77158198273473,
                51.7040612962408
              ],
              [
                0.797560512337364,
                51.707945021237
              ],
              [
                0.793478911669239,
                51.7180783696639
              ],
              [
                0.819711532311121,
                51.7210805845273
              ],
              [
                0.85221387260807,
                51.7133086111373
              ],
              [
                0.883930169221173,
                51.7356864016878
              ],
              [
                0.894596683371136,
                51.7432052450877
              ],
              [
                0.895594971327693,
                51.7433002781525
              ],
              [
                0.926854202825624,
                51.746271580524
              ],
              [
                0.930957904851572,
                51.7460290451182
              ],
              [
                0.949009911669236,
                51.7294610004046
              ],
              [
                0.938513403988253,
                51.691776736191
              ],
              [
                0.947074708616439,
                51.6871625185233
              ],
              [
                0.938106157949721,
                51.6883992070931
              ],
              [
                0.946951599819249,
                51.6854767959489
              ],
              [
                0.932143917850557,
                51.6858912956268
              ],
              [
                0.948692747261776,
                51.6832611384448
              ],
              [
                0.93153696621526,
                51.679204909525
              ],
              [
                0.946473382348895,
                51.6774082396879
              ],
              [
                0.932787291931109,
                51.6750902028132
              ],
              [
                0.946371450415622,
                51.6756092049343
              ],
              [
                0.933904581772575,
                51.6733651337453
              ],
              [
                0.944305778531285,
                51.6739293561622
              ],
              [
                0.932673022061746,
                51.6665778823096
              ],
              [
                0.942238253146668,
                51.6639913129653
              ],
              [
                0.941718134703936,
                51.6619118152625
              ],
              [
                0.934451544890771,
                51.6328371724073
              ],
              [
                0.904316826583233,
                51.6225486171372
              ],
              [
                0.887870062144279,
                51.6221045320486
              ],
              [
                0.859508701459239,
                51.621333294585
              ],
              [
                0.793874102100662,
                51.625704596257
              ],
              [
                0.780515125061885,
                51.630627558458
              ],
              [
                0.763666903508656,
                51.6368328096851
              ],
              [
                0.784388750311749,
                51.6242840475721
              ],
              [
                0.80784174099279,
                51.6224348465661
              ],
              [
                0.865440433075555,
                51.6154309242533
              ],
              [
                0.863895926381938,
                51.6087918244765
              ],
              [
                0.857805162739725,
                51.6075770353778
              ],
              [
                0.854019525527156,
                51.5958315287175
              ],
              [
                0.82042699555573,
                51.5989143534796
              ],
              [
                0.811970359541832,
                51.6031307181741
              ],
              [
                0.819073898512894,
                51.5975959790183
              ],
              [
                0.796392842575854,
                51.58639168466
              ],
              [
                0.764340398436962,
                51.5832296003571
              ],
              [
                0.805898864585426,
                51.5860753265664
              ],
              [
                0.793421858511461,
                51.5763923360833
              ],
              [
                0.808114767796221,
                51.5787145588607
              ],
              [
                0.817754448018668,
                51.5619156463209
              ],
              [
                0.850749687873212,
                51.5563390977065
              ],
              [
                0.820968405413912,
                51.5409207978397
              ],
              [
                0.820841262671775,
                51.5408567896674
              ],
              [
                0.78209563454212,
                51.5213360129995
              ],
              [
                0.669513307307074,
                51.5384737369091
              ],
              [
                0.64800493921518,
                51.538353491508
              ],
              [
                0.64641140820195,
                51.5395504185726
              ],
              [
                0.626873288084157,
                51.5382568828366
              ],
              [
                0.6264533813107,
                51.5382290450194
              ],
              [
                0.625793448154421,
                51.5381286789567
              ],
              [
                0.608330234164142,
                51.5349480177817
              ],
              [
                0.594070516213211,
                51.5374700998774
              ],
              [
                0.572104604529877,
                51.5413511754078
              ],
              [
                0.593931552176543,
                51.5350247171421
              ],
              [
                0.622103793679699,
                51.5268506000749
              ],
              [
                0.618446164479351,
                51.5202734665539
              ],
              [
                0.636859412356845,
                51.5219357093042
              ],
              [
                0.592630446488877,
                51.5121329902704
              ],
              [
                0.573364316389362,
                51.5078561347111
              ],
              [
                0.55365441764622,
                51.5098842017802
              ],
              [
                0.548618769264489,
                51.5127240732407
              ],
              [
                0.543174399678314,
                51.5157938153054
              ],
              [
                0.518042103592814,
                51.5299557680365
              ],
              [
                0.518009397956447,
                51.529974187534
              ],
              [
                0.506244074750797,
                51.538250886583
              ],
              [
                0.508832891879717,
                51.5345626281951
              ],
              [
                0.521688494047781,
                51.5162372631135
              ],
              [
                0.541250286493795,
                51.5125778400117
              ],
              [
                0.441789429693932,
                51.5008268502028
              ],
              [
                0.42336977005769,
                51.5145332788621
              ],
              [
                0.435804562732395,
                51.5001168887722
              ],
              [
                0.44556716831187,
                51.4980143789986
              ],
              [
                0.444111319060525,
                51.4934570527148
              ],
              [
                0.433901513174793,
                51.4614703840388
              ],
              [
                0.405311094329377,
                51.4539874113129
              ],
              [
                0.340862890124824,
                51.4523336797599
              ],
              [
                0.318409966717706,
                51.4741586742274
              ],
              [
                0.302381184292331,
                51.4726389861873
              ],
              [
                0.29778055114939,
                51.4722023831215
              ],
              [
                0.281446487010772,
                51.4613930966862
              ],
              [
                0.211792634982751,
                51.4897529926974
              ],
              [
                0.214156929139668,
                51.4960396107788
              ],
              [
                0.229965346752887,
                51.4993659205682
              ],
              [
                0.226603240645007,
                51.5065671755509
              ],
              [
                0.241919319250015,
                51.5079601286923
              ],
              [
                0.23717600823554,
                51.5193344362135
              ],
              [
                0.248964775563227,
                51.5286740288001
              ],
              [
                0.253834321200396,
                51.5178858742231
              ],
              [
                0.263682925083247,
                51.5178697920756
              ],
              [
                0.26534726929675,
                51.5321502678122
              ],
              [
                0.334024215540457,
                51.5405038056209
              ],
              [
                0.313035077012051,
                51.5658181310434
              ],
              [
                0.290289734004062,
                51.564299394117
              ],
              [
                0.269878877010229,
                51.5995747952324
              ],
              [
                0.254008700279762,
                51.6015982016659
              ],
              [
                0.264561968545902,
                51.6083206626161
              ],
              [
                0.252194311522362,
                51.6177694040485
              ],
              [
                0.224087730411796,
                51.6317377614501
              ],
              [
                0.200311572603919,
                51.6249357584938
              ],
              [
                0.138184234027615,
                51.6235453960826
              ],
              [
                0.0728236884775181,
                51.604689692749
              ],
              [
                0.0218144126030301,
                51.6288272192678
              ],
              [
                0.0227195431811403,
                51.6411154937586
              ],
              [
                -0.0122587363440997,
                51.6462340731818
              ],
              [
                -0.0119186760120882,
                51.6808778137628
              ],
              [
                -0.10577913835527,
                51.691875645076
              ],
              [
                -0.16349327190188,
                51.6881150805452
              ],
              [
                -0.182085377482676,
                51.6686040576128
              ],
              [
                -0.191066699325158,
                51.663896705305
              ],
              [
                -0.203352928676407,
                51.6701264980577
              ],
              [
                -0.212135030723747,
                51.6613535274521
              ],
              [
                -0.250582589477333,
                51.6560573513569
              ],
              [
                -0.257332657983699,
                51.6418318487864
              ],
              [
                -0.304455276938232,
                51.6363500476668
              ],
              [
                -0.316672226651474,
                51.6405356320327
              ],
              [
                -0.362621240927378,
                51.623504881092
              ],
              [
                -0.404050154334324,
                51.6131839959722
              ],
              [
                -0.440575301248618,
                51.6200732392823
              ],
              [
                -0.45713075544326,
                51.6122938899687
              ],
              [
                -0.496846269346709,
                51.6317330365424
              ],
              [
                -0.500595886707713,
                51.5996898995446
              ],
              [
                -0.520594814254746,
                51.6018435767324
              ],
              [
                -0.539260817248429,
                51.6380393903589
              ],
              [
                -0.536891506831177,
                51.66062447194
              ],
              [
                -0.522777811355687,
                51.6583975690642
              ],
              [
                -0.520994789975881,
                51.6680453786488
              ],
              [
                -0.505107856294714,
                51.6730768935396
              ],
              [
                -0.5242727897625,
                51.6821126548307
              ],
              [
                -0.548696117263057,
                51.6826712819172
              ],
              [
                -0.544017145197112,
                51.6968174717823
              ],
              [
                -0.563209678148733,
                51.711879863549
              ],
              [
                -0.550413609644404,
                51.7230428893424
              ],
              [
                -0.553645081612158,
                51.7340179568723
              ],
              [
                -0.574878745827136,
                51.7369685250245
              ],
              [
                -0.586379726948022,
                51.752115950377
              ],
              [
                -0.612935985356938,
                51.7474272551457
              ],
              [
                -0.669663645804401,
                51.7661601149004
              ],
              [
                -0.690190999010661,
                51.7923392099107
              ],
              [
                -0.685394264623361,
                51.800185921199
              ],
              [
                -0.709295276544129,
                51.8205395951875
              ],
              [
                -0.724234882170819,
                51.8181444124443
              ],
              [
                -0.745741307424465,
                51.8419566922709
              ],
              [
                -0.71744693321341,
                51.857111742493
              ],
              [
                -0.696357328381484,
                51.8581344181725
              ],
              [
                -0.686767774211115,
                51.8492402535948
              ],
              [
                -0.695451174124327,
                51.8411104911917
              ],
              [
                -0.667214196976871,
                51.8158103326608
              ],
              [
                -0.632939595714382,
                51.8199461865563
              ],
              [
                -0.581825667306615,
                51.806905442703
              ],
              [
                -0.560656237503438,
                51.8300826295858
              ],
              [
                -0.553628614528143,
                51.8267126743846
              ],
              [
                -0.543650555059742,
                51.8245178243873
              ],
              [
                -0.537628502381233,
                51.831410849311
              ],
              [
                -0.583563578497735,
                51.8703238397593
              ],
              [
                -0.620089156301983,
                51.8854855177642
              ],
              [
                -0.651979972868893,
                51.8867905129318
              ],
              [
                -0.672969117918549,
                51.9017527146068
              ],
              [
                -0.692702688447145,
                51.9001506736563
              ],
              [
                -0.702156753839254,
                51.9091191134523
              ],
              [
                -0.652978332552365,
                51.9692289641348
              ],
              [
                -0.645680806107934,
                51.9722283103994
              ],
              [
                -0.661689665349646,
                51.9997363853302
              ],
              [
                -0.643476890185546,
                52.0108547037084
              ],
              [
                -0.651023980545739,
                52.0184860767829
              ],
              [
                -0.640200926835711,
                52.0240684856276
              ],
              [
                -0.643052382546371,
                52.0372530907553
              ],
              [
                -0.66897597717708,
                52.0487168398621
              ],
              [
                -0.591810331093195,
                52.1106918880848
              ],
              [
                -0.607249381411581,
                52.1338687508704
              ],
              [
                -0.635451654776416,
                52.1392536199736
              ],
              [
                -0.640781511339957,
                52.1527722735158
              ],
              [
                -0.630670852955621,
                52.1549239748156
              ],
              [
                -0.627446652760469,
                52.1815454683059
              ],
              [
                -0.668135637658982,
                52.1950341108626
              ],
              [
                -0.637331621538754,
                52.2273176317053
              ],
              [
                -0.653655470981071,
                52.2682893062583
              ],
              [
                -0.603337324928295,
                52.2788024381883
              ],
              [
                -0.565693055132987,
                52.2534682255308
              ],
              [
                -0.541971909007148,
                52.2560727485425
              ],
              [
                -0.531190184929433,
                52.2704024294568
              ],
              [
                -0.541969414284238,
                52.289942445996
              ],
              [
                -0.51405119572575,
                52.3146970761542
              ],
              [
                -0.519829880170178,
                52.3176925671775
              ],
              [
                -0.465365756514023,
                52.3229532812236
              ],
              [
                -0.466656737588569,
                52.3389275763867
              ],
              [
                -0.483264192761938,
                52.3409032965452
              ],
              [
                -0.477682425550585,
                52.3489199908052
              ],
              [
                -0.498701137705854,
                52.3601003490059
              ],
              [
                -0.488518815815111,
                52.374023541922
              ],
              [
                -0.495946267784951,
                52.3795155302665
              ],
              [
                -0.441509864468212,
                52.3849964334918
              ],
              [
                -0.417072832141305,
                52.4115991100394
              ],
              [
                -0.362408041008102,
                52.4335312771171
              ],
              [
                -0.370217036792488,
                52.4399302714048
              ],
              [
                -0.341590492473876,
                52.4669426264393
              ],
              [
                -0.359399580960367,
                52.4898590682185
              ],
              [
                -0.354345203263394,
                52.506495071408
              ],
              [
                -0.41360264078616,
                52.5256796136898
              ],
              [
                -0.401283297154244,
                52.5386846825105
              ],
              [
                -0.419593787297949,
                52.5589619550318
              ],
              [
                -0.407290921113568,
                52.5640548539069
              ],
              [
                -0.415381402678347,
                52.5787426388379
              ],
              [
                -0.478814868225147,
                52.5736451461549
              ],
              [
                -0.492664861408748,
                52.5819002624797
              ],
              [
                -0.470921180908155,
                52.6235593371385
              ],
              [
                -0.494773452953128,
                52.6403140717781
              ],
              [
                -0.452694588690005,
                52.6542776639245
              ],
              [
                -0.405681264519019,
                52.6480460962267
              ],
              [
                -0.350222338938467,
                52.6616146845578
              ],
              [
                -0.335037147727822,
                52.6748659736156
              ],
              [
                -0.289240338532188,
                52.670276187598
              ],
              [
                -0.260753908763581,
                52.6514179778649
              ],
              [
                -0.212501332962663,
                52.6666794921145
              ],
              [
                -0.192867813968712,
                52.6524385101436
              ],
              [
                -0.180020104938366,
                52.6605611585363
              ],
              [
                -0.14106199482318,
                52.6515074238731
              ],
              [
                -0.102195958173317,
                52.6722061953745
              ],
              [
                -0.087752503198597,
                52.6667860917744
              ],
              [
                -0.0637138143368728,
                52.6752330946105
              ],
              [
                -0.0312706832247115,
                52.6615327439745
              ],
              [
                0.0215003524278174,
                52.6648872875554
              ],
              [
                0.0485664016375671,
                52.681401659302
              ],
              [
                0.0441494760292555,
                52.7143823496203
              ],
              [
                0.0636266193206916,
                52.7273915085958
              ],
              [
                0.0890164630476403,
                52.7236308012968
              ],
              [
                0.132975309410502,
                52.7393044771965
              ],
              [
                0.171626068464837,
                52.7380317024654
              ],
              [
                0.186323197484379,
                52.7353486304287
              ],
              [
                0.272208555801162,
                52.7728063615
              ],
              [
                0.245084460578009,
                52.784523805895
              ],
              [
                0.265742386926046,
                52.8139068482112
              ],
              [
                0.267446588460357,
                52.813218497473
              ],
              [
                0.285057668137962,
                52.8118263193965
              ],
              [
                0.278395877673744,
                52.8161148328641
              ],
              [
                0.287556056725675,
                52.8192343903557
              ],
              [
                0.290376778948269,
                52.8131268251063
              ],
              [
                0.315488910376134,
                52.8188364806334
              ],
              [
                0.344591126239648,
                52.8142684295006
              ],
              [
                0.334354789405965,
                52.8102022470135
              ],
              [
                0.345887042886285,
                52.8135985943951
              ],
              [
                0.338930305129746,
                52.8076485103609
              ],
              [
                0.352091102081896,
                52.8093603164512
              ],
              [
                0.345327245104745,
                52.8032968983537
              ],
              [
                0.35382719525255,
                52.8063124675719
              ],
              [
                0.362445909182256,
                52.7966615201457
              ],
              [
                0.370922078202803,
                52.7826687908849
              ],
              [
                0.38853539112662,
                52.7535630091151
              ],
              [
                0.39227000891857,
                52.7473865220756
              ],
              [
                0.389333262077628,
                52.7535469303539
              ],
              [
                0.374646612709678,
                52.7843293550307
              ],
              [
                0.381462777970733,
                52.7887595593153
              ],
              [
                0.374153487645857,
                52.785294090749
              ],
              [
                0.371289074215706,
                52.7894180015419
              ],
              [
                0.362774256398555,
                52.8016719578483
              ],
              [
                0.370302904371419,
                52.8023638678505
              ],
              [
                0.358254502339108,
                52.8077623418625
              ],
              [
                0.372476429848191,
                52.8112315508735
              ],
              [
                0.381210291468435,
                52.8133609098834
              ],
              [
                0.372569027103403,
                52.8129316952159
              ],
              [
                0.357554030835117,
                52.8121843782556
              ],
              [
                0.3729882936043,
                52.820630431817
              ],
              [
                0.402614434250858,
                52.8368276625568
              ],
              [
                0.411648261401804,
                52.832555746448
              ],
              [
                0.405081459543423,
                52.8376932058488
              ],
              [
                0.433003256077672,
                52.8530996757054
              ],
              [
                0.444560012817238,
                52.8534376100108
              ],
              [
                0.449586327382084,
                52.842417501054
              ],
              [
                0.444878314154611,
                52.8728586092802
              ],
              [
                0.480282591568989,
                52.9315149020464
              ],
              [
                0.490249606435932,
                52.9479963906602
              ],
              [
                0.541634963466823,
                52.9751711060213
              ],
              [
                0.569348921137171,
                52.9753006665166
              ],
              [
                0.561638149829784,
                52.9719065696722
              ],
              [
                0.576264084257548,
                52.9640222278011
              ],
              [
                0.58638144312343,
                52.9728996139747
              ],
              [
                0.586989169837917,
                52.9659495294172
              ],
              [
                0.592218843670143,
                52.9709613888115
              ],
              [
                0.590079582611497,
                52.9646779295036
              ],
              [
                0.603482404366741,
                52.9657921041836
              ],
              [
                0.587927232268307,
                52.9770705046544
              ],
              [
                0.617747119205769,
                52.9727300148452
              ],
              [
                0.613925703581596,
                52.9660093886188
              ],
              [
                0.626238652678762,
                52.9673915088402
              ],
              [
                0.622776745225581,
                52.973786939476
              ],
              [
                0.671583284634997,
                52.9775154938879
              ],
              [
                0.668845953869293,
                52.970058584413
              ],
              [
                0.638619456060705,
                52.9708681329697
              ],
              [
                0.643469471553407,
                52.9662187398308
              ],
              [
                0.678875889784711,
                52.967316258766
              ],
              [
                0.684717255838526,
                52.9674963077697
              ],
              [
                0.700069965516536,
                52.9735275662398
              ],
              [
                0.680041208396988,
                52.9694792772051
              ],
              [
                0.69379881960157,
                52.9789832778116
              ],
              [
                0.715512467545669,
                52.9718471653399
              ],
              [
                0.748045016301344,
                52.974802458372
              ],
              [
                0.750537194036072,
                52.9725798680266
              ],
              [
                0.746302711302292,
                52.9661849823841
              ],
              [
                0.747599712749606,
                52.9726003406713
              ],
              [
                0.731746143493666,
                52.9727095831538
              ],
              [
                0.731603855220474,
                52.9611398429943
              ],
              [
                0.757834038669975,
                52.9693808429255
              ],
              [
                0.753634533817098,
                52.9750881821595
              ],
              [
                0.764476660287398,
                52.9765937111325
              ],
              [
                0.75058726427889,
                52.976743751475
              ],
              [
                0.781524040264648,
                52.9783976912599
              ],
              [
                0.781702722483496,
                52.9783681747907
              ],
              [
                0.812507990778506,
                52.973274915401
              ],
              [
                0.845365088686037,
                52.9776552563992
              ],
              [
                0.851017636963859,
                52.9577771603261
              ],
              [
                0.869617836673395,
                52.9547881507574
              ],
              [
                0.905442767433955,
                52.962436749984
              ],
              [
                0.9093208475458,
                52.9568772396778
              ],
              [
                0.91063711682205,
                52.9633215392069
              ],
              [
                0.916903077952297,
                52.9624563462803
              ],
              [
                0.914622551717722,
                52.9636649189872
              ],
              [
                0.920983799050499,
                52.9661906027635
              ],
              [
                0.936507921272435,
                52.9576696185356
              ],
              [
                0.976453044378328,
                52.9628272147187
              ],
              [
                0.983985947882987,
                52.9637981718899
              ],
              [
                1.01450755999418,
                52.9629996671441
              ],
              [
                1.01060170679714,
                52.9550193271341
              ],
              [
                1.0305275258189,
                52.9666083958355
              ],
              [
                1.00294765093922,
                52.9738912312755
              ],
              [
                0.977077850478483,
                52.9719123728504
              ],
              [
                0.969859306983983,
                52.971359200057
              ],
              [
                0.95800609056073,
                52.9693052661615
              ],
              [
                0.974973352016767,
                52.980353988011
              ],
              [
                0.977623821862181,
                52.9798514507186
              ],
              [
                1.00685571154468,
                52.9743043522896
              ]
            ]
          ],
          [
            [
              [
                0.695431176239618,
                52.9869161101777
              ],
              [
                0.75100375951988,
                52.9781731438014
              ],
              [
                0.721725241305461,
                52.9824910799005
              ],
              [
                0.716592290798669,
                52.9773571205646
              ],
              [
                0.718928305496478,
                52.9827700129744
              ],
              [
                0.711043461624066,
                52.9786968809718
              ],
              [
                0.703495826588303,
                52.9837648887849
              ],
              [
                0.700925367100904,
                52.9791711616968
              ],
              [
                0.703373068550492,
                52.9852209294984
              ],
              [
                0.697611847055476,
                52.9806712993958
              ],
              [
                0.690356200246364,
                52.9869941686638
              ],
              [
                0.696512564907587,
                52.9808830152517
              ],
              [
                0.685417788474288,
                52.9832275200708
              ],
              [
                0.682107708437113,
                52.9774117889738
              ],
              [
                0.685885539609162,
                52.9867370506846
              ],
              [
                0.680070904368914,
                52.9866407005757
              ],
              [
                0.65805397992545,
                52.9862733491453
              ],
              [
                0.680117030030948,
                52.9873866940569
              ],
              [
                0.686500602914741,
                52.9877080662354
              ],
              [
                0.695431176239618,
                52.9869161101777
              ]
            ]
          ]
        ]
      },
      "properties": {
        "name": "East of England",
        "code": "E12000006",
        "slug": "east-of-england"
      }
    },
    {
      "type": "Feature",
      "geometry": {
        "type": "Polygon",
        "coordinates": [
          [
            [
              -0.0119186760120882,
              51.6808778137628
            ],
            [
              -0.0122587363440997,
              51.6462340731818
            ],
            [
              0.0227195431811403,
              51.6411154937586
            ],
            [
              0.0218144126030301,
              51.6288272192678
            ],
            [
              0.0728236884775181,
              51.604689692749
            ],
            [
              0.138184234027615,
              51.6235453960826
            ],
            [
              0.200311572603919,
              51.6249357584938
            ],
            [
              0.224087730411796,
              51.6317377614501
            ],
            [
              0.252194311522362,
              51.6177694040485
            ],
            [
              0.264561968545902,
              51.6083206626161
            ],
            [
              0.254008700279762,
              51.6015982016659
            ],
            [
              0.269878877010229,
              51.5995747952324
            ],
            [
              0.290289734004062,
              51.564299394117
            ],
            [
              0.313035077012051,
              51.5658181310434
            ],
            [
              0.334024215540457,
              51.5405038056209
            ],
            [
              0.26534726929675,
              51.5321502678122
            ],
            [
              0.263682925083247,
              51.5178697920756
            ],
            [
              0.253834321200396,
              51.5178858742231
            ],
            [
              0.248964775563227,
              51.5286740288001
            ],
            [
              0.23717600823554,
              51.5193344362135
            ],
            [
              0.241919319250015,
              51.5079601286923
            ],
            [
              0.226603240645007,
              51.5065671755509
            ],
            [
              0.229965346752887,
              51.4993659205682
            ],
            [
              0.214156929139668,
              51.4960396107788
            ],
            [
              0.211792634982751,
              51.4897529926974
            ],
            [
              0.210575775391054,
              51.49024775373
            ],
            [
              0.187657973831843,
              51.4878854434686
            ],
            [
              0.182018252178163,
              51.4986276421577
            ],
            [
              0.178514728636713,
              51.5052984299373
            ],
            [
              0.160114764782474,
              51.5117816431319
            ],
            [
              0.158741163472628,
              51.5122654249116
            ],
            [
              0.126869821122681,
              51.5195671605266
            ],
            [
              0.0981446123891195,
              51.5149582281748
            ],
            [
              0.0981216648915187,
              51.5149481473699
            ],
            [
              0.0657816750932085,
              51.500732722707
            ],
            [
              0.060385612446722,
              51.4983591287587
            ],
            [
              0.0202499194412868,
              51.4994190942321
            ],
            [
              0.0175773337638531,
              51.5015721551362
            ],
            [
              0.015724804355067,
              51.5030644308221
            ],
            [
              0.00918731023577424,
              51.5083296309527
            ],
            [
              0.00812706144182038,
              51.5081033461722
            ],
            [
              0.00570359617501076,
              51.5075860683797
            ],
            [
              -0.00577379065589522,
              51.5051354033132
            ],
            [
              -0.00624792743896201,
              51.5019797595195
            ],
            [
              -0.00848487186798062,
              51.4870851348706
            ],
            [
              -0.00856136947883429,
              51.4865755797743
            ],
            [
              -0.0106658612822686,
              51.487041964167
            ],
            [
              -0.0253743759466826,
              51.4903003193427
            ],
            [
              -0.0282767191547521,
              51.5023520769358
            ],
            [
              -0.0298562113839582,
              51.5089082066919
            ],
            [
              -0.0454934206570858,
              51.5093949344726
            ],
            [
              -0.059620458879845,
              51.5028757346035
            ],
            [
              -0.0596940580715892,
              51.5028417624324
            ],
            [
              -0.0598430363752271,
              51.5028794163257
            ],
            [
              -0.0793691889579074,
              51.5078126901602
            ],
            [
              -0.0729791500717178,
              51.5050289920069
            ],
            [
              -0.0683687511044448,
              51.5030201412435
            ],
            [
              -0.0629539512591986,
              51.5006603785048
            ],
            [
              -0.0538734626381434,
              51.5027804538361
            ],
            [
              -0.0358896747373373,
              51.5069765953773
            ],
            [
              -0.0347502502573042,
              51.5024610110082
            ],
            [
              -0.0323782292331395,
              51.493057668419
            ],
            [
              -0.0323228472363622,
              51.4930024905499
            ],
            [
              -0.0248292543165345,
              51.4855349919557
            ],
            [
              -0.0220396451640124,
              51.4836879695002
            ],
            [
              -0.0170818838368499,
              51.4804048672828
            ],
            [
              -0.0195739123853911,
              51.4781564580823
            ],
            [
              -0.0226749389216709,
              51.4753582288853
            ],
            [
              -0.0191625346047497,
              51.4772334565618
            ],
            [
              0.00197048046593891,
              51.4885109273314
            ],
            [
              0.00148935785163024,
              51.5018479092712
            ],
            [
              0.00140327032565277,
              51.504233822456
            ],
            [
              0.00138692090685945,
              51.5046869165963
            ],
            [
              0.00200254355682856,
              51.5043596273825
            ],
            [
              0.00690053994092588,
              51.5017553773307
            ],
            [
              0.0154655960384277,
              51.4972002670265
            ],
            [
              0.0215723354829263,
              51.4939516435443
            ],
            [
              0.0580305542018139,
              51.4940485832307
            ],
            [
              0.0766774709756488,
              51.495908101859
            ],
            [
              0.0820161547112953,
              51.5004453159287
            ],
            [
              0.0908145485215611,
              51.5079206607656
            ],
            [
              0.0921141296597294,
              51.5090245489837
            ],
            [
              0.0935574059552729,
              51.5091492545397
            ],
            [
              0.118681626542627,
              51.5113170389206
            ],
            [
              0.120233982272896,
              51.5114508016461
            ],
            [
              0.162510188659684,
              51.5047968415401
            ],
            [
              0.164694931244556,
              51.5044525252274
            ],
            [
              0.168818341007321,
              51.4993562865261
            ],
            [
              0.169215771233888,
              51.4988649995723
            ],
            [
              0.183617006246245,
              51.4810551605155
            ],
            [
              0.217618086706926,
              51.4804747177264
            ],
            [
              0.221174393866714,
              51.4788009616671
            ],
            [
              0.203352887998954,
              51.4543284762389
            ],
            [
              0.172854347046178,
              51.4432451859561
            ],
            [
              0.164328170821928,
              51.428584960395
            ],
            [
              0.155875040999271,
              51.4308765832203
            ],
            [
              0.152932433214569,
              51.4087084822749
            ],
            [
              0.148869409057703,
              51.4084291280417
            ],
            [
              0.162384148649341,
              51.3924903029482
            ],
            [
              0.147741027799853,
              51.3928010009629
            ],
            [
              0.152057740284581,
              51.369693702871
            ],
            [
              0.136958109807481,
              51.3441746030579
            ],
            [
              0.118456303441167,
              51.3441477823276
            ],
            [
              0.117903916477628,
              51.3296632250325
            ],
            [
              0.0850292999478298,
              51.3160232034708
            ],
            [
              0.085693083414603,
              51.2930842265565
            ],
            [
              0.0423988836480159,
              51.2926788481476
            ],
            [
              0.0329094193659263,
              51.3075209105553
            ],
            [
              0.0150093785466654,
              51.2917860709399
            ],
            [
              0.00229472096614317,
              51.3291388504045
            ],
            [
              -0.0378922709023185,
              51.3387044839489
            ],
            [
              -0.0513070785090949,
              51.3224478946239
            ],
            [
              -0.0789238675088782,
              51.3197692488993
            ],
            [
              -0.0911679398530003,
              51.3014725395867
            ],
            [
              -0.124292859195443,
              51.2867586581741
            ],
            [
              -0.137313517553181,
              51.3007809054431
            ],
            [
              -0.155317700345265,
              51.3012743937466
            ],
            [
              -0.156543168202182,
              51.3215085876745
            ],
            [
              -0.197319341793986,
              51.3435951607876
            ],
            [
              -0.220940778665422,
              51.329863040844
            ],
            [
              -0.229822680842935,
              51.3365228063413
            ],
            [
              -0.217264425534208,
              51.3433870908022
            ],
            [
              -0.222736429711724,
              51.3570860732809
            ],
            [
              -0.245404841047606,
              51.36684543978
            ],
            [
              -0.245030259031958,
              51.3800339646928
            ],
            [
              -0.261148558997612,
              51.3795997993148
            ],
            [
              -0.285437835927588,
              51.3642491732132
            ],
            [
              -0.30619199674676,
              51.335084409955
            ],
            [
              -0.330655551869037,
              51.329009638114
            ],
            [
              -0.330510144936706,
              51.3484194351243
            ],
            [
              -0.307365447875412,
              51.3783835469484
            ],
            [
              -0.317697879461912,
              51.3936670793324
            ],
            [
              -0.327817852432651,
              51.3918371435524
            ],
            [
              -0.359139329301899,
              51.4119031594782
            ],
            [
              -0.383350028118426,
              51.4085382951091
            ],
            [
              -0.39134197049661,
              51.4223261121324
            ],
            [
              -0.456467560723885,
              51.4381066797048
            ],
            [
              -0.458644591579379,
              51.4563100937873
            ],
            [
              -0.509701400845035,
              51.4691759467844
            ],
            [
              -0.490024731164425,
              51.4947476343761
            ],
            [
              -0.483162290087155,
              51.5071277158519
            ],
            [
              -0.495487343898738,
              51.5385452309154
            ],
            [
              -0.476620654263602,
              51.559188837794
            ],
            [
              -0.500595886707713,
              51.5996898995446
            ],
            [
              -0.496846269346709,
              51.6317330365424
            ],
            [
              -0.45713075544326,
              51.6122938899687
            ],
            [
              -0.440575301248618,
              51.6200732392823
            ],
            [
              -0.404050154334324,
              51.6131839959722
            ],
            [
              -0.362621240927378,
              51.623504881092
            ],
            [
              -0.316672226651474,
              51.6405356320327
            ],
            [
              -0.304455276938232,
              51.6363500476668
            ],
            [
              -0.257332657983699,
              51.6418318487864
            ],
            [
              -0.250582589477333,
              51.6560573513569
            ],
            [
              -0.212135030723747,
              51.6613535274521
            ],
            [
              -0.203352928676407,
              51.6701264980577
            ],
            [
              -0.191066699325158,
              51.663896705305
            ],
            [
              -0.182085377482676,
              51.6686040576128
            ],
            [
              -0.16349327190188,
              51.6881150805452
            ],
            [
              -0.10577913835527,
              51.691875645076
            ],
            [
              -0.0119186760120882,
              51.6808778137628
            ]
          ]
        ]
      },
      "properties": {
        "name": "London",
        "code": "E12000007",
        "slug": "greater-london"
      }
    },
    {
      "type": "Feature",
      "geometry": {
        "type": "MultiPolygon",
        "coordinates": [
          [
            [
              [
                -1.55514990054187,
                50.7143479851288
              ],
              [
                -1.55117688336392,
                50.706141178964
              ],
              [
                -1.55647776504661,
                50.7076806555965
              ],
              [
                -1.55514990054187,
                50.7143479851288
              ]
            ]
          ],
          [
            [
              [
                -1.31222514624566,
                50.7671533735649
              ],
              [
                -1.29609714851944,
                50.7617764270967
              ],
              [
                -1.29489503045876,
                50.7619811976238
              ],
              [
                -1.28295875523301,
                50.7300328620063
              ],
              [
                -1.29138282950445,
                50.7625793860787
              ],
              [
                -1.27459016885121,
                50.7654377404134
              ],
              [
                -1.24778603600004,
                50.7518652840474
              ],
              [
                -1.24252178054301,
                50.7385374244925
              ],
              [
                -1.23491441336852,
                50.7432761060189
              ],
              [
                -1.22788037522502,
                50.741518453346
              ],
              [
                -1.21642988277835,
                50.7351993474794
              ],
              [
                -1.21665461703654,
                50.7349419195155
              ],
              [
                -1.21592887156504,
                50.7349227947618
              ],
              [
                -1.21453483766021,
                50.7341532697859
              ],
              [
                -1.20866995844008,
                50.7347312501724
              ],
              [
                -1.15457965044967,
                50.7332899441918
              ],
              [
                -1.15118201850004,
                50.7323587869699
              ],
              [
                -1.10870001252852,
                50.7207032915614
              ],
              [
                -1.096090623818,
                50.6943892803458
              ],
              [
                -1.10288960453021,
                50.6998787470342
              ],
              [
                -1.10829185101191,
                50.6935034068887
              ],
              [
                -1.08597394168384,
                50.6943265747735
              ],
              [
                -1.07037691303565,
                50.6875813579186
              ],
              [
                -1.07023567542794,
                50.6875007159922
              ],
              [
                -1.09854495094956,
                50.66496924895
              ],
              [
                -1.13172351876458,
                50.6623279094688
              ],
              [
                -1.15261539452971,
                50.6529067509504
              ],
              [
                -1.16036019623443,
                50.6494123606049
              ],
              [
                -1.17602804387068,
                50.6167840248534
              ],
              [
                -1.18539974649739,
                50.5972447474755
              ],
              [
                -1.30125092563529,
                50.5755742433479
              ],
              [
                -1.34510194345534,
                50.6010229126833
              ],
              [
                -1.37388252468608,
                50.6180148211081
              ],
              [
                -1.38897028307115,
                50.6269150125331
              ],
              [
                -1.43568272412706,
                50.6402814200141
              ],
              [
                -1.44808171948387,
                50.6438248926354
              ],
              [
                -1.48441245405785,
                50.6667609380812
              ],
              [
                -1.58654257501726,
                50.663125272692
              ],
              [
                -1.5482242381248,
                50.6782809188706
              ],
              [
                -1.52212656232233,
                50.7070221433776
              ],
              [
                -1.52041568909287,
                50.7071249812287
              ],
              [
                -1.50156827688998,
                50.7068070231597
              ],
              [
                -1.50967039709627,
                50.7058149548162
              ],
              [
                -1.49983528343664,
                50.6979536873383
              ],
              [
                -1.4965850924012,
                50.7009347398427
              ],
              [
                -1.50393007609483,
                50.7056534359429
              ],
              [
                -1.46946387053792,
                50.7095556409003
              ],
              [
                -1.43468656889706,
                50.7232739583474
              ],
              [
                -1.42806709471873,
                50.7258829256898
              ],
              [
                -1.41701274760814,
                50.7252363145415
              ],
              [
                -1.41175296319599,
                50.7243760076577
              ],
              [
                -1.42201026864972,
                50.7246156124451
              ],
              [
                -1.41298551251916,
                50.7186244562104
              ],
              [
                -1.41423674916251,
                50.7153033340576
              ],
              [
                -1.41305623728034,
                50.7035321613147
              ],
              [
                -1.4119028489175,
                50.7144768057875
              ],
              [
                -1.39774295878017,
                50.7104480311141
              ],
              [
                -1.40811946505584,
                50.7190812648143
              ],
              [
                -1.38482203025885,
                50.7224763656128
              ],
              [
                -1.40356772054242,
                50.7265572366218
              ],
              [
                -1.39528491610402,
                50.7288174503164
              ],
              [
                -1.35329639919519,
                50.7390898055694
              ],
              [
                -1.31222514624566,
                50.7671533735649
              ]
            ]
          ],
          [
            [
              [
                -1.09260967526229,
                50.8151105716394
              ],
              [
                -1.10147485536478,
                50.8135922857573
              ],
              [
                -1.09649634846136,
                50.8206385268821
              ],
              [
                -1.09260967526229,
                50.8151105716394
              ]
            ]
          ],
          [
            [
              [
                -0.950970779669386,
                50.8237904405649
              ],
              [
                -0.957215526514023,
                50.8075729191254
              ],
              [
                -0.973331986538252,
                50.8090342848307
              ],
              [
                -0.952746967377765,
                50.8011192140116
              ],
              [
                -0.959264224397035,
                50.7949101519108
              ],
              [
                -0.967368026800178,
                50.7871867760151
              ],
              [
                -0.951226598896024,
                50.7870191844266
              ],
              [
                -0.958866318799937,
                50.781154930609
              ],
              [
                -0.937591016133505,
                50.7873243024877
              ],
              [
                -0.938871205395898,
                50.7776381757587
              ],
              [
                -0.959547752710181,
                50.7796478098619
              ],
              [
                -1.02388973730494,
                50.7881533765308
              ],
              [
                -1.024998748734,
                50.7954778803133
              ],
              [
                -1.02508165818578,
                50.7960253370278
              ],
              [
                -0.994524437189328,
                50.7983665664024
              ],
              [
                -0.983269060952603,
                50.8207326323091
              ],
              [
                -0.990075383834852,
                50.8269824056653
              ],
              [
                -0.967569150120976,
                50.8348224913923
              ],
              [
                -0.950970779669386,
                50.8237904405649
              ]
            ]
          ],
          [
            [
              [
                -1.04423118218365,
                50.8316944126489
              ],
              [
                -1.0442455495371,
                50.7956367039379
              ],
              [
                -1.04424761456082,
                50.7905149210392
              ],
              [
                -1.03383543370569,
                50.7955512498888
              ],
              [
                -1.03143440539831,
                50.7967123606902
              ],
              [
                -1.03102001282028,
                50.7955279466572
              ],
              [
                -1.0288625506635,
                50.7893604955098
              ],
              [
                -1.0885941422214,
                50.7777142198574
              ],
              [
                -1.09533861787975,
                50.7817123878278
              ],
              [
                -1.1089236745791,
                50.7904384617432
              ],
              [
                -1.10982548343751,
                50.7961558609902
              ],
              [
                -1.11152102864029,
                50.8069018592128
              ],
              [
                -1.09117862427696,
                50.8090688095309
              ],
              [
                -1.09471376135908,
                50.8117998383358
              ],
              [
                -1.09063230591637,
                50.8164971129283
              ],
              [
                -1.09402758436847,
                50.823007599595
              ],
              [
                -1.10022301473246,
                50.8266865561368
              ],
              [
                -1.08446852613854,
                50.8248197648748
              ],
              [
                -1.07581268676816,
                50.8370070784582
              ],
              [
                -1.04423118218365,
                50.8316944126489
              ]
            ]
          ],
          [
            [
              [
                0.608113907189036,
                51.4015436382047
              ],
              [
                0.615324178551404,
                51.3953841229014
              ],
              [
                0.597014785868641,
                51.3960797906646
              ],
              [
                0.608113907189036,
                51.4015436382047
              ]
            ]
          ],
          [
            [
              [
                0.582572584427441,
                51.4031341862705
              ],
              [
                0.561520430470315,
                51.4022334214046
              ],
              [
                0.564435834328907,
                51.4079545418085
              ],
              [
                0.582572584427441,
                51.4031341862705
              ]
            ]
          ],
          [
            [
              [
                0.68296919632433,
                51.4126452876825
              ],
              [
                0.694510265742321,
                51.3967639004546
              ],
              [
                0.672639175920184,
                51.3984055193411
              ],
              [
                0.665928519130536,
                51.4062823343678
              ],
              [
                0.68296919632433,
                51.4126452876825
              ]
            ]
          ],
          [
            [
              [
                0.678799156384231,
                51.4235185784844
              ],
              [
                0.687777167499511,
                51.4144341989033
              ],
              [
                0.660058395634273,
                51.41762578241
              ],
              [
                0.678799156384231,
                51.4235185784844
              ]
            ]
          ],
          [
            [
              [
                0.901366781689629,
                51.4168258243878
              ],
              [
                0.950172658982103,
                51.3721321527041
              ],
              [
                0.896803923081715,
                51.3544681086099
              ],
              [
                0.871641256620081,
                51.3647206895794
              ],
              [
                0.857697887655572,
                51.3703977577531
              ],
              [
                0.856694825375605,
                51.3649258481497
              ],
              [
                0.840527961180022,
                51.3716465346713
              ],
              [
                0.8512987816053,
                51.3648336438807
              ],
              [
                0.839447284414981,
                51.3636451620785
              ],
              [
                0.806290734031111,
                51.372289168192
              ],
              [
                0.766186879767677,
                51.3699695198562
              ],
              [
                0.764272588608148,
                51.3882605463511
              ],
              [
                0.732677779090826,
                51.4002771184954
              ],
              [
                0.721659394132739,
                51.4144254885753
              ],
              [
                0.732452873378976,
                51.4089462650106
              ],
              [
                0.746879721796758,
                51.4153384721156
              ],
              [
                0.73543685714915,
                51.424373337445
              ],
              [
                0.749376965657077,
                51.4460589073104
              ],
              [
                0.780870521850089,
                51.441304795331
              ],
              [
                0.791397491005136,
                51.4393312557594
              ],
              [
                0.823924189835564,
                51.425641556172
              ],
              [
                0.875094894498799,
                51.419822757099
              ],
              [
                0.901366781689629,
                51.4168258243878
              ]
            ]
          ],
          [
            [
              [
                -0.627446652760469,
                52.1815454683059
              ],
              [
                -0.630670852955621,
                52.1549239748156
              ],
              [
                -0.640781511339957,
                52.1527722735158
              ],
              [
                -0.635451654776416,
                52.1392536199736
              ],
              [
                -0.607249381411581,
                52.1338687508704
              ],
              [
                -0.591810331093195,
                52.1106918880848
              ],
              [
                -0.66897597717708,
                52.0487168398621
              ],
              [
                -0.643052382546371,
                52.0372530907553
              ],
              [
                -0.640200926835711,
                52.0240684856276
              ],
              [
                -0.651023980545739,
                52.0184860767829
              ],
              [
                -0.643476890185546,
                52.0108547037084
              ],
              [
                -0.661689665349646,
                51.9997363853302
              ],
              [
                -0.645680806107934,
                51.9722283103994
              ],
              [
                -0.652978332552365,
                51.9692289641348
              ],
              [
                -0.702156753839254,
                51.9091191134523
              ],
              [
                -0.692702688447145,
                51.9001506736563
              ],
              [
                -0.672969117918549,
                51.9017527146068
              ],
              [
                -0.651979972868893,
                51.8867905129318
              ],
              [
                -0.620089156301983,
                51.8854855177642
              ],
              [
                -0.583563578497735,
                51.8703238397593
              ],
              [
                -0.537628502381233,
                51.831410849311
              ],
              [
                -0.543650555059742,
                51.8245178243873
              ],
              [
                -0.553628614528143,
                51.8267126743846
              ],
              [
                -0.560656237503438,
                51.8300826295858
              ],
              [
                -0.581825667306615,
                51.806905442703
              ],
              [
                -0.632939595714382,
                51.8199461865563
              ],
              [
                -0.667214196976871,
                51.8158103326608
              ],
              [
                -0.695451174124327,
                51.8411104911917
              ],
              [
                -0.686767774211115,
                51.8492402535948
              ],
              [
                -0.696357328381484,
                51.8581344181725
              ],
              [
                -0.71744693321341,
                51.857111742493
              ],
              [
                -0.745741307424465,
                51.8419566922709
              ],
              [
                -0.724234882170819,
                51.8181444124443
              ],
              [
                -0.709295276544129,
                51.8205395951875
              ],
              [
                -0.685394264623361,
                51.800185921199
              ],
              [
                -0.690190999010661,
                51.7923392099107
              ],
              [
                -0.669663645804401,
                51.7661601149004
              ],
              [
                -0.612935985356938,
                51.7474272551457
              ],
              [
                -0.586379726948022,
                51.752115950377
              ],
              [
                -0.574878745827136,
                51.7369685250245
              ],
              [
                -0.553645081612158,
                51.7340179568723
              ],
              [
                -0.550413609644404,
                51.7230428893424
              ],
              [
                -0.563209678148733,
                51.711879863549
              ],
              [
                -0.544017145197112,
                51.6968174717823
              ],
              [
                -0.548696117263057,
                51.6826712819172
              ],
              [
                -0.5242727897625,
                51.6821126548307
              ],
              [
                -0.505107856294714,
                51.6730768935396
              ],
              [
                -0.520994789975881,
                51.6680453786488
              ],
              [
                -0.522777811355687,
                51.6583975690642
              ],
              [
                -0.536891506831177,
                51.66062447194
              ],
              [
                -0.539260817248429,
                51.6380393903589
              ],
              [
                -0.520594814254746,
                51.6018435767324
              ],
              [
                -0.500595886707713,
                51.5996898995446
              ],
              [
                -0.476620654263602,
                51.559188837794
              ],
              [
                -0.495487343898738,
                51.5385452309154
              ],
              [
                -0.483162290087155,
                51.5071277158519
              ],
              [
                -0.490024731164425,
                51.4947476343761
              ],
              [
                -0.509701400845035,
                51.4691759467844
              ],
              [
                -0.458644591579379,
                51.4563100937873
              ],
              [
                -0.456467560723885,
                51.4381066797048
              ],
              [
                -0.39134197049661,
                51.4223261121324
              ],
              [
                -0.383350028118426,
                51.4085382951091
              ],
              [
                -0.359139329301899,
                51.4119031594782
              ],
              [
                -0.327817852432651,
                51.3918371435524
              ],
              [
                -0.317697879461912,
                51.3936670793324
              ],
              [
                -0.307365447875412,
                51.3783835469484
              ],
              [
                -0.330510144936706,
                51.3484194351243
              ],
              [
                -0.330655551869037,
                51.329009638114
              ],
              [
                -0.30619199674676,
                51.335084409955
              ],
              [
                -0.285437835927588,
                51.3642491732132
              ],
              [
                -0.261148558997612,
                51.3795997993148
              ],
              [
                -0.245030259031958,
                51.3800339646928
              ],
              [
                -0.245404841047606,
                51.36684543978
              ],
              [
                -0.222736429711724,
                51.3570860732809
              ],
              [
                -0.217264425534208,
                51.3433870908022
              ],
              [
                -0.229822680842935,
                51.3365228063413
              ],
              [
                -0.220940778665422,
                51.329863040844
              ],
              [
                -0.197319341793986,
                51.3435951607876
              ],
              [
                -0.156543168202182,
                51.3215085876745
              ],
              [
                -0.155317700345265,
                51.3012743937466
              ],
              [
                -0.137313517553181,
                51.3007809054431
              ],
              [
                -0.124292859195443,
                51.2867586581741
              ],
              [
                -0.0911679398530003,
                51.3014725395867
              ],
              [
                -0.0789238675088782,
                51.3197692488993
              ],
              [
                -0.0513070785090949,
                51.3224478946239
              ],
              [
                -0.0378922709023185,
                51.3387044839489
              ],
              [
                0.00229472096614317,
                51.3291388504045
              ],
              [
                0.0150093785466654,
                51.2917860709399
              ],
              [
                0.0329094193659263,
                51.3075209105553
              ],
              [
                0.0423988836480159,
                51.2926788481476
              ],
              [
                0.085693083414603,
                51.2930842265565
              ],
              [
                0.0850292999478298,
                51.3160232034708
              ],
              [
                0.117903916477628,
                51.3296632250325
              ],
              [
                0.118456303441167,
                51.3441477823276
              ],
              [
                0.136958109807481,
                51.3441746030579
              ],
              [
                0.152057740284581,
                51.369693702871
              ],
              [
                0.147741027799853,
                51.3928010009629
              ],
              [
                0.162384148649341,
                51.3924903029482
              ],
              [
                0.148869409057703,
                51.4084291280417
              ],
              [
                0.152932433214569,
                51.4087084822749
              ],
              [
                0.155875040999271,
                51.4308765832203
              ],
              [
                0.164328170821928,
                51.428584960395
              ],
              [
                0.172854347046178,
                51.4432451859561
              ],
              [
                0.203352887998954,
                51.4543284762389
              ],
              [
                0.221174393866714,
                51.4788009616671
              ],
              [
                0.274500703638176,
                51.4536755893684
              ],
              [
                0.301804957401121,
                51.4612028455283
              ],
              [
                0.315243953724765,
                51.4649044509773
              ],
              [
                0.315395124518678,
                51.4649460802369
              ],
              [
                0.325273510333476,
                51.4502414191683
              ],
              [
                0.381992268548761,
                51.4435052154324
              ],
              [
                0.44025483488637,
                51.4474249637674
              ],
              [
                0.459295913922694,
                51.455529609267
              ],
              [
                0.457560479333401,
                51.4582957159845
              ],
              [
                0.454345031858931,
                51.4634198858872
              ],
              [
                0.467729303920621,
                51.4642956271311
              ],
              [
                0.458122647129502,
                51.4669575635234
              ],
              [
                0.468461923525824,
                51.4826582319848
              ],
              [
                0.546076139506005,
                51.4871380946233
              ],
              [
                0.590771860836167,
                51.479371345099
              ],
              [
                0.615242150910657,
                51.4751109764723
              ],
              [
                0.659953033847257,
                51.4776694089549
              ],
              [
                0.690283421598896,
                51.4593783878836
              ],
              [
                0.671336659828893,
                51.4722645244819
              ],
              [
                0.700321276501137,
                51.4725957487334
              ],
              [
                0.720507730715131,
                51.4597628204917
              ],
              [
                0.723477057480236,
                51.4445125201043
              ],
              [
                0.710336835242086,
                51.4348306739367
              ],
              [
                0.677839495660246,
                51.4331777815026
              ],
              [
                0.672000160014698,
                51.4480068219773
              ],
              [
                0.658921251336351,
                51.4473668152573
              ],
              [
                0.636037588004861,
                51.4462434644505
              ],
              [
                0.618998377363623,
                51.4374609738847
              ],
              [
                0.605211274930445,
                51.4205483810843
              ],
              [
                0.617350756357686,
                51.428430177628
              ],
              [
                0.623750538591582,
                51.4241157646907
              ],
              [
                0.610877332825959,
                51.4174016995573
              ],
              [
                0.587042918276074,
                51.4134510989603
              ],
              [
                0.563548610624482,
                51.4095514162756
              ],
              [
                0.532457405934914,
                51.4126752003933
              ],
              [
                0.515656065329448,
                51.4003551705488
              ],
              [
                0.522582468802749,
                51.385099999581
              ],
              [
                0.537549271462749,
                51.4102807507127
              ],
              [
                0.560969312394461,
                51.3947901972891
              ],
              [
                0.585647977848983,
                51.3887312206032
              ],
              [
                0.594530655322201,
                51.3865487400404
              ],
              [
                0.602097565642982,
                51.390635013924
              ],
              [
                0.596739085161682,
                51.38682595374
              ],
              [
                0.612054542119648,
                51.3788451150657
              ],
              [
                0.619609325228051,
                51.388160353655
              ],
              [
                0.632369759021343,
                51.3889357645994
              ],
              [
                0.634544988970017,
                51.3890677778291
              ],
              [
                0.626949713471949,
                51.3747461658824
              ],
              [
                0.64801143353794,
                51.3975551413444
              ],
              [
                0.670097242400222,
                51.3732924786067
              ],
              [
                0.686969208348972,
                51.3916612092741
              ],
              [
                0.702920420829247,
                51.392438305667
              ],
              [
                0.695247180243848,
                51.3797911911887
              ],
              [
                0.714357167612036,
                51.3841766880944
              ],
              [
                0.696545410741736,
                51.4199958723036
              ],
              [
                0.727788902221975,
                51.4204482257462
              ],
              [
                0.716210768230846,
                51.4131018758325
              ],
              [
                0.726279314257987,
                51.3991428797073
              ],
              [
                0.763713093073722,
                51.3819561009814
              ],
              [
                0.764352676310199,
                51.3628684537222
              ],
              [
                0.734507968364178,
                51.3457130752927
              ],
              [
                0.766854373816967,
                51.362319426155
              ],
              [
                0.81356177319998,
                51.3584870580147
              ],
              [
                0.816232505815422,
                51.3461814948845
              ],
              [
                0.817193491172903,
                51.3563534185496
              ],
              [
                0.866160998023522,
                51.3558517463274
              ],
              [
                0.870973641237874,
                51.3540427094313
              ],
              [
                0.897166985701846,
                51.3441910254166
              ],
              [
                0.880105910826525,
                51.3286681937567
              ],
              [
                0.894603232587443,
                51.3363386129282
              ],
              [
                0.915341144266536,
                51.3293776356959
              ],
              [
                0.896773053539145,
                51.3414380735568
              ],
              [
                0.950403269946465,
                51.3456041710205
              ],
              [
                0.950462254259208,
                51.3456080528037
              ],
              [
                1.00524604274662,
                51.3492001482433
              ],
              [
                1.03318144219733,
                51.3655771750089
              ],
              [
                1.15968915062895,
                51.3747237751113
              ],
              [
                1.2241831202554,
                51.3793328775054
              ],
              [
                1.22483211004496,
                51.3793401257637
              ],
              [
                1.31507378603016,
                51.3803130372928
              ],
              [
                1.38362995362667,
                51.392024530216
              ],
              [
                1.39233733911533,
                51.3932223235799
              ],
              [
                1.42496071272327,
                51.3937782745162
              ],
              [
                1.44193716364767,
                51.387167075383
              ],
              [
                1.44590384777044,
                51.3584420355623
              ],
              [
                1.44590904853117,
                51.3584043600521
              ],
              [
                1.44589998282476,
                51.3583905279073
              ],
              [
                1.42469149690616,
                51.3260072074113
              ],
              [
                1.42317847854247,
                51.3313761557492
              ],
              [
                1.41457013995504,
                51.3274916641555
              ],
              [
                1.42355426271303,
                51.3243385960426
              ],
              [
                1.37775484998051,
                51.3292604030638
              ],
              [
                1.35846186313189,
                51.3120019665492
              ],
              [
                1.35789187559494,
                51.311491835949
              ],
              [
                1.37136124844997,
                51.3139047711315
              ],
              [
                1.38082388486318,
                51.2902818630439
              ],
              [
                1.3946041927284,
                51.2558374827569
              ],
              [
                1.40492284204005,
                51.2237582427699
              ],
              [
                1.40537112079003,
                51.1747342838466
              ],
              [
                1.3953779067403,
                51.1564652752464
              ],
              [
                1.37676755723596,
                51.1408039150092
              ],
              [
                1.34287056357159,
                51.1310048756378
              ],
              [
                1.34290801677139,
                51.1302591649399
              ],
              [
                1.34273764046427,
                51.1302120244234
              ],
              [
                1.34333445709614,
                51.1217676691951
              ],
              [
                1.33847384811342,
                51.1274278208241
              ],
              [
                1.31650646803135,
                51.1230449288095
              ],
              [
                1.32307258299677,
                51.114085130945
              ],
              [
                1.3101136224738,
                51.1167899521006
              ],
              [
                1.31765480950748,
                51.1144877360315
              ],
              [
                1.31365510377769,
                51.1147847953347
              ],
              [
                1.32788715551084,
                51.1113628192001
              ],
              [
                1.31727164637636,
                51.1121976659138
              ],
              [
                1.30230314331504,
                51.1133731499785
              ],
              [
                1.30023762448595,
                51.1126801402112
              ],
              [
                1.29904124032612,
                51.1122787104581
              ],
              [
                1.22642383372663,
                51.098505126327
              ],
              [
                1.22114189838816,
                51.0980893879942
              ],
              [
                1.22001740637325,
                51.0975007484228
              ],
              [
                1.2150666825356,
                51.0949088626622
              ],
              [
                1.20588996587623,
                51.0910368211405
              ],
              [
                1.20585462109395,
                51.090085028423
              ],
              [
                1.18550583066265,
                51.0794221395592
              ],
              [
                1.1947786893677,
                51.0759561052846
              ],
              [
                1.07576972867764,
                51.0631400302661
              ],
              [
                1.07002028637749,
                51.0603229175375
              ],
              [
                1.06044813833666,
                51.0591193137803
              ],
              [
                0.996748200847647,
                51.024587144673
              ],
              [
                0.989925496674315,
                51.0128219747291
              ],
              [
                0.985934614090111,
                51.0092482643997
              ],
              [
                0.982065212052975,
                50.999259243436
              ],
              [
                0.964430399280059,
                50.9687987140537
              ],
              [
                0.970986301420132,
                50.9416153501313
              ],
              [
                0.978010638433957,
                50.912456462639
              ],
              [
                0.977940372058624,
                50.9122214439157
              ],
              [
                0.855078544788351,
                50.9239104667113
              ],
              [
                0.854954096534626,
                50.9239215082429
              ],
              [
                0.844462311311875,
                50.9248519221619
              ],
              [
                0.772008514984217,
                50.9312500103103
              ],
              [
                0.774905803251166,
                50.9273356681664
              ],
              [
                0.729731338698995,
                50.9134192569557
              ],
              [
                0.65857681641057,
                50.8699208100169
              ],
              [
                0.657923521034661,
                50.869758970148
              ],
              [
                0.645705860001374,
                50.8667314097804
              ],
              [
                0.524856835370809,
                50.8452192315676
              ],
              [
                0.502768843974303,
                50.8425133841963
              ],
              [
                0.500712476210745,
                50.8422612216686
              ],
              [
                0.378235456978341,
                50.8204862930976
              ],
              [
                0.377491650477131,
                50.8203535960694
              ],
              [
                0.339307150775612,
                50.7991376038781
              ],
              [
                0.339177128841638,
                50.7990380485126
              ],
              [
                0.310001677741741,
                50.7766843325662
              ],
              [
                0.266410952362892,
                50.7432318996157
              ],
              [
                0.260355755024803,
                50.7385798209278
              ],
              [
                0.209966414954202,
                50.7384858720271
              ],
              [
                0.209822776075905,
                50.738534345472
              ],
              [
                0.155531852840607,
                50.7568361316885
              ],
              [
                0.149985176881001,
                50.7587037367407
              ],
              [
                0.148939334951743,
                50.7590558328119
              ],
              [
                0.121967265938234,
                50.758304297818
              ],
              [
                0.1069477214802,
                50.7639367046569
              ],
              [
                0.0683542962557273,
                50.7818192921581
              ],
              [
                0.0595491908589455,
                50.7816901471328
              ],
              [
                0.0583360841811143,
                50.7821441050494
              ],
              [
                0.0583519834671288,
                50.781672536358
              ],
              [
                0.0558878147287466,
                50.7816362520458
              ],
              [
                0.0577572368682647,
                50.7760856497293
              ],
              [
                0.0337330452782453,
                50.7818297072258
              ],
              [
                -0.0149577234926783,
                50.7934519659899
              ],
              [
                -0.0384766479745245,
                50.799056515541
              ],
              [
                -0.0385642003600747,
                50.7990773687618
              ],
              [
                -0.042833010180297,
                50.7997666205066
              ],
              [
                -0.0923842825191576,
                50.8107610112712
              ],
              [
                -0.0918788001510028,
                50.8076730436255
              ],
              [
                -0.110444367795574,
                50.8106598447906
              ],
              [
                -0.110237460296841,
                50.8131761130526
              ],
              [
                -0.19276075707599,
                50.8238627751397
              ],
              [
                -0.216033878994041,
                50.8275837632705
              ],
              [
                -0.216815845622336,
                50.8276406054536
              ],
              [
                -0.251484625122936,
                50.8301553255794
              ],
              [
                -0.249113162465289,
                50.8264084402601
              ],
              [
                -0.268309608243186,
                50.8261225062316
              ],
              [
                -0.277874274098099,
                50.8267518858533
              ],
              [
                -0.297658192308241,
                50.8233857387888
              ],
              [
                -0.332640257844094,
                50.8174242191303
              ],
              [
                -0.333134286829621,
                50.8173561551748
              ],
              [
                -0.435749127447601,
                50.8031690588726
              ],
              [
                -0.43596262264656,
                50.8031394380992
              ],
              [
                -0.541991576265618,
                50.8002481386123
              ],
              [
                -0.554951782785074,
                50.7984121603229
              ],
              [
                -0.568357859782355,
                50.7980312441431
              ],
              [
                -0.626922878603612,
                50.7881877685097
              ],
              [
                -0.702167962459985,
                50.7774462756161
              ],
              [
                -0.712709324513705,
                50.7737084593139
              ],
              [
                -0.725552073562097,
                50.7715344823725
              ],
              [
                -0.734011077228293,
                50.7661504883313
              ],
              [
                -0.752293152713168,
                50.75965895746
              ],
              [
                -0.754291415196677,
                50.758949139333
              ],
              [
                -0.753129376394285,
                50.7605415473715
              ],
              [
                -0.753099896086734,
                50.7605617382119
              ],
              [
                -0.751951988033602,
                50.7613478853832
              ],
              [
                -0.751270418466542,
                50.7618146401026
              ],
              [
                -0.751036777788503,
                50.7619746404457
              ],
              [
                -0.750833410433162,
                50.7621138135404
              ],
              [
                -0.75059676127844,
                50.7622618911469
              ],
              [
                -0.750430868455708,
                50.7626052899424
              ],
              [
                -0.763040781697462,
                50.7728709291135
              ],
              [
                -0.76375468940354,
                50.7724811409228
              ],
              [
                -0.786848656426939,
                50.7598660722881
              ],
              [
                -0.771840431792818,
                50.7635213903705
              ],
              [
                -0.761753841769151,
                50.7511830196987
              ],
              [
                -0.751058516372841,
                50.7572604397924
              ],
              [
                -0.749958943392911,
                50.756687781295
              ],
              [
                -0.784753438866722,
                50.7262410186324
              ],
              [
                -0.789161622546989,
                50.7224842179732
              ],
              [
                -0.818662984750182,
                50.7388339014976
              ],
              [
                -0.823543745033973,
                50.7437628255586
              ],
              [
                -0.844100719296166,
                50.7513143221581
              ],
              [
                -0.859551324439,
                50.7597319017695
              ],
              [
                -0.880905533661727,
                50.7648187090672
              ],
              [
                -0.906838787259976,
                50.7743221907962
              ],
              [
                -0.915316978352651,
                50.7806790127217
              ],
              [
                -0.915352734007593,
                50.7889917924194
              ],
              [
                -0.908045255728969,
                50.7870352090719
              ],
              [
                -0.912139572391311,
                50.7834566450258
              ],
              [
                -0.910882460736924,
                50.7812907042039
              ],
              [
                -0.90515740849759,
                50.7820801356639
              ],
              [
                -0.892011563610659,
                50.7942914460425
              ],
              [
                -0.877512152475506,
                50.8077506030432
              ],
              [
                -0.86602958180041,
                50.8048037994999
              ],
              [
                -0.844578742256673,
                50.7992943131775
              ],
              [
                -0.825463625323449,
                50.8043970261754
              ],
              [
                -0.807741037020906,
                50.8305260319712
              ],
              [
                -0.813787100728249,
                50.8339359562078
              ],
              [
                -0.819760476597497,
                50.8168596455977
              ],
              [
                -0.842721720413136,
                50.8046336316371
              ],
              [
                -0.865834567646202,
                50.8128579578921
              ],
              [
                -0.868758523708859,
                50.813897842596
              ],
              [
                -0.865752433778285,
                50.8162507565195
              ],
              [
                -0.85118778589647,
                50.8276462791173
              ],
              [
                -0.861226095320452,
                50.8280079958449
              ],
              [
                -0.858412877092022,
                50.8396774814405
              ],
              [
                -0.865179586107666,
                50.8399072946554
              ],
              [
                -0.869928957490676,
                50.840068329984
              ],
              [
                -0.865479969607855,
                50.8275046364034
              ],
              [
                -0.865361933609206,
                50.8271712122007
              ],
              [
                -0.865492379148921,
                50.8269921425719
              ],
              [
                -0.876799820556532,
                50.811464199296
              ],
              [
                -0.892171590292208,
                50.8184310082071
              ],
              [
                -0.894036903540665,
                50.8380904745523
              ],
              [
                -0.913081274819145,
                50.8399520051002
              ],
              [
                -0.907917519194116,
                50.7985304301231
              ],
              [
                -0.942626670545669,
                50.815380752547
              ],
              [
                -0.932477907919786,
                50.8460494372293
              ],
              [
                -0.934485538874713,
                50.845865256322
              ],
              [
                -0.974511987298317,
                50.8421858714334
              ],
              [
                -0.981241864553387,
                50.8349371515615
              ],
              [
                -0.998764274919972,
                50.8415991976943
              ],
              [
                -1.00077138103674,
                50.8513831130907
              ],
              [
                -1.0026230583758,
                50.8431320881761
              ],
              [
                -1.02064046435049,
                50.8390035780584
              ],
              [
                -1.022115710488,
                50.8358025931974
              ],
              [
                -1.02201607672049,
                50.8353168175213
              ],
              [
                -1.02348320690297,
                50.8334117775413
              ],
              [
                -1.02364081019115,
                50.8331520190417
              ],
              [
                -1.02395202124522,
                50.8315859384739
              ],
              [
                -1.02497406356872,
                50.8264419452703
              ],
              [
                -1.03631095415884,
                50.8354257471024
              ],
              [
                -1.07800676571859,
                50.837318463368
              ],
              [
                -1.0886515333971,
                50.8284534902439
              ],
              [
                -1.10630712763256,
                50.8378939304292
              ],
              [
                -1.10270766783147,
                50.846078141306
              ],
              [
                -1.11398967231702,
                50.8435174945301
              ],
              [
                -1.11692040080048,
                50.8428520864263
              ],
              [
                -1.11843753858855,
                50.8372459717396
              ],
              [
                -1.11890952855928,
                50.8355015685553
              ],
              [
                -1.149165927668,
                50.8435265668236
              ],
              [
                -1.154329577075,
                50.8448950692725
              ],
              [
                -1.17118516079792,
                50.8399766049116
              ],
              [
                -1.17122130265726,
                50.8408318115992
              ],
              [
                -1.17188835182203,
                50.8566054005612
              ],
              [
                -1.17811559616072,
                50.8381425650219
              ],
              [
                -1.17907097573144,
                50.8376617716809
              ],
              [
                -1.17950837687769,
                50.8373127854982
              ],
              [
                -1.17697440405829,
                50.8374242779966
              ],
              [
                -1.16129407235497,
                50.8381129122853
              ],
              [
                -1.15692892882084,
                50.8383042208455
              ],
              [
                -1.15694254424843,
                50.8375258318761
              ],
              [
                -1.15718995949026,
                50.8233758669487
              ],
              [
                -1.14950067081539,
                50.825116840405
              ],
              [
                -1.14576702222162,
                50.8259619564832
              ],
              [
                -1.12380413782674,
                50.8061605558545
              ],
              [
                -1.13710560091392,
                50.8022907490471
              ],
              [
                -1.12369218219535,
                50.804063242635
              ],
              [
                -1.11982630702285,
                50.796231853327
              ],
              [
                -1.11783136010298,
                50.7921894827026
              ],
              [
                -1.14068920003963,
                50.7834528094599
              ],
              [
                -1.11194867548652,
                50.7895261347378
              ],
              [
                -1.13722607692223,
                50.77586920723
              ],
              [
                -1.14207441506476,
                50.7734224806022
              ],
              [
                -1.15038734104175,
                50.7762770765593
              ],
              [
                -1.1898558218565,
                50.789817177096
              ],
              [
                -1.19857654419458,
                50.7967993319576
              ],
              [
                -1.21383371064596,
                50.8090082690511
              ],
              [
                -1.21416538565878,
                50.8092735863514
              ],
              [
                -1.30732269457353,
                50.8412928361121
              ],
              [
                -1.30288974898396,
                50.877012185557
              ],
              [
                -1.30064715581912,
                50.8796355565082
              ],
              [
                -1.30261670774736,
                50.8792107334156
              ],
              [
                -1.30401934677642,
                50.8789081548962
              ],
              [
                -1.31694085070509,
                50.8761197370381
              ],
              [
                -1.31081565303503,
                50.8507699329394
              ],
              [
                -1.31037825273576,
                50.8489589313503
              ],
              [
                -1.31114726695227,
                50.8493957598179
              ],
              [
                -1.36287630855234,
                50.8787499624085
              ],
              [
                -1.36512907204106,
                50.8800269756318
              ],
              [
                -1.38431679017582,
                50.8915521150673
              ],
              [
                -1.38487443276622,
                50.9039957736048
              ],
              [
                -1.37170356962312,
                50.912130281855
              ],
              [
                -1.37627533653745,
                50.9106890580505
              ],
              [
                -1.38796442062754,
                50.9069045627515
              ],
              [
                -1.39325416408114,
                50.8830286917102
              ],
              [
                -1.39902102115988,
                50.8945676655918
              ],
              [
                -1.43246292376788,
                50.9073296184677
              ],
              [
                -1.44261242259214,
                50.9111996243264
              ],
              [
                -1.44705578372143,
                50.9037918222679
              ],
              [
                -1.46512306440901,
                50.9103437479035
              ],
              [
                -1.46676306921364,
                50.9109382675384
              ],
              [
                -1.47451382628847,
                50.9242857579791
              ],
              [
                -1.4770603549891,
                50.9286687952545
              ],
              [
                -1.47707725233786,
                50.9286978740051
              ],
              [
                -1.4773224401691,
                50.9285474548544
              ],
              [
                -1.47964793628365,
                50.934579369
              ],
              [
                -1.47816446264258,
                50.928835432144
              ],
              [
                -1.48171292963241,
                50.9302996110395
              ],
              [
                -1.48508646341313,
                50.9327855456194
              ],
              [
                -1.48578057672554,
                50.9329124093103
              ],
              [
                -1.48571269607209,
                50.9321518492845
              ],
              [
                -1.48410323032816,
                50.930496989534
              ],
              [
                -1.48197623064387,
                50.9283097846134
              ],
              [
                -1.47405353855196,
                50.9116983407793
              ],
              [
                -1.47899335996114,
                50.9165394471371
              ],
              [
                -1.48878022596661,
                50.9103981659089
              ],
              [
                -1.49075386279781,
                50.9158516253121
              ],
              [
                -1.48898806319741,
                50.9102677173911
              ],
              [
                -1.48775957390344,
                50.9075775438308
              ],
              [
                -1.47825761407527,
                50.9119363107053
              ],
              [
                -1.45911482138264,
                50.9006820675808
              ],
              [
                -1.4325825049111,
                50.8974775622873
              ],
              [
                -1.42664529199282,
                50.8967596915428
              ],
              [
                -1.37824347839952,
                50.8546412555981
              ],
              [
                -1.35747232564426,
                50.8495023830533
              ],
              [
                -1.36056297638246,
                50.8428735109879
              ],
              [
                -1.3402695638494,
                50.8426908436802
              ],
              [
                -1.3394173018275,
                50.8266433116997
              ],
              [
                -1.32410414705385,
                50.8261933640423
              ],
              [
                -1.32593350113571,
                50.8167216058753
              ],
              [
                -1.32609347996942,
                50.8166066552156
              ],
              [
                -1.3259395457826,
                50.8166903009019
              ],
              [
                -1.32597501270791,
                50.816506628172
              ],
              [
                -1.31147465935612,
                50.8134290763347
              ],
              [
                -1.30945312125493,
                50.8172632767279
              ],
              [
                -1.30842765099605,
                50.8160287608342
              ],
              [
                -1.30859820406538,
                50.814798318426
              ],
              [
                -1.31979837738123,
                50.8052007718942
              ],
              [
                -1.32468693397659,
                50.8038447090065
              ],
              [
                -1.3449673048219,
                50.7856629958258
              ],
              [
                -1.37261265439241,
                50.7848867191164
              ],
              [
                -1.37503327274359,
                50.7850074488824
              ],
              [
                -1.37549037239441,
                50.7848055703767
              ],
              [
                -1.39833258027525,
                50.784158969137
              ],
              [
                -1.40818356874527,
                50.7857352870439
              ],
              [
                -1.41299348338242,
                50.7839716334781
              ],
              [
                -1.39263843909963,
                50.7774184756127
              ],
              [
                -1.40013938929204,
                50.7740578178171
              ],
              [
                -1.399555787132,
                50.7741722127483
              ],
              [
                -1.40961772352579,
                50.7697234287236
              ],
              [
                -1.41048644787434,
                50.7694204248937
              ],
              [
                -1.43417904045805,
                50.7654426669217
              ],
              [
                -1.50243481748833,
                50.7539515007367
              ],
              [
                -1.51959208296967,
                50.7541250322193
              ],
              [
                -1.53528657156042,
                50.7638633877099
              ],
              [
                -1.52592501802229,
                50.7445679408482
              ],
              [
                -1.54188071049126,
                50.7397776165867
              ],
              [
                -1.53099523319576,
                50.736973579664
              ],
              [
                -1.55848808587966,
                50.720792861214
              ],
              [
                -1.58047794495873,
                50.7182727064671
              ],
              [
                -1.56004379388541,
                50.7087161057621
              ],
              [
                -1.62926775578703,
                50.7287857024618
              ],
              [
                -1.64044349012396,
                50.7321144494306
              ],
              [
                -1.69185539380078,
                50.7373291328852
              ],
              [
                -1.68181881885181,
                50.7518475278355
              ],
              [
                -1.74416871755885,
                50.7474553878365
              ],
              [
                -1.73895962345847,
                50.7632705325318
              ],
              [
                -1.74884631724303,
                50.7794943865874
              ],
              [
                -1.78549590627468,
                50.7647520309869
              ],
              [
                -1.8039049599245,
                50.7959652088114
              ],
              [
                -1.81189346961125,
                50.808642052511
              ],
              [
                -1.80340083464914,
                50.8303392074562
              ],
              [
                -1.79061492044021,
                50.8363141194061
              ],
              [
                -1.80247295729644,
                50.8429625290353
              ],
              [
                -1.80711024689597,
                50.8633153662949
              ],
              [
                -1.83000872917239,
                50.8552737968334
              ],
              [
                -1.85353883472863,
                50.863460109718
              ],
              [
                -1.84855553218411,
                50.8898873561065
              ],
              [
                -1.8165419268142,
                50.9039481448891
              ],
              [
                -1.81065808966545,
                50.9272033833613
              ],
              [
                -1.84184002606343,
                50.9316803733843
              ],
              [
                -1.87364432144721,
                50.9172258897629
              ],
              [
                -1.92084101012651,
                50.9614073103249
              ],
              [
                -1.95546558071481,
                50.9782663317828
              ],
              [
                -1.95682488695114,
                50.9898317323125
              ],
              [
                -1.94993597428249,
                50.9823105862036
              ],
              [
                -1.92787590068259,
                50.9976972344344
              ],
              [
                -1.88674132171074,
                50.9995277353679
              ],
              [
                -1.87448162937032,
                51.0063305721162
              ],
              [
                -1.87398355229609,
                50.9844410360503
              ],
              [
                -1.85338113087344,
                51.0046795398842
              ],
              [
                -1.83581261898953,
                51.009422262875
              ],
              [
                -1.81542176153676,
                50.9859226506387
              ],
              [
                -1.80031396441254,
                50.9913947995553
              ],
              [
                -1.75440191299431,
                50.9778920957405
              ],
              [
                -1.71961730875128,
                50.9767804593715
              ],
              [
                -1.66165999760025,
                50.9452778925318
              ],
              [
                -1.63496498190476,
                50.9592422032817
              ],
              [
                -1.61975086537251,
                50.9585669225427
              ],
              [
                -1.60292299502569,
                50.9785174322861
              ],
              [
                -1.61964214747433,
                50.9829964286938
              ],
              [
                -1.62888498210167,
                50.9990317647678
              ],
              [
                -1.59733922744914,
                51.009752599523
              ],
              [
                -1.59939671455144,
                51.0237293750411
              ],
              [
                -1.63237574994688,
                51.032779708019
              ],
              [
                -1.63494006258514,
                51.0405607794145
              ],
              [
                -1.6277285317731,
                51.0780113470538
              ],
              [
                -1.63731080992467,
                51.0921654722316
              ],
              [
                -1.62624982084857,
                51.1173383772985
              ],
              [
                -1.66297542061049,
                51.1271919933478
              ],
              [
                -1.65404416770563,
                51.1562825586506
              ],
              [
                -1.67236777184947,
                51.1785439063109
              ],
              [
                -1.66883538878813,
                51.1907722662536
              ],
              [
                -1.69409695143106,
                51.2040432388922
              ],
              [
                -1.68969464697296,
                51.2148276707337
              ],
              [
                -1.63354082449386,
                51.2175159564933
              ],
              [
                -1.607421790131,
                51.2527704988073
              ],
              [
                -1.57763603596415,
                51.2556310650247
              ],
              [
                -1.54515980286727,
                51.2450984916429
              ],
              [
                -1.53603492233474,
                51.2485300395985
              ],
              [
                -1.52982022728447,
                51.2605141190568
              ],
              [
                -1.54051263214595,
                51.2608334786388
              ],
              [
                -1.54258390871829,
                51.2812507350614
              ],
              [
                -1.52280740170925,
                51.2870580073228
              ],
              [
                -1.51951108456223,
                51.2959385816887
              ],
              [
                -1.53356185391502,
                51.3162235794285
              ],
              [
                -1.52750728243899,
                51.3384659569216
              ],
              [
                -1.498298923396,
                51.3293760922954
              ],
              [
                -1.48571137940255,
                51.3476828423988
              ],
              [
                -1.5006084786642,
                51.356267960943
              ],
              [
                -1.49544914388954,
                51.3696644478365
              ],
              [
                -1.55560283150743,
                51.3955841247733
              ],
              [
                -1.55298802119079,
                51.4100439103351
              ],
              [
                -1.57105280217899,
                51.4155776049779
              ],
              [
                -1.56511865145832,
                51.422043433161
              ],
              [
                -1.52661860733259,
                51.4239298629233
              ],
              [
                -1.52399091949678,
                51.4474805537097
              ],
              [
                -1.58229087126478,
                51.4941117965825
              ],
              [
                -1.58470801107569,
                51.5249121183388
              ],
              [
                -1.60281227576796,
                51.5182950573298
              ],
              [
                -1.64769133240668,
                51.5719518956624
              ],
              [
                -1.65504455153771,
                51.576506273859
              ],
              [
                -1.6765398170414,
                51.5694390409691
              ],
              [
                -1.69111065938545,
                51.5835237268059
              ],
              [
                -1.69061673406566,
                51.6054499281008
              ],
              [
                -1.66700965139022,
                51.6162644730941
              ],
              [
                -1.67373615893662,
                51.6228498665448
              ],
              [
                -1.65995432000086,
                51.6349908726083
              ],
              [
                -1.69193809183812,
                51.6521645874544
              ],
              [
                -1.70018909588819,
                51.6707416640529
              ],
              [
                -1.68305860763384,
                51.6901103599566
              ],
              [
                -1.66845860138362,
                51.6804375698633
              ],
              [
                -1.64825374342062,
                51.6840870658459
              ],
              [
                -1.68800012551327,
                51.7120447475636
              ],
              [
                -1.69587065656067,
                51.7235374525478
              ],
              [
                -1.6870208353919,
                51.7398840228322
              ],
              [
                -1.70070464063817,
                51.7705842299967
              ],
              [
                -1.71948863302901,
                51.7832118276915
              ],
              [
                -1.68193160633237,
                51.8039930873353
              ],
              [
                -1.68646159226861,
                51.8344557908918
              ],
              [
                -1.67638499897572,
                51.8503096854222
              ],
              [
                -1.68686790516724,
                51.8654997690631
              ],
              [
                -1.66711188277392,
                51.8770000585868
              ],
              [
                -1.6586519744456,
                51.896551192631
              ],
              [
                -1.63305061647521,
                51.8992254674556
              ],
              [
                -1.64552984349675,
                51.9222942559287
              ],
              [
                -1.61518893057961,
                51.9376816298688
              ],
              [
                -1.63249065036283,
                51.9556514579195
              ],
              [
                -1.66252911046192,
                51.9640049466649
              ],
              [
                -1.66575430454863,
                51.9874888210715
              ],
              [
                -1.61234247849955,
                51.955403416263
              ],
              [
                -1.59163382436864,
                51.9704499714282
              ],
              [
                -1.60030155963125,
                51.9769415553217
              ],
              [
                -1.56353907897769,
                51.977040370473
              ],
              [
                -1.5496712341503,
                51.9808596581308
              ],
              [
                -1.55722360987893,
                51.9916576647463
              ],
              [
                -1.52282569380371,
                51.9968433232425
              ],
              [
                -1.48780444309778,
                52.093957432128
              ],
              [
                -1.47730164801721,
                52.1013509440553
              ],
              [
                -1.44718785164806,
                52.0976250329411
              ],
              [
                -1.45345845223963,
                52.1130088171302
              ],
              [
                -1.42585527138437,
                52.1182494968049
              ],
              [
                -1.38539981245495,
                52.0941455730538
              ],
              [
                -1.35776965526573,
                52.10131042365
              ],
              [
                -1.37084214070605,
                52.1175341834765
              ],
              [
                -1.39330253063035,
                52.1189629049249
              ],
              [
                -1.36614709693504,
                52.1360752384003
              ],
              [
                -1.34870940656972,
                52.1351376000517
              ],
              [
                -1.33189713463686,
                52.1684850561825
              ],
              [
                -1.2480850615276,
                52.0971607918988
              ],
              [
                -1.32116486414435,
                52.0870189275303
              ],
              [
                -1.31815993117564,
                52.0799212567645
              ],
              [
                -1.29750881413832,
                52.078056693896
              ],
              [
                -1.31292004347286,
                52.0514526625255
              ],
              [
                -1.27816401884205,
                52.0142726693514
              ],
              [
                -1.28339696571849,
                51.9795473067203
              ],
              [
                -1.24161223468245,
                51.9862933629289
              ],
              [
                -1.19625975033443,
                51.9774314422917
              ],
              [
                -1.16382348465592,
                51.9934122258321
              ],
              [
                -1.13432869832049,
                51.9972963878651
              ],
              [
                -1.11808639727987,
                52.0154261720693
              ],
              [
                -1.1366651917565,
                52.0222431393042
              ],
              [
                -1.12198746604179,
                52.0451472419556
              ],
              [
                -1.06205550082263,
                52.0627362303902
              ],
              [
                -1.02766844665035,
                52.0637342654294
              ],
              [
                -1.04232729760841,
                52.073710272331
              ],
              [
                -1.02631761576578,
                52.075682108814
              ],
              [
                -0.967805300661276,
                52.0709109272462
              ],
              [
                -0.951872932609752,
                52.0815336222368
              ],
              [
                -0.906030231091353,
                52.0212211091558
              ],
              [
                -0.890118209223622,
                52.0315605641756
              ],
              [
                -0.877468741341909,
                52.0299715978924
              ],
              [
                -0.871325629151714,
                52.0402518516581
              ],
              [
                -0.852446930044217,
                52.050705093085
              ],
              [
                -0.862678645799945,
                52.0609340387418
              ],
              [
                -0.839500488570763,
                52.0638277794141
              ],
              [
                -0.831418245792071,
                52.0719470001498
              ],
              [
                -0.846712543468591,
                52.0915087034566
              ],
              [
                -0.869530890808297,
                52.100037660312
              ],
              [
                -0.871450101645922,
                52.1117534338344
              ],
              [
                -0.887015710928942,
                52.1142093372426
              ],
              [
                -0.880720326962998,
                52.1263317817922
              ],
              [
                -0.828204674516664,
                52.1326105518988
              ],
              [
                -0.831966629448279,
                52.1436835087026
              ],
              [
                -0.814041227993611,
                52.1424723409363
              ],
              [
                -0.807587882658753,
                52.1569790134712
              ],
              [
                -0.792091270533438,
                52.1513294595377
              ],
              [
                -0.777975100551023,
                52.1687324929762
              ],
              [
                -0.749734768697029,
                52.1668767684285
              ],
              [
                -0.70545558404611,
                52.1915707007713
              ],
              [
                -0.668135637658982,
                52.1950341108626
              ],
              [
                -0.627446652760469,
                52.1815454683059
              ]
            ]
          ]
        ]
      },
      "properties": {
        "name": "South East",
        "code": "E12000008",
        "slug": "south-east"
      }
    },
    {
      "type": "Feature",
      "geometry": {
        "type": "MultiPolygon",
        "coordinates": [
          [
            [
              [
                -6.34905063698858,
                49.8982198764569
              ],
              [
                -6.32842255580921,
                49.8924563072245
              ],
              [
                -6.32851419772116,
                49.8920519710133
              ],
              [
                -6.33779744285269,
                49.8931292299994
              ],
              [
                -6.33833748048622,
                49.8934128591435
              ],
              [
                -6.34126068734852,
                49.8823405162684
              ],
              [
                -6.34234643790384,
                49.8828854600295
              ],
              [
                -6.3527673717682,
                49.8892260012143
              ],
              [
                -6.34905063698858,
                49.8982198764569
              ]
            ]
          ],
          [
            [
              [
                -6.27583724948072,
                49.9212271962324
              ],
              [
                -6.28782904813455,
                49.9100221770541
              ],
              [
                -6.30300390583224,
                49.9115332328234
              ],
              [
                -6.30393769094131,
                49.903196217657
              ],
              [
                -6.30608773151811,
                49.9054255236272
              ],
              [
                -6.31287821035298,
                49.9132390743673
              ],
              [
                -6.31336103528759,
                49.9129650777549
              ],
              [
                -6.31353200551293,
                49.9131422722706
              ],
              [
                -6.3136454087717,
                49.9128036978506
              ],
              [
                -6.32051455072413,
                49.9089049787525
              ],
              [
                -6.3266371152401,
                49.9116225957698
              ],
              [
                -6.32764388449862,
                49.9125747432091
              ],
              [
                -6.3090942052713,
                49.9166184405081
              ],
              [
                -6.31035804438423,
                49.9195169399705
              ],
              [
                -6.3121245194452,
                49.9285359516644
              ],
              [
                -6.2977746656339,
                49.936794051091
              ],
              [
                -6.27662950349063,
                49.9287815883172
              ],
              [
                -6.27583724948072,
                49.9212271962324
              ]
            ]
          ],
          [
            [
              [
                -6.33190786624801,
                49.9395919728529
              ],
              [
                -6.33248011704343,
                49.9395046611277
              ],
              [
                -6.34431732204487,
                49.9605686850966
              ],
              [
                -6.3464636798809,
                49.9669251123596
              ],
              [
                -6.32066634211293,
                49.9540682065632
              ],
              [
                -6.3199715000141,
                49.9524717294973
              ],
              [
                -6.33190786624801,
                49.9395919728529
              ]
            ]
          ],
          [
            [
              [
                -6.34949393521094,
                49.9519209995175
              ],
              [
                -6.35573538641128,
                49.9464509408925
              ],
              [
                -6.36029701223157,
                49.9489780819577
              ],
              [
                -6.3587203783264,
                49.9670131040875
              ],
              [
                -6.34807363725697,
                49.9556526340567
              ],
              [
                -6.34949393521094,
                49.9519209995175
              ]
            ]
          ],
          [
            [
              [
                -6.29356553658171,
                49.9783292442425
              ],
              [
                -6.28970753428646,
                49.9699073459665
              ],
              [
                -6.28874857996947,
                49.9661723288998
              ],
              [
                -6.26173195378992,
                49.9628627172235
              ],
              [
                -6.26316440139207,
                49.9623801340083
              ],
              [
                -6.28385208069647,
                49.9563368082627
              ],
              [
                -6.28614338137565,
                49.9568686479837
              ],
              [
                -6.29418647387847,
                49.9600231168086
              ],
              [
                -6.29418806046087,
                49.9603854996551
              ],
              [
                -6.29439236185564,
                49.9601038532927
              ],
              [
                -6.3023050989383,
                49.9632062082093
              ],
              [
                -6.3036835838116,
                49.9646746863806
              ],
              [
                -6.29541084319266,
                49.9758395602263
              ],
              [
                -6.29215937203599,
                49.9744135928327
              ],
              [
                -6.29367511798735,
                49.9781814051303
              ],
              [
                -6.29356553658171,
                49.9783292442425
              ]
            ]
          ],
          [
            [
              [
                -1.95624025439997,
                50.6919628173485
              ],
              [
                -1.96158467721142,
                50.6862824143715
              ],
              [
                -1.98803823899505,
                50.6924503301952
              ],
              [
                -1.96526040460952,
                50.6948227163725
              ],
              [
                -1.95624025439997,
                50.6919628173485
              ]
            ]
          ],
          [
            [
              [
                -4.72691368032223,
                50.6828722820253
              ],
              [
                -4.72664429792834,
                50.6825688218354
              ],
              [
                -4.72712191378465,
                50.6825814376414
              ],
              [
                -4.72691368032223,
                50.6828722820253
              ]
            ]
          ],
          [
            [
              [
                -4.666403835248,
                51.1593962836572
              ],
              [
                -4.67092482320809,
                51.1584635557162
              ],
              [
                -4.68057246853434,
                51.1724248304546
              ],
              [
                -4.67782364154059,
                51.1985100305574
              ],
              [
                -4.67735952763964,
                51.2024006745755
              ],
              [
                -4.65326627659294,
                51.1623696468657
              ],
              [
                -4.666403835248,
                51.1593962836572
              ]
            ]
          ],
          [
            [
              [
                -1.76764874769,
                52.1125925600919
              ],
              [
                -1.7460219368056,
                52.0929601720304
              ],
              [
                -1.72856052810737,
                52.1001203055385
              ],
              [
                -1.73067148453295,
                52.0733993013828
              ],
              [
                -1.7129529623218,
                52.0665849047349
              ],
              [
                -1.70173137601056,
                52.072809303259
              ],
              [
                -1.70514106701663,
                52.059706622156
              ],
              [
                -1.6886364810542,
                52.0518332037271
              ],
              [
                -1.69398075503951,
                52.0395278988862
              ],
              [
                -1.66387014157968,
                52.031277558306
              ],
              [
                -1.62441776103734,
                52.0389813512217
              ],
              [
                -1.61753263743828,
                52.0334370252941
              ],
              [
                -1.66617341864599,
                51.9969179723226
              ],
              [
                -1.66575430454863,
                51.9874888210715
              ],
              [
                -1.66252911046192,
                51.9640049466649
              ],
              [
                -1.63249065036283,
                51.9556514579195
              ],
              [
                -1.61518893057961,
                51.9376816298688
              ],
              [
                -1.64552984349675,
                51.9222942559287
              ],
              [
                -1.63305061647521,
                51.8992254674556
              ],
              [
                -1.6586519744456,
                51.896551192631
              ],
              [
                -1.66711188277392,
                51.8770000585868
              ],
              [
                -1.68686790516724,
                51.8654997690631
              ],
              [
                -1.67638499897572,
                51.8503096854222
              ],
              [
                -1.68646159226861,
                51.8344557908918
              ],
              [
                -1.68193160633237,
                51.8039930873353
              ],
              [
                -1.71948863302901,
                51.7832118276915
              ],
              [
                -1.70070464063817,
                51.7705842299967
              ],
              [
                -1.6870208353919,
                51.7398840228322
              ],
              [
                -1.69587065656067,
                51.7235374525478
              ],
              [
                -1.68800012551327,
                51.7120447475636
              ],
              [
                -1.64825374342062,
                51.6840870658459
              ],
              [
                -1.66845860138362,
                51.6804375698633
              ],
              [
                -1.68305860763384,
                51.6901103599566
              ],
              [
                -1.70018909588819,
                51.6707416640529
              ],
              [
                -1.69193809183812,
                51.6521645874544
              ],
              [
                -1.65995432000086,
                51.6349908726083
              ],
              [
                -1.67373615893662,
                51.6228498665448
              ],
              [
                -1.66700965139022,
                51.6162644730941
              ],
              [
                -1.69061673406566,
                51.6054499281008
              ],
              [
                -1.69111065938545,
                51.5835237268059
              ],
              [
                -1.6765398170414,
                51.5694390409691
              ],
              [
                -1.65504455153771,
                51.576506273859
              ],
              [
                -1.64769133240668,
                51.5719518956624
              ],
              [
                -1.60281227576796,
                51.5182950573298
              ],
              [
                -1.58470801107569,
                51.5249121183388
              ],
              [
                -1.58229087126478,
                51.4941117965825
              ],
              [
                -1.52399091949678,
                51.4474805537097
              ],
              [
                -1.52661860733259,
                51.4239298629233
              ],
              [
                -1.56511865145832,
                51.422043433161
              ],
              [
                -1.57105280217899,
                51.4155776049779
              ],
              [
                -1.55298802119079,
                51.4100439103351
              ],
              [
                -1.55560283150743,
                51.3955841247733
              ],
              [
                -1.49544914388954,
                51.3696644478365
              ],
              [
                -1.5006084786642,
                51.356267960943
              ],
              [
                -1.48571137940255,
                51.3476828423988
              ],
              [
                -1.498298923396,
                51.3293760922954
              ],
              [
                -1.52750728243899,
                51.3384659569216
              ],
              [
                -1.53356185391502,
                51.3162235794285
              ],
              [
                -1.51951108456223,
                51.2959385816887
              ],
              [
                -1.52280740170925,
                51.2870580073228
              ],
              [
                -1.54258390871829,
                51.2812507350614
              ],
              [
                -1.54051263214595,
                51.2608334786388
              ],
              [
                -1.52982022728447,
                51.2605141190568
              ],
              [
                -1.53603492233474,
                51.2485300395985
              ],
              [
                -1.54515980286727,
                51.2450984916429
              ],
              [
                -1.57763603596415,
                51.2556310650247
              ],
              [
                -1.607421790131,
                51.2527704988073
              ],
              [
                -1.63354082449386,
                51.2175159564933
              ],
              [
                -1.68969464697296,
                51.2148276707337
              ],
              [
                -1.69409695143106,
                51.2040432388922
              ],
              [
                -1.66883538878813,
                51.1907722662536
              ],
              [
                -1.67236777184947,
                51.1785439063109
              ],
              [
                -1.65404416770563,
                51.1562825586506
              ],
              [
                -1.66297542061049,
                51.1271919933478
              ],
              [
                -1.62624982084857,
                51.1173383772985
              ],
              [
                -1.63731080992467,
                51.0921654722316
              ],
              [
                -1.6277285317731,
                51.0780113470538
              ],
              [
                -1.63494006258514,
                51.0405607794145
              ],
              [
                -1.63237574994688,
                51.032779708019
              ],
              [
                -1.59939671455144,
                51.0237293750411
              ],
              [
                -1.59733922744914,
                51.009752599523
              ],
              [
                -1.62888498210167,
                50.9990317647678
              ],
              [
                -1.61964214747433,
                50.9829964286938
              ],
              [
                -1.60292299502569,
                50.9785174322861
              ],
              [
                -1.61975086537251,
                50.9585669225427
              ],
              [
                -1.63496498190476,
                50.9592422032817
              ],
              [
                -1.66165999760025,
                50.9452778925318
              ],
              [
                -1.71961730875128,
                50.9767804593715
              ],
              [
                -1.75440191299431,
                50.9778920957405
              ],
              [
                -1.80031396441254,
                50.9913947995553
              ],
              [
                -1.81542176153676,
                50.9859226506387
              ],
              [
                -1.83581261898953,
                51.009422262875
              ],
              [
                -1.85338113087344,
                51.0046795398842
              ],
              [
                -1.87398355229609,
                50.9844410360503
              ],
              [
                -1.87448162937032,
                51.0063305721162
              ],
              [
                -1.88674132171074,
                50.9995277353679
              ],
              [
                -1.92787590068259,
                50.9976972344344
              ],
              [
                -1.94993597428249,
                50.9823105862036
              ],
              [
                -1.95682488695114,
                50.9898317323125
              ],
              [
                -1.95546558071481,
                50.9782663317828
              ],
              [
                -1.92084101012651,
                50.9614073103249
              ],
              [
                -1.87364432144721,
                50.9172258897629
              ],
              [
                -1.84184002606343,
                50.9316803733843
              ],
              [
                -1.81065808966545,
                50.9272033833613
              ],
              [
                -1.8165419268142,
                50.9039481448891
              ],
              [
                -1.84855553218411,
                50.8898873561065
              ],
              [
                -1.85353883472863,
                50.863460109718
              ],
              [
                -1.83000872917239,
                50.8552737968334
              ],
              [
                -1.80711024689597,
                50.8633153662949
              ],
              [
                -1.80247295729644,
                50.8429625290353
              ],
              [
                -1.79061492044021,
                50.8363141194061
              ],
              [
                -1.80340083464914,
                50.8303392074562
              ],
              [
                -1.81189346961125,
                50.808642052511
              ],
              [
                -1.8039049599245,
                50.7959652088114
              ],
              [
                -1.78549590627468,
                50.7647520309869
              ],
              [
                -1.74884631724303,
                50.7794943865874
              ],
              [
                -1.73895962345847,
                50.7632705325318
              ],
              [
                -1.74416871755885,
                50.7474553878365
              ],
              [
                -1.68181881885181,
                50.7518475278355
              ],
              [
                -1.69185539380078,
                50.7373291328852
              ],
              [
                -1.69253547260408,
                50.7373979527464
              ],
              [
                -1.71795540943005,
                50.7347137982094
              ],
              [
                -1.72445537729127,
                50.734026514621
              ],
              [
                -1.72714599228546,
                50.7324470217768
              ],
              [
                -1.72899034206578,
                50.7322105757844
              ],
              [
                -1.73075839475284,
                50.7303261340271
              ],
              [
                -1.74233853680595,
                50.7235252613415
              ],
              [
                -1.75731862910948,
                50.7310550061979
              ],
              [
                -1.76180681064611,
                50.7230963028683
              ],
              [
                -1.76127141265493,
                50.7180126794209
              ],
              [
                -1.7461218553402,
                50.7155061772486
              ],
              [
                -1.73948136463686,
                50.7244350263958
              ],
              [
                -1.74853427717603,
                50.7113702539556
              ],
              [
                -1.74880875321022,
                50.7110774149456
              ],
              [
                -1.80417313761084,
                50.7200598929555
              ],
              [
                -1.81193003005313,
                50.7196975524517
              ],
              [
                -1.81819023028744,
                50.7205543369101
              ],
              [
                -1.83753813679058,
                50.7184976359583
              ],
              [
                -1.86686756324785,
                50.7171163618798
              ],
              [
                -1.87714100795761,
                50.714277236386
              ],
              [
                -1.88526989463489,
                50.7134092001994
              ],
              [
                -1.89130185540078,
                50.7103617521383
              ],
              [
                -1.9127647914794,
                50.7044227745504
              ],
              [
                -1.94686578632143,
                50.6826489225305
              ],
              [
                -1.93399708106305,
                50.6991467679406
              ],
              [
                -1.95227153517919,
                50.7041333782452
              ],
              [
                -1.95819190503604,
                50.7156059300149
              ],
              [
                -1.99213052511282,
                50.7126888784623
              ],
              [
                -1.98429715356843,
                50.7193015046
              ],
              [
                -1.99501016069765,
                50.7298586770008
              ],
              [
                -1.9898148254303,
                50.7372465938253
              ],
              [
                -2.00135866981897,
                50.734070773454
              ],
              [
                -2.01150260324484,
                50.7312785941144
              ],
              [
                -2.00135809824861,
                50.7208062460175
              ],
              [
                -1.98846238454342,
                50.7074853835488
              ],
              [
                -2.0013575991928,
                50.7103399176235
              ],
              [
                -2.04030690318047,
                50.7189500174207
              ],
              [
                -2.04074622764021,
                50.7190470449478
              ],
              [
                -2.02751369292783,
                50.7292444604358
              ],
              [
                -2.05381190943339,
                50.7289974392831
              ],
              [
                -2.04181398953265,
                50.725937930926
              ],
              [
                -2.04249453260105,
                50.7174701399658
              ],
              [
                -2.04249650590079,
                50.7174455879804
              ],
              [
                -2.04273125648008,
                50.7145238701538
              ],
              [
                -2.06751376572921,
                50.7150720583077
              ],
              [
                -2.07190065627071,
                50.7079147255662
              ],
              [
                -2.05767636101088,
                50.7055935757085
              ],
              [
                -2.07373296329944,
                50.7059612645815
              ],
              [
                -2.07108870168952,
                50.6981237458443
              ],
              [
                -2.07950595282758,
                50.6946775075498
              ],
              [
                -2.07934185493865,
                50.6942848267689
              ],
              [
                -2.07897417694077,
                50.6902010989254
              ],
              [
                -2.0789130545005,
                50.6895221518201
              ],
              [
                -2.0658071220975,
                50.6869902509407
              ],
              [
                -2.05445483663497,
                50.6998540401249
              ],
              [
                -2.02608687825716,
                50.7074295954415
              ],
              [
                -2.01848711788604,
                50.7007416068836
              ],
              [
                -2.03476627417928,
                50.7020960162458
              ],
              [
                -2.02472138634893,
                50.6876234682512
              ],
              [
                -2.05297350831011,
                50.6778855427858
              ],
              [
                -2.02515449632016,
                50.6844656069591
              ],
              [
                -2.02662687844344,
                50.6780886486217
              ],
              [
                -2.04712950447448,
                50.6704289565398
              ],
              [
                -2.0289833583238,
                50.6743894846686
              ],
              [
                -2.02706021276549,
                50.6680620445177
              ],
              [
                -2.0216427633655,
                50.6821021637551
              ],
              [
                -2.01141928171846,
                50.6827103172095
              ],
              [
                -2.01048635624571,
                50.6709383037314
              ],
              [
                -2.00135587175068,
                50.6750467981237
              ],
              [
                -1.99979714294347,
                50.6757480526968
              ],
              [
                -1.99328463414901,
                50.6672594571474
              ],
              [
                -1.97831704413324,
                50.676944952561
              ],
              [
                -1.98351912817618,
                50.6670473980892
              ],
              [
                -1.96809781952268,
                50.6604307865855
              ],
              [
                -1.97096030648175,
                50.6692599319781
              ],
              [
                -1.9498107355223,
                50.6801876407767
              ],
              [
                -1.94111990950151,
                50.672068627523
              ],
              [
                -1.94316206678711,
                50.665979386855
              ],
              [
                -1.95184316555674,
                50.6500707299757
              ],
              [
                -1.94921203492972,
                50.6479295343892
              ],
              [
                -1.94981182911095,
                50.6461391817326
              ],
              [
                -1.9463529618365,
                50.6456025507899
              ],
              [
                -1.94061094592281,
                50.6409282387157
              ],
              [
                -1.92643253356107,
                50.6425098917933
              ],
              [
                -1.92376533354734,
                50.6420955415282
              ],
              [
                -1.95350548201448,
                50.6196860979108
              ],
              [
                -1.95661366678612,
                50.6173423931982
              ],
              [
                -1.95659604040002,
                50.6171003851193
              ],
              [
                -1.95672646481953,
                50.6170018284876
              ],
              [
                -1.9564232641163,
                50.6147279118947
              ],
              [
                -1.95597436644396,
                50.6085628759144
              ],
              [
                -1.955596996562,
                50.6085301125302
              ],
              [
                -1.95556577276682,
                50.6082958756976
              ],
              [
                -1.94774173812028,
                50.6078477865049
              ],
              [
                -1.94393695520526,
                50.6075170907899
              ],
              [
                -1.95122938671312,
                50.5945641662792
              ],
              [
                -2.02634590356957,
                50.5890017803394
              ],
              [
                -2.0548724798469,
                50.5765280117404
              ],
              [
                -2.05699100016111,
                50.5803529668801
              ],
              [
                -2.06395961589373,
                50.5935252922376
              ],
              [
                -2.06431090405521,
                50.5935638601895
              ],
              [
                -2.06435818690037,
                50.5936491708186
              ],
              [
                -2.06588629329056,
                50.5937368146752
              ],
              [
                -2.11070752745525,
                50.5986483232784
              ],
              [
                -2.13345659669283,
                50.612281005709
              ],
              [
                -2.1338263048599,
                50.6121604683058
              ],
              [
                -2.13454593616965,
                50.6126493769951
              ],
              [
                -2.14604188719038,
                50.6084780372584
              ],
              [
                -2.15798307656983,
                50.6154639531214
              ],
              [
                -2.17257121150561,
                50.6151975932896
              ],
              [
                -2.19751592820478,
                50.6226780357898
              ],
              [
                -2.19798789131953,
                50.6226049736649
              ],
              [
                -2.19850295803562,
                50.622980062492
              ],
              [
                -2.222910755064,
                50.6194819100765
              ],
              [
                -2.24389040807324,
                50.6164705220159
              ],
              [
                -2.25034435771819,
                50.617130863249
              ],
              [
                -2.2669736387279,
                50.6193894181004
              ],
              [
                -2.28408121755143,
                50.6217102060885
              ],
              [
                -2.33074413411269,
                50.6280263314415
              ],
              [
                -2.33894209055088,
                50.6318890340079
              ],
              [
                -2.36728519357115,
                50.6329580895924
              ],
              [
                -2.39485291738899,
                50.6366704877211
              ],
              [
                -2.42278082485253,
                50.6360364392177
              ],
              [
                -2.42461839729174,
                50.6350993829056
              ],
              [
                -2.42556400738516,
                50.6351344621323
              ],
              [
                -2.4273335777194,
                50.6337146782094
              ],
              [
                -2.4394303155835,
                50.6275437439767
              ],
              [
                -2.44790935762177,
                50.6188344518156
              ],
              [
                -2.4525215390027,
                50.6140953835275
              ],
              [
                -2.44491886138449,
                50.6093635591708
              ],
              [
                -2.4596711792932,
                50.6077978495791
              ],
              [
                -2.44474800611769,
                50.6092572038362
              ],
              [
                -2.44144237765512,
                50.6096824540562
              ],
              [
                -2.44143981749563,
                50.6096811714527
              ],
              [
                -2.45098096213016,
                50.6037817668025
              ],
              [
                -2.44799182904386,
                50.6025697375696
              ],
              [
                -2.44904679006509,
                50.6014501295639
              ],
              [
                -2.43237854078593,
                50.5962365983274
              ],
              [
                -2.45031278303277,
                50.6010733737087
              ],
              [
                -2.47020261639402,
                50.5839654786898
              ],
              [
                -2.46991541030593,
                50.5835798064995
              ],
              [
                -2.47039906977319,
                50.5831480026924
              ],
              [
                -2.49705780320393,
                50.5973072018523
              ],
              [
                -2.49566663260034,
                50.6028879079084
              ],
              [
                -2.51748623996442,
                50.6178652792468
              ],
              [
                -2.53390667567815,
                50.6184712652823
              ],
              [
                -2.5351457396481,
                50.6185168971365
              ],
              [
                -2.56043725112258,
                50.639142908662
              ],
              [
                -2.56703976041518,
                50.6410727064564
              ],
              [
                -2.61152731005959,
                50.6540617031311
              ],
              [
                -2.56692567040971,
                50.6315974932321
              ],
              [
                -2.54083580880722,
                50.6184390223458
              ],
              [
                -2.49727419242652,
                50.5964390567932
              ],
              [
                -2.46953293983819,
                50.5824095859275
              ],
              [
                -2.46140483732543,
                50.5721480550293
              ],
              [
                -2.46059593843725,
                50.5710611768796
              ],
              [
                -2.4605421831537,
                50.5710586700674
              ],
              [
                -2.4605037961142,
                50.5710101929397
              ],
              [
                -2.43769626338352,
                50.5699721806671
              ],
              [
                -2.4221803544434,
                50.5692634397023
              ],
              [
                -2.4283771063158,
                50.5660591314972
              ],
              [
                -2.41999495561145,
                50.5551335061917
              ],
              [
                -2.41862558140018,
                50.5462752437106
              ],
              [
                -2.45567326956035,
                50.5139021908977
              ],
              [
                -2.4567307785946,
                50.5130865038644
              ],
              [
                -2.45029977656575,
                50.5612200814868
              ],
              [
                -2.53112599558584,
                50.6120540884144
              ],
              [
                -2.54413598267587,
                50.618423618495
              ],
              [
                -2.56690113115858,
                50.6295614835311
              ],
              [
                -2.63741697516425,
                50.6639994578241
              ],
              [
                -2.79335213400751,
                50.7181112921309
              ],
              [
                -2.85141960234835,
                50.7258136484597
              ],
              [
                -2.90550355717903,
                50.7329599199967
              ],
              [
                -2.90852007742207,
                50.7333626894887
              ],
              [
                -2.90852949914663,
                50.7333589432705
              ],
              [
                -2.91175408568322,
                50.7337840646149
              ],
              [
                -2.94745742471089,
                50.7183502994067
              ],
              [
                -2.94771782531384,
                50.718237656817
              ],
              [
                -3.02691483364483,
                50.6988824010502
              ],
              [
                -3.02973231706955,
                50.6990258256312
              ],
              [
                -3.05344470581522,
                50.7041058622673
              ],
              [
                -3.05486684808231,
                50.7025241279261
              ],
              [
                -3.08243989732355,
                50.7016147735606
              ],
              [
                -3.09528281872704,
                50.6861167163164
              ],
              [
                -3.09607792344817,
                50.6852259413126
              ],
              [
                -3.13379760493608,
                50.6849569448272
              ],
              [
                -3.19213141800532,
                50.6845169463424
              ],
              [
                -3.2577744517367,
                50.6732372315377
              ],
              [
                -3.28962025415169,
                50.6422491577311
              ],
              [
                -3.30095092785834,
                50.6321198397359
              ],
              [
                -3.30880664569958,
                50.6475939158124
              ],
              [
                -3.30672762033476,
                50.629629286271
              ],
              [
                -3.34065938526523,
                50.6218680387238
              ],
              [
                -3.34799247053395,
                50.6206252698467
              ],
              [
                -3.34852587213545,
                50.6200669500514
              ],
              [
                -3.35236245979961,
                50.6191882958046
              ],
              [
                -3.35796874550872,
                50.6117769404391
              ],
              [
                -3.36187155260922,
                50.6066160423426
              ],
              [
                -3.38970132073583,
                50.6114033374829
              ],
              [
                -3.41483597304056,
                50.6157205343925
              ],
              [
                -3.42403628116489,
                50.6172992685868
              ],
              [
                -3.42146971405846,
                50.6228579875398
              ],
              [
                -3.41551660843581,
                50.6293404197038
              ],
              [
                -3.45147155692579,
                50.6818814531521
              ],
              [
                -3.45248279946136,
                50.6833572877687
              ],
              [
                -3.4608874607357,
                50.6956193042609
              ],
              [
                -3.45959775144506,
                50.6891654418478
              ],
              [
                -3.45708230230678,
                50.6765723459809
              ],
              [
                -3.45676135233779,
                50.6749650576495
              ],
              [
                -3.45791369898813,
                50.6757855214501
              ],
              [
                -3.46828956616709,
                50.6831712581674
              ],
              [
                -3.4698277753899,
                50.6822528123589
              ],
              [
                -3.46973519528416,
                50.681215900126
              ],
              [
                -3.46947531561359,
                50.6783049418847
              ],
              [
                -3.46819467597577,
                50.6639543714647
              ],
              [
                -3.45126400927122,
                50.6470835223667
              ],
              [
                -3.44686654230197,
                50.6200971023697
              ],
              [
                -3.44681617155347,
                50.6171872215087
              ],
              [
                -3.44635594442938,
                50.6169615938526
              ],
              [
                -3.44534077481151,
                50.6107261445236
              ],
              [
                -3.44454395022675,
                50.6058305043756
              ],
              [
                -3.44515112815733,
                50.6055803650761
              ],
              [
                -3.44453527840093,
                50.6057772170109
              ],
              [
                -3.44385360503067,
                50.6015881252603
              ],
              [
                -3.42778892150014,
                50.6109425924264
              ],
              [
                -3.4270823509623,
                50.6113538944428
              ],
              [
                -3.42497037820887,
                50.6120284602461
              ],
              [
                -3.42629381895044,
                50.6109608657516
              ],
              [
                -3.46697576129859,
                50.5781137178414
              ],
              [
                -3.46844081337944,
                50.562976444649
              ],
              [
                -3.49984772474864,
                50.5405313689487
              ],
              [
                -3.50105639091012,
                50.5459174950721
              ],
              [
                -3.50980960251871,
                50.5428566606533
              ],
              [
                -3.49741323067905,
                50.5382846122202
              ],
              [
                -3.50654138989824,
                50.5207644100044
              ],
              [
                -3.50911018935104,
                50.5166192774844
              ],
              [
                -3.50913535140189,
                50.5165786701381
              ],
              [
                -3.51484222293155,
                50.4817583011971
              ],
              [
                -3.48059441328692,
                50.4635180508783
              ],
              [
                -3.51593414740442,
                50.4537627960698
              ],
              [
                -3.5406700021299,
                50.4610695179404
              ],
              [
                -3.55650036914243,
                50.4294186783271
              ],
              [
                -3.55953632203826,
                50.4233437878329
              ],
              [
                -3.54483096895344,
                50.4021062485711
              ],
              [
                -3.51952206083056,
                50.4031754985758
              ],
              [
                -3.51191461824754,
                50.3958990983793
              ],
              [
                -3.50518248052754,
                50.4000046901603
              ],
              [
                -3.5129862645246,
                50.4056278650126
              ],
              [
                -3.4823878572807,
                50.400026912742
              ],
              [
                -3.50764454711854,
                50.3791676280578
              ],
              [
                -3.50771387410789,
                50.378945832211
              ],
              [
                -3.51786622848811,
                50.3464438227521
              ],
              [
                -3.51855976193826,
                50.3460610674503
              ],
              [
                -3.54007788930292,
                50.3370321347262
              ],
              [
                -3.55118133952948,
                50.3382737350214
              ],
              [
                -3.57180956110571,
                50.3470474479355
              ],
              [
                -3.5735318984045,
                50.3478282742545
              ],
              [
                -3.56816848542134,
                50.3506796692822
              ],
              [
                -3.56426332830252,
                50.35271371797
              ],
              [
                -3.57628042049208,
                50.3632710024729
              ],
              [
                -3.5755817236746,
                50.3639068940735
              ],
              [
                -3.56855744157626,
                50.3688096635799
              ],
              [
                -3.59471187619675,
                50.3822436536693
              ],
              [
                -3.5946701066253,
                50.3820673811131
              ],
              [
                -3.59498685159926,
                50.3822474071827
              ],
              [
                -3.59466298776099,
                50.382037339106
              ],
              [
                -3.59435436450118,
                50.3807348755994
              ],
              [
                -3.58055472647229,
                50.3722041350383
              ],
              [
                -3.58054558136777,
                50.3721141534419
              ],
              [
                -3.5844327514675,
                50.3603128709962
              ],
              [
                -3.57675761702688,
                50.3511440851557
              ],
              [
                -3.57673800769601,
                50.3462238589269
              ],
              [
                -3.57097574492784,
                50.3442342987612
              ],
              [
                -3.56355066492686,
                50.3353574743563
              ],
              [
                -3.57242653645146,
                50.3260576562815
              ],
              [
                -3.59244898589979,
                50.3218675979244
              ],
              [
                -3.61122250048761,
                50.3180669555974
              ],
              [
                -3.61141395875743,
                50.3178951203258
              ],
              [
                -3.61311579308183,
                50.3175384661662
              ],
              [
                -3.64265128539198,
                50.290132573342
              ],
              [
                -3.65653523510274,
                50.2481523529001
              ],
              [
                -3.65956544236541,
                50.2389804021307
              ],
              [
                -3.65905790933312,
                50.2385163281745
              ],
              [
                -3.65919542366196,
                50.2380956737813
              ],
              [
                -3.64395027533163,
                50.224697323837
              ],
              [
                -3.64073918760676,
                50.2217588672484
              ],
              [
                -3.68096112792631,
                50.2224046043931
              ],
              [
                -3.68349941847861,
                50.2210832032127
              ],
              [
                -3.698132730271,
                50.2134628116765
              ],
              [
                -3.72091165027188,
                50.2024574218114
              ],
              [
                -3.73750178307174,
                50.2148195218634
              ],
              [
                -3.77348445316939,
                50.2242842287995
              ],
              [
                -3.76133772087535,
                50.2362467509585
              ],
              [
                -3.72631182852063,
                50.2366536576959
              ],
              [
                -3.73911844484021,
                50.2410607451744
              ],
              [
                -3.72270692616299,
                50.2471906873007
              ],
              [
                -3.72027552351681,
                50.2480985201578
              ],
              [
                -3.72402069146962,
                50.2471711585818
              ],
              [
                -3.7538177949907,
                50.2397872757095
              ],
              [
                -3.75456275453851,
                50.2424014572915
              ],
              [
                -3.74917465032701,
                50.2559730294712
              ],
              [
                -3.75665546199405,
                50.2547996527128
              ],
              [
                -3.76727757467567,
                50.2630884563138
              ],
              [
                -3.77406448461032,
                50.2570109629433
              ],
              [
                -3.7648769012978,
                50.2539792393631
              ],
              [
                -3.76153842474999,
                50.2466089956631
              ],
              [
                -3.75880795242883,
                50.2405792426855
              ],
              [
                -3.76183280709673,
                50.2411649810727
              ],
              [
                -3.76685763267359,
                50.2425264497822
              ],
              [
                -3.76717543017773,
                50.2421993034613
              ],
              [
                -3.77530643583591,
                50.2437729294685
              ],
              [
                -3.76990664934,
                50.2393874909696
              ],
              [
                -3.77767200027252,
                50.2313907886107
              ],
              [
                -3.78193657096119,
                50.2295729655254
              ],
              [
                -3.78667304797434,
                50.2108371933959
              ],
              [
                -3.80435102664927,
                50.2133273881146
              ],
              [
                -3.81969552111646,
                50.2164282282558
              ],
              [
                -3.84424794948391,
                50.2277095188832
              ],
              [
                -3.86797373599836,
                50.2396988145259
              ],
              [
                -3.8672521969848,
                50.2414645792975
              ],
              [
                -3.85911392155999,
                50.2425107074562
              ],
              [
                -3.8589704042776,
                50.2450909996703
              ],
              [
                -3.85810388588421,
                50.2606658305365
              ],
              [
                -3.8591229028954,
                50.2613497866422
              ],
              [
                -3.85911521229682,
                50.2613685891314
              ],
              [
                -3.87421037850568,
                50.2714729776096
              ],
              [
                -3.88174521421061,
                50.2765262290296
              ],
              [
                -3.87688146201866,
                50.2802862271083
              ],
              [
                -3.86964388284027,
                50.2790701177052
              ],
              [
                -3.86535494604853,
                50.2846187010506
              ],
              [
                -3.87096765612668,
                50.2812557247874
              ],
              [
                -3.89508828163115,
                50.281763256349
              ],
              [
                -3.89920671893234,
                50.2843639889203
              ],
              [
                -3.89794646867715,
                50.2863789786047
              ],
              [
                -3.91029643281483,
                50.2940693864982
              ],
              [
                -3.91491811669178,
                50.2942814983835
              ],
              [
                -3.91773075343246,
                50.296056249881
              ],
              [
                -3.94367364719776,
                50.295895524915
              ],
              [
                -3.94682846273721,
                50.3067690619059
              ],
              [
                -3.94847383395234,
                50.3097999194394
              ],
              [
                -3.95258725501937,
                50.3081963756875
              ],
              [
                -3.95273652055172,
                50.3084151376
              ],
              [
                -3.97475585093106,
                50.3052401877621
              ],
              [
                -3.99194807706625,
                50.3074813258057
              ],
              [
                -4.01625922972305,
                50.2992434072263
              ],
              [
                -4.04284495303377,
                50.2953934967895
              ],
              [
                -4.07108609912615,
                50.3048501851434
              ],
              [
                -4.06203352442939,
                50.3083109542136
              ],
              [
                -4.03326868573418,
                50.3134319926628
              ],
              [
                -4.05321686584294,
                50.3177226342552
              ],
              [
                -4.05596021061999,
                50.3114197594001
              ],
              [
                -4.05820606208318,
                50.3116399760704
              ],
              [
                -4.11901571874512,
                50.3193770068436
              ],
              [
                -4.11964095209209,
                50.335845020814
              ],
              [
                -4.12309418777234,
                50.336411742547
              ],
              [
                -4.12327363028815,
                50.3463556629148
              ],
              [
                -4.12305672698691,
                50.3467082366132
              ],
              [
                -4.12312116530454,
                50.3467751080958
              ],
              [
                -4.12351941026397,
                50.3471883916549
              ],
              [
                -4.13082680378267,
                50.3589993036095
              ],
              [
                -4.10538735795789,
                50.3565072005823
              ],
              [
                -4.11243592643045,
                50.3594347551207
              ],
              [
                -4.09978229616671,
                50.3792725085099
              ],
              [
                -4.10143722883704,
                50.3826912862635
              ],
              [
                -4.11570407351045,
                50.3617862716073
              ],
              [
                -4.13273329148369,
                50.3620796364879
              ],
              [
                -4.13347905385787,
                50.3632844481732
              ],
              [
                -4.14092927734403,
                50.3622198761981
              ],
              [
                -4.15282869438648,
                50.3624224125615
              ],
              [
                -4.15438127819314,
                50.3675475149577
              ],
              [
                -4.16408426761573,
                50.3589179705828
              ],
              [
                -4.16368010547366,
                50.369448502026
              ],
              [
                -4.1743722320797,
                50.3667759326526
              ],
              [
                -4.18250098649046,
                50.3670913619142
              ],
              [
                -4.18430714353004,
                50.37107894995
              ],
              [
                -4.18223418000107,
                50.3779727485351
              ],
              [
                -4.19062146733789,
                50.3850135255391
              ],
              [
                -4.192916776614,
                50.390076343851
              ],
              [
                -4.17978116718415,
                50.3966278028501
              ],
              [
                -4.19454319586704,
                50.3920860096107
              ],
              [
                -4.20467173386886,
                50.3990734386227
              ],
              [
                -4.20442633540221,
                50.4012942288067
              ],
              [
                -4.19520520010383,
                50.4191182248025
              ],
              [
                -4.19232419822018,
                50.4246838686063
              ],
              [
                -4.16547770379296,
                50.4197239227418
              ],
              [
                -4.1635274939179,
                50.4275886661409
              ],
              [
                -4.16565672813811,
                50.4267755309488
              ],
              [
                -4.17321356655948,
                50.4238891222538
              ],
              [
                -4.1766700353812,
                50.4225686140754
              ],
              [
                -4.18528077423256,
                50.4264228191225
              ],
              [
                -4.18981365748427,
                50.428451247859
              ],
              [
                -4.1809853668302,
                50.4352667388024
              ],
              [
                -4.16889656659978,
                50.4445951610254
              ],
              [
                -4.16265486751935,
                50.4494097234062
              ],
              [
                -4.15645784389785,
                50.4463509725162
              ],
              [
                -4.15187245248104,
                50.4636623099923
              ],
              [
                -4.15182690454848,
                50.4638342114417
              ],
              [
                -4.15201743830695,
                50.4636645990296
              ],
              [
                -4.16052130614984,
                50.4560930009447
              ],
              [
                -4.18507920993907,
                50.4342105781518
              ],
              [
                -4.19131299136582,
                50.4353751564747
              ],
              [
                -4.19965389402027,
                50.4369327618557
              ],
              [
                -4.20078788357315,
                50.4363968859577
              ],
              [
                -4.22228115682423,
                50.4262356965096
              ],
              [
                -4.23831164789496,
                50.4390433574723
              ],
              [
                -4.22387210626522,
                50.4219831898819
              ],
              [
                -4.20991099728891,
                50.4254398172144
              ],
              [
                -4.21040823359946,
                50.4188306434252
              ],
              [
                -4.21147201458755,
                50.4046792278839
              ],
              [
                -4.22673224652854,
                50.39351919453
              ],
              [
                -4.22730195729596,
                50.3932965570521
              ],
              [
                -4.23301521332515,
                50.3935564658694
              ],
              [
                -4.23082987700828,
                50.3905213470108
              ],
              [
                -4.23084954839983,
                50.3905069543336
              ],
              [
                -4.23082426887596,
                50.3905135583374
              ],
              [
                -4.2307657805096,
                50.3904323196466
              ],
              [
                -4.20221408312714,
                50.3883832424635
              ],
              [
                -4.2094682466173,
                50.3856664440509
              ],
              [
                -4.1947836548681,
                50.3718565637381
              ],
              [
                -4.20923499266945,
                50.3689321893951
              ],
              [
                -4.20892604560126,
                50.3686934069988
              ],
              [
                -4.20918521546659,
                50.3686508195122
              ],
              [
                -4.20828891723334,
                50.3682009658124
              ],
              [
                -4.19711586759944,
                50.3595629529945
              ],
              [
                -4.20761609791375,
                50.3469069166706
              ],
              [
                -4.17268900853623,
                50.3585728229662
              ],
              [
                -4.17155367407261,
                50.3572243383253
              ],
              [
                -4.17059381767944,
                50.3468133230298
              ],
              [
                -4.19958942908005,
                50.333426292907
              ],
              [
                -4.2012714929036,
                50.3328725041233
              ],
              [
                -4.18840249187205,
                50.3177313069676
              ],
              [
                -4.18946428586093,
                50.317546339292
              ],
              [
                -4.21019204828477,
                50.3182573921381
              ],
              [
                -4.22147587592455,
                50.3119646623337
              ],
              [
                -4.22319796203794,
                50.3116641079858
              ],
              [
                -4.22361862342103,
                50.3127651814709
              ],
              [
                -4.2195235965633,
                50.3246060286401
              ],
              [
                -4.2291698060828,
                50.3335041674275
              ],
              [
                -4.24990627703412,
                50.3408360137842
              ],
              [
                -4.30815097061245,
                50.3613974930442
              ],
              [
                -4.41022406369339,
                50.3641474146134
              ],
              [
                -4.43658028864627,
                50.3610208455211
              ],
              [
                -4.45110107143495,
                50.3509188821584
              ],
              [
                -4.45063459874991,
                50.3481886928115
              ],
              [
                -4.47268923143776,
                50.3332086380707
              ],
              [
                -4.4975251869775,
                50.3373904793899
              ],
              [
                -4.49801879317039,
                50.3366160133244
              ],
              [
                -4.53830354101928,
                50.3238441310385
              ],
              [
                -4.53895801877531,
                50.3237222904105
              ],
              [
                -4.578492219299,
                50.3325701742975
              ],
              [
                -4.59841531951852,
                50.3238870914097
              ],
              [
                -4.60665219748755,
                50.3289613249855
              ],
              [
                -4.63303983104348,
                50.3243616070566
              ],
              [
                -4.6385065213271,
                50.3298527401036
              ],
              [
                -4.63738513028148,
                50.3301587543683
              ],
              [
                -4.61805251573374,
                50.3348673050535
              ],
              [
                -4.61900802852687,
                50.3351716081431
              ],
              [
                -4.60883484075742,
                50.3379449614757
              ],
              [
                -4.62135983993942,
                50.3359205417057
              ],
              [
                -4.63108190923905,
                50.3390157643472
              ],
              [
                -4.64212877742846,
                50.3321131137149
              ],
              [
                -4.66761504459016,
                50.3230787729146
              ],
              [
                -4.67254981563279,
                50.3138763831021
              ],
              [
                -4.68482549735101,
                50.3201229767971
              ],
              [
                -4.68491866564187,
                50.3206846089927
              ],
              [
                -4.68242459997577,
                50.3380112626158
              ],
              [
                -4.68808183190924,
                50.3397437557768
              ],
              [
                -4.6894612144636,
                50.3480497891691
              ],
              [
                -4.75561153906562,
                50.3313820116194
              ],
              [
                -4.75647245117686,
                50.3311868688335
              ],
              [
                -4.75649522646775,
                50.3311590227747
              ],
              [
                -4.75684792499123,
                50.331070019159
              ],
              [
                -4.76691588624591,
                50.3208290496074
              ],
              [
                -4.76604933265034,
                50.3194745972357
              ],
              [
                -4.76613431223596,
                50.3193706396112
              ],
              [
                -4.75265546961979,
                50.298508817692
              ],
              [
                -4.76413446815713,
                50.3004206345804
              ],
              [
                -4.78124321981332,
                50.2901344660172
              ],
              [
                -4.78701796590867,
                50.2695000003984
              ],
              [
                -4.78568369137301,
                50.2617567123975
              ],
              [
                -4.76698708423713,
                50.2566398873905
              ],
              [
                -4.78554633149898,
                50.2455712742422
              ],
              [
                -4.78096229591406,
                50.2374804001226
              ],
              [
                -4.78402189136762,
                50.2361215319075
              ],
              [
                -4.79826333204283,
                50.2301995989441
              ],
              [
                -4.79835162776805,
                50.2262605468404
              ],
              [
                -4.79850280458658,
                50.2195151071235
              ],
              [
                -4.80521188588127,
                50.2234848262844
              ],
              [
                -4.80945051309186,
                50.2259922517748
              ],
              [
                -4.81892073428986,
                50.2315929583331
              ],
              [
                -4.86245624775839,
                50.2360275709242
              ],
              [
                -4.87869624384665,
                50.2242966466712
              ],
              [
                -4.90317550005225,
                50.2065990130522
              ],
              [
                -4.91698742480734,
                50.1972347243389
              ],
              [
                -4.93373777428959,
                50.2070934456998
              ],
              [
                -4.9559060914051,
                50.2029335302007
              ],
              [
                -4.97360302191873,
                50.1856483325967
              ],
              [
                -4.98196994796643,
                50.1518060845676
              ],
              [
                -5.00960504154421,
                50.1392977823566
              ],
              [
                -5.00966034179957,
                50.1393602844328
              ],
              [
                -5.01766327425982,
                50.1489671179975
              ],
              [
                -5.00940402221639,
                50.1500211467675
              ],
              [
                -5.00406486264834,
                50.1506026246903
              ],
              [
                -5.00401426272187,
                50.1507086369472
              ],
              [
                -5.00395577229708,
                50.1507160973057
              ],
              [
                -4.99573919333681,
                50.1622373924193
              ],
              [
                -5.02370860806065,
                50.1573313148375
              ],
              [
                -5.01435519472635,
                50.1904741790576
              ],
              [
                -5.02560420403066,
                50.1822191967915
              ],
              [
                -5.03483214266901,
                50.2039175627133
              ],
              [
                -5.02677316214305,
                50.2039617944486
              ],
              [
                -5.02841026410205,
                50.2099159177725
              ],
              [
                -5.02848960353537,
                50.2099365546908
              ],
              [
                -5.0275180016034,
                50.2104798400972
              ],
              [
                -5.02706908428298,
                50.215520351155
              ],
              [
                -5.02410564064617,
                50.2225031960125
              ],
              [
                -5.00599656401254,
                50.2276059323801
              ],
              [
                -5.01444286900779,
                50.2270933020738
              ],
              [
                -5.0215558274724,
                50.2446925686097
              ],
              [
                -5.01677046190736,
                50.2263475722946
              ],
              [
                -5.02923365316934,
                50.2228376594505
              ],
              [
                -5.0293210943765,
                50.2157585839826
              ],
              [
                -5.03131570973379,
                50.2106715908983
              ],
              [
                -5.03897711050394,
                50.2126637998379
              ],
              [
                -5.04307926563065,
                50.2042995913139
              ],
              [
                -5.04807629797126,
                50.2090255070932
              ],
              [
                -5.04392239668346,
                50.2033098934915
              ],
              [
                -5.05897012066267,
                50.1932436137832
              ],
              [
                -5.06343224726339,
                50.196185980188
              ],
              [
                -5.05435220391398,
                50.1803276641148
              ],
              [
                -5.077300177426,
                50.1842208725261
              ],
              [
                -5.05118952052524,
                50.1771325247915
              ],
              [
                -5.04770530779035,
                50.1716076635179
              ],
              [
                -5.05287885627186,
                50.1635493399855
              ],
              [
                -5.05446725620211,
                50.1623885440086
              ],
              [
                -5.07164346091706,
                50.1650352241432
              ],
              [
                -5.07751083471047,
                50.1668142612263
              ],
              [
                -5.07661287094508,
                50.1658003799254
              ],
              [
                -5.08197845050568,
                50.1666262693386
              ],
              [
                -5.10225182912795,
                50.1697443115254
              ],
              [
                -5.08155507610197,
                50.1600506216717
              ],
              [
                -5.06351966063463,
                50.1515970979606
              ],
              [
                -5.05055507829049,
                50.1554360912965
              ],
              [
                -5.04924196837271,
                50.1557403917059
              ],
              [
                -5.04199140280694,
                50.1439516621176
              ],
              [
                -5.0445456608702,
                50.1447347079177
              ],
              [
                -5.05506064048427,
                50.1482851873018
              ],
              [
                -5.07653089329431,
                50.1404780178693
              ],
              [
                -5.07308595043478,
                50.1341980025285
              ],
              [
                -5.07972538865574,
                50.1315797424595
              ],
              [
                -5.09369318239742,
                50.1260693983418
              ],
              [
                -5.0817687232744,
                50.1093947674185
              ],
              [
                -5.09481231651393,
                50.1022796190918
              ],
              [
                -5.12193269272264,
                50.0999769791411
              ],
              [
                -5.1347116395972,
                50.1001035252251
              ],
              [
                -5.13752913570795,
                50.1029909242716
              ],
              [
                -5.13033910385235,
                50.1101941915478
              ],
              [
                -5.13790875189956,
                50.1117242886159
              ],
              [
                -5.14046160587167,
                50.1059956958132
              ],
              [
                -5.14063128243512,
                50.1061695421634
              ],
              [
                -5.14530227915354,
                50.0986938435555
              ],
              [
                -5.16050680007522,
                50.0970213691008
              ],
              [
                -5.16357257276533,
                50.1003959927288
              ],
              [
                -5.16490019912657,
                50.112600493029
              ],
              [
                -5.16913174459194,
                50.0997832458853
              ],
              [
                -5.16356612308147,
                50.0964301360842
              ],
              [
                -5.16345810939241,
                50.0958893306606
              ],
              [
                -5.16276591799216,
                50.095947977909
              ],
              [
                -5.15951871675409,
                50.0939912365763
              ],
              [
                -5.17231445902217,
                50.090990091205
              ],
              [
                -5.1543999220951,
                50.0927344176098
              ],
              [
                -5.14763815752199,
                50.0853430259137
              ],
              [
                -5.1505928217692,
                50.093104733863
              ],
              [
                -5.13885547731847,
                50.0942455471157
              ],
              [
                -5.13573329458321,
                50.091374569861
              ],
              [
                -5.10655204560986,
                50.0941856347134
              ],
              [
                -5.10169244850692,
                50.0929405380009
              ],
              [
                -5.09484912673684,
                50.0891444393963
              ],
              [
                -5.0969425413715,
                50.0871967292436
              ],
              [
                -5.11790259293848,
                50.0822811589904
              ],
              [
                -5.07677127435772,
                50.0855205567168
              ],
              [
                -5.07599929093324,
                50.0855812146029
              ],
              [
                -5.07659664036765,
                50.0827927114244
              ],
              [
                -5.07959444544096,
                50.0687933863702
              ],
              [
                -5.07567544000138,
                50.0684074540414
              ],
              [
                -5.06773438937121,
                50.0676250122371
              ],
              [
                -5.057817176001,
                50.0527793829994
              ],
              [
                -5.06605209707832,
                50.0395820123453
              ],
              [
                -5.0688420544995,
                50.0351091269961
              ],
              [
                -5.07345412867179,
                50.033667859219
              ],
              [
                -5.09680343686896,
                50.0263671231177
              ],
              [
                -5.09116078321612,
                50.0157128511478
              ],
              [
                -5.1013098316807,
                50.0042476115316
              ],
              [
                -5.12258712760523,
                50.0092388548331
              ],
              [
                -5.16662818005827,
                50.0037724344051
              ],
              [
                -5.18876739785586,
                49.9738766750774
              ],
              [
                -5.18586954877603,
                49.9629833441096
              ],
              [
                -5.21015559335114,
                49.9601940511574
              ],
              [
                -5.2191119335186,
                49.9700230652123
              ],
              [
                -5.21954688207956,
                49.9714454705553
              ],
              [
                -5.23284410808423,
                49.9735570480416
              ],
              [
                -5.24567499712523,
                49.9761710197111
              ],
              [
                -5.24399064788717,
                49.9840999524911
              ],
              [
                -5.24518891512664,
                49.9851047589634
              ],
              [
                -5.24510002231542,
                49.9854016643837
              ],
              [
                -5.25768294203139,
                49.9955783061899
              ],
              [
                -5.26839864588234,
                50.0045562958965
              ],
              [
                -5.26702033414206,
                50.0067101905907
              ],
              [
                -5.25593314512732,
                50.0216170396457
              ],
              [
                -5.25657946187485,
                50.0230196923825
              ],
              [
                -5.25646955381445,
                50.0231913160618
              ],
              [
                -5.25675512742537,
                50.0234009098912
              ],
              [
                -5.2617522615937,
                50.0342425980646
              ],
              [
                -5.26177388949383,
                50.0342895086678
              ],
              [
                -5.28004728510995,
                50.0418597865785
              ],
              [
                -5.2794218854401,
                50.0563726692366
              ],
              [
                -5.31630488856993,
                50.0852227586712
              ],
              [
                -5.33911567039403,
                50.0919718520371
              ],
              [
                -5.34355020824301,
                50.0914238692675
              ],
              [
                -5.3463067665068,
                50.0921595595729
              ],
              [
                -5.36251403560516,
                50.0890784282136
              ],
              [
                -5.36318976286291,
                50.0889947922009
              ],
              [
                -5.39177770374754,
                50.1035008734496
              ],
              [
                -5.42935984415677,
                50.0969060749925
              ],
              [
                -5.4291539233978,
                50.1054553697775
              ],
              [
                -5.43477811235327,
                50.107727565382
              ],
              [
                -5.46347832171687,
                50.1227315413017
              ],
              [
                -5.46707954125662,
                50.1207678186144
              ],
              [
                -5.48390152725359,
                50.1275523118337
              ],
              [
                -5.5301080151592,
                50.1237122083865
              ],
              [
                -5.53103494652719,
                50.1142676499151
              ],
              [
                -5.54936096419149,
                50.1064820271152
              ],
              [
                -5.54842719763947,
                50.1054382196668
              ],
              [
                -5.54883169814077,
                50.1052594650205
              ],
              [
                -5.53956917941469,
                50.0955334985402
              ],
              [
                -5.53329185769417,
                50.0885113774049
              ],
              [
                -5.54217471898191,
                50.0705690285921
              ],
              [
                -5.57722862898811,
                50.0517738281215
              ],
              [
                -5.58536213371978,
                50.0516364506318
              ],
              [
                -5.61914106394694,
                50.0512184103885
              ],
              [
                -5.63279198356801,
                50.0422939155779
              ],
              [
                -5.63631385737814,
                50.0399906449179
              ],
              [
                -5.64843089763259,
                50.043827469864
              ],
              [
                -5.65357841638889,
                50.041914188492
              ],
              [
                -5.67673300935349,
                50.0356531177677
              ],
              [
                -5.68087098916732,
                50.0367924668949
              ],
              [
                -5.69035778173875,
                50.0494908469084
              ],
              [
                -5.6925770556485,
                50.0540141979254
              ],
              [
                -5.69462393004747,
                50.0544787991383
              ],
              [
                -5.71313654994083,
                50.0623294883575
              ],
              [
                -5.71405816162867,
                50.0638852135159
              ],
              [
                -5.69166296309696,
                50.0879863259348
              ],
              [
                -5.68858613803498,
                50.0902955019627
              ],
              [
                -5.70955879333752,
                50.1263015962324
              ],
              [
                -5.71011647979321,
                50.1274224622361
              ],
              [
                -5.67305967252751,
                50.1662441339221
              ],
              [
                -5.642267278536,
                50.1672860663685
              ],
              [
                -5.62907261467821,
                50.1677300248509
              ],
              [
                -5.62833626357829,
                50.1683942799581
              ],
              [
                -5.628009207066,
                50.1684082661093
              ],
              [
                -5.60657388860635,
                50.1880157734386
              ],
              [
                -5.60070724105076,
                50.193301938412
              ],
              [
                -5.60005965951229,
                50.1930497135276
              ],
              [
                -5.59085525409839,
                50.1886629919056
              ],
              [
                -5.55921554123912,
                50.2054281227283
              ],
              [
                -5.53878391422255,
                50.2162437155638
              ],
              [
                -5.53654006103557,
                50.2164454151524
              ],
              [
                -5.48156018245792,
                50.2191558705663
              ],
              [
                -5.47730312470505,
                50.2189730776711
              ],
              [
                -5.47239714513855,
                50.2092014471734
              ],
              [
                -5.47200533405347,
                50.2080700997719
              ],
              [
                -5.46916469606142,
                50.199865980247
              ],
              [
                -5.4368083441993,
                50.1935243253452
              ],
              [
                -5.43369843341748,
                50.1937291038866
              ],
              [
                -5.41347651741628,
                50.209805669143
              ],
              [
                -5.39362517988591,
                50.2255739780256
              ],
              [
                -5.39525333992791,
                50.2405157928028
              ],
              [
                -5.37810149923982,
                50.2440710305775
              ],
              [
                -5.36837711660057,
                50.2361658364291
              ],
              [
                -5.36700157237685,
                50.2364218353703
              ],
              [
                -5.32480734271536,
                50.2442653578232
              ],
              [
                -5.30375843529999,
                50.2617280287501
              ],
              [
                -5.28918518518358,
                50.2610457109062
              ],
              [
                -5.2813732301954,
                50.2706550928084
              ],
              [
                -5.25134579865601,
                50.2825702358945
              ],
              [
                -5.24952329239856,
                50.2846495283409
              ],
              [
                -5.24369581011188,
                50.2868723324152
              ],
              [
                -5.24211072030151,
                50.2931044139544
              ],
              [
                -5.23546130826904,
                50.3006859760796
              ],
              [
                -5.23412094948038,
                50.3183509940141
              ],
              [
                -5.20061060049716,
                50.3201426988649
              ],
              [
                -5.18149101875634,
                50.3403352364478
              ],
              [
                -5.15384624659085,
                50.3461371564147
              ],
              [
                -5.14648531118574,
                50.3752654175651
              ],
              [
                -5.15314361766245,
                50.3837813976474
              ],
              [
                -5.15179812618325,
                50.3893016741371
              ],
              [
                -5.143585713295,
                50.3889046816138
              ],
              [
                -5.14542424091583,
                50.397296330303
              ],
              [
                -5.14718796088821,
                50.4053435541955
              ],
              [
                -5.1463842250044,
                50.4056005944148
              ],
              [
                -5.10878317070247,
                50.4128575975952
              ],
              [
                -5.10243484541206,
                50.413113897762
              ],
              [
                -5.09980300471222,
                50.4256330907249
              ],
              [
                -5.09552793908156,
                50.4240060383046
              ],
              [
                -5.07753458900109,
                50.41584237154
              ],
              [
                -5.05477689103968,
                50.425726889455
              ],
              [
                -5.0437882528135,
                50.4422290621928
              ],
              [
                -5.04260514539429,
                50.4620623367183
              ],
              [
                -5.04205767263876,
                50.4642901820948
              ],
              [
                -5.03186440125391,
                50.4676169053766
              ],
              [
                -5.03966620896786,
                50.4740195738638
              ],
              [
                -5.03602727023607,
                50.4888170616584
              ],
              [
                -5.03604549031414,
                50.4888318749145
              ],
              [
                -5.03482681500529,
                50.4936874479556
              ],
              [
                -5.04680707289238,
                50.4978267914249
              ],
              [
                -5.02404518811177,
                50.508721229534
              ],
              [
                -5.02835717116405,
                50.5176511753506
              ],
              [
                -5.02691140403154,
                50.5239783307379
              ],
              [
                -5.02263757019703,
                50.5265394554274
              ],
              [
                -5.03652515550441,
                50.549558704119
              ],
              [
                -5.03594328805995,
                50.5494855573128
              ],
              [
                -4.9838658304875,
                50.5422107920566
              ],
              [
                -4.97207706892609,
                50.5577801689778
              ],
              [
                -4.94511999886469,
                50.5691474423931
              ],
              [
                -4.94959409045487,
                50.5565619809005
              ],
              [
                -4.93511380726353,
                50.548986806472
              ],
              [
                -4.93090721016454,
                50.5300034785278
              ],
              [
                -4.92473037937437,
                50.5311756254102
              ],
              [
                -4.9263712830433,
                50.5452858552334
              ],
              [
                -4.93144375733403,
                50.5648109113245
              ],
              [
                -4.91580041395331,
                50.5758778220179
              ],
              [
                -4.92823437135479,
                50.5828770550654
              ],
              [
                -4.93537580608854,
                50.5868955062959
              ],
              [
                -4.92144992879695,
                50.593237548977
              ],
              [
                -4.91548965442967,
                50.5914527159813
              ],
              [
                -4.90828934590339,
                50.5845070947444
              ],
              [
                -4.89890560222236,
                50.5836115387984
              ],
              [
                -4.88522893870587,
                50.5823048627899
              ],
              [
                -4.88055307702194,
                50.5840668672521
              ],
              [
                -4.86752465562518,
                50.5889747036693
              ],
              [
                -4.86998617228391,
                50.595370475742
              ],
              [
                -4.86988998403666,
                50.5953864819359
              ],
              [
                -4.83822538971088,
                50.5944151023871
              ],
              [
                -4.8324389873183,
                50.5921356746955
              ],
              [
                -4.82712854372422,
                50.5930066462679
              ],
              [
                -4.79622009594882,
                50.5980705484264
              ],
              [
                -4.79165946662158,
                50.6023720151489
              ],
              [
                -4.79058315844047,
                50.6026412670134
              ],
              [
                -4.78946948524506,
                50.6044372155237
              ],
              [
                -4.77044152128676,
                50.6223718149916
              ],
              [
                -4.75871806437452,
                50.6528499691522
              ],
              [
                -4.76058072019904,
                50.6533234744676
              ],
              [
                -4.7644968759484,
                50.6695897491384
              ],
              [
                -4.76446329901571,
                50.6698212744461
              ],
              [
                -4.74329441842283,
                50.6763797295951
              ],
              [
                -4.74109431618119,
                50.6759288073569
              ],
              [
                -4.7350513158137,
                50.6715033408659
              ],
              [
                -4.73306263728457,
                50.6742822244762
              ],
              [
                -4.72978467353415,
                50.6736099964354
              ],
              [
                -4.72606190064329,
                50.684061948775
              ],
              [
                -4.68024568563486,
                50.6959935838801
              ],
              [
                -4.68113141008299,
                50.7036434080729
              ],
              [
                -4.68100501954875,
                50.7044673625817
              ],
              [
                -4.65457628705577,
                50.7162665386303
              ],
              [
                -4.65387758337848,
                50.7398376940449
              ],
              [
                -4.64870890892736,
                50.7401378267937
              ],
              [
                -4.6402839093762,
                50.740141947257
              ],
              [
                -4.63969021170756,
                50.7406609682823
              ],
              [
                -4.6345223589513,
                50.7409604140255
              ],
              [
                -4.63456967706775,
                50.7451368565834
              ],
              [
                -4.62532626183832,
                50.7532139243558
              ],
              [
                -4.58550550831253,
                50.7708874916623
              ],
              [
                -4.56194358672404,
                50.7813324242101
              ],
              [
                -4.5586832282106,
                50.8287617696604
              ],
              [
                -4.55732284418822,
                50.8288967994969
              ],
              [
                -4.54667214375138,
                50.8299534395156
              ],
              [
                -4.5561170738223,
                50.8368616438759
              ],
              [
                -4.55835139381713,
                50.8477069475674
              ],
              [
                -4.55986636229716,
                50.8550574202275
              ],
              [
                -4.55926840286768,
                50.8657047211206
              ],
              [
                -4.56681594784925,
                50.8887418038162
              ],
              [
                -4.56991556821767,
                50.9037477436189
              ],
              [
                -4.56187902712826,
                50.9120494841031
              ],
              [
                -4.54606650554743,
                50.9283736233845
              ],
              [
                -4.54597393753138,
                50.9288002868936
              ],
              [
                -4.54099143535982,
                50.9517549726814
              ],
              [
                -4.52565061133384,
                51.0223005605412
              ],
              [
                -4.42544225356421,
                51.0136609028151
              ],
              [
                -4.42443986994148,
                51.013132529841
              ],
              [
                -4.39090346415406,
                50.9946762951705
              ],
              [
                -4.34299388943384,
                50.988963614555
              ],
              [
                -4.30299572344149,
                50.9977554082627
              ],
              [
                -4.28233464495162,
                51.0139808651299
              ],
              [
                -4.24924519726177,
                51.039935840622
              ],
              [
                -4.2425985763684,
                51.041417882281
              ],
              [
                -4.24097733389516,
                51.0464152045359
              ],
              [
                -4.21792154759405,
                51.0644714933913
              ],
              [
                -4.21649922457998,
                51.0635529707805
              ],
              [
                -4.21020087864567,
                51.0524246700033
              ],
              [
                -4.19081294503095,
                51.0547666694986
              ],
              [
                -4.19065297289763,
                51.05478597844
              ],
              [
                -4.19069083979045,
                51.0546760731723
              ],
              [
                -4.19792266698575,
                51.0336771314097
              ],
              [
                -4.1888468158462,
                51.0411884516527
              ],
              [
                -4.17971894977164,
                51.048739710294
              ],
              [
                -4.17977727382388,
                51.0674965481356
              ],
              [
                -4.15161515583383,
                51.0735305349978
              ],
              [
                -4.15295022683979,
                51.0802079952179
              ],
              [
                -4.1637462956259,
                51.083576843557
              ],
              [
                -4.16313527254433,
                51.1007305647228
              ],
              [
                -4.16659676293182,
                51.0804707123864
              ],
              [
                -4.18539656191295,
                51.0762130919471
              ],
              [
                -4.18914593911504,
                51.0662522950574
              ],
              [
                -4.21684923744115,
                51.0763879319731
              ],
              [
                -4.22245416336257,
                51.1176947916292
              ],
              [
                -4.2364778428791,
                51.119960969218
              ],
              [
                -4.24018175767046,
                51.1210321369145
              ],
              [
                -4.23588992315661,
                51.1308938716085
              ],
              [
                -4.25042796782368,
                51.1375910046102
              ],
              [
                -4.25836096815991,
                51.1412438647806
              ],
              [
                -4.26134239563594,
                51.1428906625774
              ],
              [
                -4.22375319458275,
                51.1442346676206
              ],
              [
                -4.21618270164441,
                51.1516069213761
              ],
              [
                -4.21147999082573,
                51.1783916918677
              ],
              [
                -4.22926297284421,
                51.1884795129539
              ],
              [
                -4.21064521631332,
                51.1905462979934
              ],
              [
                -4.20160677968932,
                51.200285303629
              ],
              [
                -4.18573034475954,
                51.1984410089082
              ],
              [
                -4.17763613714615,
                51.1973076058014
              ],
              [
                -4.11361516721378,
                51.2115816816987
              ],
              [
                -4.09808962691971,
                51.2108841283625
              ],
              [
                -4.09195271353165,
                51.2164016498312
              ],
              [
                -4.0878225798086,
                51.2173200507157
              ],
              [
                -4.03874602666488,
                51.2066727622631
              ],
              [
                -4.02908296814546,
                51.2157590862041
              ],
              [
                -4.02795118499984,
                51.216401001991
              ],
              [
                -4.00597372996055,
                51.2172624274861
              ],
              [
                -3.95825151949225,
                51.2191184182812
              ],
              [
                -3.95462020878488,
                51.2205424137162
              ],
              [
                -3.95432955593272,
                51.2205568769209
              ],
              [
                -3.95132493022839,
                51.2218344650863
              ],
              [
                -3.9257058566855,
                51.2318738802484
              ],
              [
                -3.9234840729689,
                51.2313801279268
              ],
              [
                -3.89203097196666,
                51.2237704676228
              ],
              [
                -3.85434428967341,
                51.2343980229159
              ],
              [
                -3.85367509759208,
                51.2345637725151
              ],
              [
                -3.81353088320686,
                51.2311167316977
              ],
              [
                -3.81144820178463,
                51.2323108630169
              ],
              [
                -3.81033019211745,
                51.2322283434668
              ],
              [
                -3.78677387187577,
                51.2461591071111
              ],
              [
                -3.76977926881188,
                51.2376615866115
              ],
              [
                -3.72079884181452,
                51.2330828185624
              ],
              [
                -3.72056139113603,
                51.2330575861242
              ],
              [
                -3.72016877142807,
                51.2330158656684
              ],
              [
                -3.63304126597893,
                51.2237225984011
              ],
              [
                -3.62248054596861,
                51.217447799639
              ],
              [
                -3.6212403834828,
                51.2166429750139
              ],
              [
                -3.57870861549214,
                51.2321417025994
              ],
              [
                -3.54216486095581,
                51.2322566624478
              ],
              [
                -3.4957319718919,
                51.2236458107469
              ],
              [
                -3.47040825893854,
                51.2081503806191
              ],
              [
                -3.44760212746413,
                51.2089016584376
              ],
              [
                -3.43268007128433,
                51.200450364955
              ],
              [
                -3.40080830056054,
                51.182382463055
              ],
              [
                -3.27736518241093,
                51.1795686610273
              ],
              [
                -3.15394211238269,
                51.2087737215171
              ],
              [
                -3.14663188910567,
                51.2094389690738
              ],
              [
                -3.1254972747031,
                51.2113595497324
              ],
              [
                -3.07632204480316,
                51.2012523568589
              ],
              [
                -3.0547640823823,
                51.2059422133085
              ],
              [
                -3.05401673640475,
                51.2062062477547
              ],
              [
                -3.01926285900747,
                51.2184763433156
              ],
              [
                -3.03254964006662,
                51.1945761938952
              ],
              [
                -3.02265502683765,
                51.1962824849485
              ],
              [
                -3.00226525256156,
                51.2259544082723
              ],
              [
                -2.99893555821856,
                51.2231719026932
              ],
              [
                -2.9842856419144,
                51.22042631396
              ],
              [
                -2.9990894331318,
                51.2249782560669
              ],
              [
                -3.00050760860704,
                51.2416191570977
              ],
              [
                -3.02153817025763,
                51.2654739212249
              ],
              [
                -3.01206241782109,
                51.3210295409729
              ],
              [
                -3.0354696915471,
                51.3285355994304
              ],
              [
                -3.00013840926469,
                51.3221293449412
              ],
              [
                -2.99427657404061,
                51.3210652589899
              ],
              [
                -2.99011400394716,
                51.3165446220792
              ],
              [
                -2.98987343636891,
                51.3162833279351
              ],
              [
                -2.98664958724306,
                51.3127813817288
              ],
              [
                -2.98635736449995,
                51.3124639212122
              ],
              [
                -2.9869546647231,
                51.3114589516041
              ],
              [
                -2.99316268851688,
                51.3010110821855
              ],
              [
                -2.98810382352796,
                51.3064770091712
              ],
              [
                -2.98297645882561,
                51.3120154171015
              ],
              [
                -2.98961293634335,
                51.3174924308077
              ],
              [
                -2.98585367069829,
                51.3349341077332
              ],
              [
                -2.98278785857956,
                51.3491491109665
              ],
              [
                -2.99457587649122,
                51.3565243640798
              ],
              [
                -2.96749710835432,
                51.3636647458767
              ],
              [
                -2.96220087818365,
                51.3747651612305
              ],
              [
                -2.9630511038088,
                51.3829337867323
              ],
              [
                -2.98082379743117,
                51.3884289956216
              ],
              [
                -2.9710258223432,
                51.3907536587362
              ],
              [
                -2.9396435030176,
                51.3964163806247
              ],
              [
                -2.93927920767861,
                51.3910229243594
              ],
              [
                -2.91731265341787,
                51.3958656090247
              ],
              [
                -2.89045814213883,
                51.3874999984715
              ],
              [
                -2.91279750503947,
                51.3962414040774
              ],
              [
                -2.86466928548709,
                51.4416527178675
              ],
              [
                -2.85766174135459,
                51.4482555924399
              ],
              [
                -2.85277205424544,
                51.4528615287972
              ],
              [
                -2.83055617856399,
                51.4664486829189
              ],
              [
                -2.79986609904919,
                51.4851984593275
              ],
              [
                -2.75968644392327,
                51.4930184427624
              ],
              [
                -2.75574630649282,
                51.4937843989684
              ],
              [
                -2.73259059994563,
                51.4924865872809
              ],
              [
                -2.73052469336393,
                51.5022653331486
              ],
              [
                -2.72907316606181,
                51.5020941333579
              ],
              [
                -2.72730945662972,
                51.5018860869093
              ],
              [
                -2.71648224170955,
                51.5006083244124
              ],
              [
                -2.68461040353446,
                51.4804864355614
              ],
              [
                -2.70881598627728,
                51.497799258288
              ],
              [
                -2.71821750267118,
                51.5082397647947
              ],
              [
                -2.70774593536939,
                51.5167813907554
              ],
              [
                -2.67381351919379,
                51.5444310610367
              ],
              [
                -2.66344644180903,
                51.5736238484574
              ],
              [
                -2.6277900618227,
                51.6056459961093
              ],
              [
                -2.57928639447124,
                51.6295065602192
              ],
              [
                -2.57546194363991,
                51.6313860484494
              ],
              [
                -2.56910626844932,
                51.6555467585846
              ],
              [
                -2.53478909673859,
                51.6772836164535
              ],
              [
                -2.54235461056835,
                51.6815402563354
              ],
              [
                -2.54622282747393,
                51.6837161656589
              ],
              [
                -2.56654171765728,
                51.6951401914702
              ],
              [
                -2.58003460616907,
                51.6881660547157
              ],
              [
                -2.61001183282315,
                51.6726585980123
              ],
              [
                -2.64886659432708,
                51.6312856845503
              ],
              [
                -2.65158733952963,
                51.6096167052153
              ],
              [
                -2.65690762281133,
                51.6219971701236
              ],
              [
                -2.65664127759941,
                51.622799600921
              ],
              [
                -2.66017627868065,
                51.6295999420488
              ],
              [
                -2.66330246199113,
                51.6356120045548
              ],
              [
                -2.66851392779364,
                51.6456305935825
              ],
              [
                -2.68033178983475,
                51.6475470395832
              ],
              [
                -2.66592276127102,
                51.6643235429399
              ],
              [
                -2.68640198536108,
                51.6631552756432
              ],
              [
                -2.65686372175084,
                51.6745037133395
              ],
              [
                -2.67225329931617,
                51.6810001352744
              ],
              [
                -2.669168915767,
                51.6931500116363
              ],
              [
                -2.68379147622247,
                51.7006275146612
              ],
              [
                -2.66844054917478,
                51.7057888652304
              ],
              [
                -2.68754079654843,
                51.73042625913
              ],
              [
                -2.67222511999267,
                51.736362949282
              ],
              [
                -2.66269206736834,
                51.753894743642
              ],
              [
                -2.68045213470349,
                51.7689294138601
              ],
              [
                -2.66981057919979,
                51.7942734498202
              ],
              [
                -2.67853782961014,
                51.8028451993704
              ],
              [
                -2.65953874455198,
                51.8106823732449
              ],
              [
                -2.66087144177876,
                51.8227538636128
              ],
              [
                -2.65040070567432,
                51.8261246880221
              ],
              [
                -2.63671005341688,
                51.8430952603725
              ],
              [
                -2.62546695815918,
                51.8389640015383
              ],
              [
                -2.60121663305923,
                51.8562162643918
              ],
              [
                -2.58281688241695,
                51.849577352031
              ],
              [
                -2.5806409604219,
                51.8616713755211
              ],
              [
                -2.53162394037576,
                51.8607715459858
              ],
              [
                -2.50862440109418,
                51.8851690560296
              ],
              [
                -2.48779469274655,
                51.8804175449928
              ],
              [
                -2.43935797872739,
                51.8973957274195
              ],
              [
                -2.44818479289518,
                51.9186682322208
              ],
              [
                -2.4660430007031,
                51.9279745035209
              ],
              [
                -2.46548701733239,
                51.9516964072315
              ],
              [
                -2.50090645407367,
                51.9606091433712
              ],
              [
                -2.49224484624899,
                51.9641287772981
              ],
              [
                -2.49491293333366,
                51.9810752068108
              ],
              [
                -2.47099259338281,
                51.9947360730921
              ],
              [
                -2.49198479936092,
                52.0076618754858
              ],
              [
                -2.47893230092191,
                52.0225304101253
              ],
              [
                -2.46407938641861,
                52.0232741849307
              ],
              [
                -2.46325568883201,
                52.0143402773804
              ],
              [
                -2.4365473513555,
                52.0147958048353
              ],
              [
                -2.43729372315389,
                51.9971670434129
              ],
              [
                -2.41319627507641,
                51.9940903068968
              ],
              [
                -2.39901848990429,
                51.9961459478636
              ],
              [
                -2.39289223172115,
                52.0129587700267
              ],
              [
                -2.35137852244174,
                52.0213590281247
              ],
              [
                -2.35254266830478,
                52.0135353102692
              ],
              [
                -2.32470967818414,
                52.0035672774164
              ],
              [
                -2.32653298644337,
                51.9757878162751
              ],
              [
                -2.31261970069138,
                51.9765049736609
              ],
              [
                -2.30043302609668,
                51.9667752645848
              ],
              [
                -2.27055558558412,
                51.9689390809578
              ],
              [
                -2.25135998124032,
                51.9665649333006
              ],
              [
                -2.2206132435217,
                51.9954966439335
              ],
              [
                -2.18508403441562,
                51.9905609779425
              ],
              [
                -2.1807485360373,
                51.999615170405
              ],
              [
                -2.16463014559703,
                51.9961432532365
              ],
              [
                -2.18768330302322,
                52.0190801567564
              ],
              [
                -2.17690606521531,
                52.0225592291
              ],
              [
                -2.18067935412919,
                52.0417281229636
              ],
              [
                -2.1713809335344,
                52.047573501117
              ],
              [
                -2.1183837199463,
                52.0421086140237
              ],
              [
                -2.11721985481813,
                52.0336144279817
              ],
              [
                -2.13939720724878,
                52.0278918487723
              ],
              [
                -2.1496553088823,
                52.0112561686626
              ],
              [
                -2.14068698320585,
                51.9994641958926
              ],
              [
                -2.11219762720392,
                52.0153447340824
              ],
              [
                -2.08487319407292,
                52.0104785837075
              ],
              [
                -2.06078374065176,
                52.0146805594072
              ],
              [
                -2.04951417600297,
                52.0037962185647
              ],
              [
                -2.03835621126196,
                52.0046006235071
              ],
              [
                -1.98413574037062,
                52.0358792735091
              ],
              [
                -1.95138760292282,
                52.0377252726148
              ],
              [
                -1.93173022075562,
                52.0299592834134
              ],
              [
                -1.91344602070409,
                52.0444612397009
              ],
              [
                -1.83905030714283,
                52.0067831275768
              ],
              [
                -1.82502288166439,
                52.0309334135413
              ],
              [
                -1.83458593855425,
                52.0437303163412
              ],
              [
                -1.86344917989937,
                52.0534177221476
              ],
              [
                -1.87440607681162,
                52.0699909106809
              ],
              [
                -1.84661960637358,
                52.0794210956478
              ],
              [
                -1.83175334172358,
                52.0727693533542
              ],
              [
                -1.81894341276327,
                52.085404114207
              ],
              [
                -1.81273665650442,
                52.0787440014555
              ],
              [
                -1.80228873762243,
                52.0969414685877
              ],
              [
                -1.76764874769,
                52.1125925600919
              ]
            ]
          ]
        ]
      },
      "properties": {
        "name": "South West",
        "code": "E12000009",
        "slug": "south-west"
      }
    }
  ]
}