{
  "type": "FeatureCollection",
  "features": [
    {
      "type": "Feature",
      "geometry": {
        "type": "MultiPolygon",
        "coordinates": [
          [
            [
              [
                -3.1233,
                51.5868
              ],
              [
                -3.1239,
                51.5845
              ],
              [
                -3.1218,
                51.5797
              ],
              [
                -3.1151,
                51.5805
              ],
              [
                -3.105,
                51.5748
              ],
              [
                -3.1002,
                51.5761
              ],
              [
                -3.0975,
                51.5721
              ],
              [
                -3.0902,
                51.5693
              ],
              [
                -3.0943,
                51.563
              ],
              [
                -3.0978,
                51.5631
              ],
              [
                -3.1001,
                51.5654
              ],
              [
                -3.1038,
                51.5642
              ],
              [
                -3.1,
                51.5601
              ],
              [
                -3.1076,
                51.5583
              ],
              [
                -3.1091,
                51.5545
              ],
              [
                -3.1112,
                51.5535
              ],
              [
                -3.1105,
                51.5507
              ],
              [
                -3.1171,
                51.5484
              ],
              [
                -3.1189,
                51.5456
              ],
              [
                -3.1211,
                51.5473
              ],
              [
                -3.1273,
                51.5478
              ],
              [
                -3.1254,
                51.5502
              ],
              [
                -3.1438,
                51.5537
              ],
              [
                -3.1445,
                51.5553
              ],
              [
                -3.1467,
                51.5526
              ],
              [
                -3.1526,
                51.5516
              ],
              [
                -3.1574,
                51.5577
              ],
              [
                -3.1637,
                51.5605
              ],
              [
                -3.184,
                51.5567
              ],
              [
                -3.1999,
                51.5568
              ],
              [
                -3.2033,
                51.5537
              ],
              [
                -3.2159,
                51.5513
              ],
              [
                -3.2156,
                51.5532
              ],
              [
                -3.2278,
                51.5497
              ],
              [
                -3.234,
                51.5529
              ],
              [
                -3.2376,
                51.5524
              ],
              [
                -3.2368,
                51.5582
              ],
              [
                -3.2425,
                51.5655
              ],
              [
                -3.2491,
                51.5694
              ],
              [
                -3.2542,
                51.5692
              ],
              [
                -3.2629,
                51.5662
              ],
              [
                -3.2696,
                51.5754
              ],
              [
                -3.2694,
                51.5773
              ],
              [
                -3.2663,
                51.5789
              ],
              [
                -3.2698,
                51.5838
              ],
              [
                -3.2774,
                51.5867
              ],
              [
                -3.281,
                51.5843
              ],
              [
                -3.2877,
                51.5878
              ],
              [
                -3.2921,
                51.5933
              ],
              [
                -3.292,
                51.5979
              ],
              [
                -3.2938,
                51.5979
              ],
              [
                -3.293,
                51.6008
              ],
              [
                -3.2965,
                51.6034
              ],
              [
                -3.3027,
                51.6151
              ],
              [
                -3.3003,
                51.6182
              ],
              [
                -3.3056,
                51.6211
              ],
              [
                -3.3031,
                51.6226
              ],
              [
                -3.3045,
                51.6236
              ],
              [
                -3.3026,
                51.6236
              ],
              [
                -3.3048,
                51.6277
              ],
              [
                -3.3027,
                51.6311
              ],
              [
                -3.3031,
                51.6359
              ],
              [
                -3.3139,
                51.6447
              ],
              [
                -3.31,
                51.6454
              ],
              [
                -3.3006,
                51.6522
              ],
              [
                -3.3008,
                51.6546
              ],
              [
                -3.297,
                51.6572
              ],
              [
                -3.2986,
                51.6621
              ],
              [
                -3.2961,
                51.6641
              ],
              [
                -3.2932,
                51.662
              ],
              [
                -3.2925,
                51.6594
              ],
              [
                -3.2852,
                51.6582
              ],
              [
                -3.2834,
                51.6609
              ],
              [
                -3.2847,
                51.6771
              ],
              [
                -3.2739,
                51.6823
              ],
              [
                -3.278,
                51.6894
              ],
              [
                -3.2787,
                51.6946
              ],
              [
                -3.286,
                51.7023
              ],
              [
                -3.2896,
                51.7097
              ],
              [
                -3.2886,
                51.7126
              ],
              [
                -3.2975,
                51.7233
              ],
              [
                -3.2973,
                51.728
              ],
              [
                -3.2996,
                51.7314
              ],
              [
                -3.3017,
                51.7315
              ],
              [
                -3.2995,
                51.7319
              ],
              [
                -3.3006,
                51.7363
              ],
              [
                -3.3155,
                51.7318
              ],
              [
                -3.3138,
                51.7368
              ],
              [
                -3.31,
                51.739
              ],
              [
                -3.3122,
                51.7418
              ],
              [
                -3.3179,
                51.7429
              ],
              [
                -3.329,
                51.7587
              ],
              [
                -3.3345,
                51.7904
              ],
              [
                -3.317,
                51.7942
              ],
              [
                -3.3101,
                51.7943
              ],
              [
                -3.3067,
                51.7979
              ],
              [
                -3.3013,
                51.799
              ],
              [
                -3.2999,
                51.7947
              ],
              [
                -3.2954,
                51.794
              ],
              [
                -3.2925,
                51.791
              ],
              [
                -3.2913,
                51.7857
              ],
              [
                -3.2889,
                51.7847
              ],
              [
                -3.2877,
                51.782
              ],
              [
                -3.2826,
                51.7828
              ],
              [
                -3.2816,
                51.7803
              ],
              [
                -3.2776,
                51.7802
              ],
              [
                -3.2726,
                51.7776
              ],
              [
                -3.2676,
                51.7708
              ],
              [
                -3.2704,
                51.7695
              ],
              [
                -3.2693,
                51.7673
              ],
              [
                -3.2724,
                51.7648
              ],
              [
                -3.2794,
                51.7637
              ],
              [
                -3.2837,
                51.7638
              ],
              [
                -3.2856,
                51.7655
              ],
              [
                -3.2866,
                51.764
              ],
              [
                -3.2911,
                51.7655
              ],
              [
                -3.2916,
                51.7645
              ],
              [
                -3.2873,
                51.7571
              ],
              [
                -3.2836,
                51.7541
              ],
              [
                -3.2823,
                51.7497
              ],
              [
                -3.2761,
                51.7473
              ],
              [
                -3.2757,
                51.7452
              ],
              [
                -3.2722,
                51.7425
              ],
              [
                -3.2565,
                51.7336
              ],
              [
                -3.2534,
                51.7356
              ],
              [
                -3.2556,
                51.7385
              ],
              [
                -3.2486,
                51.7405
              ],
              [
                -3.2465,
                51.7434
              ],
              [
                -3.2343,
                51.738
              ],
              [
                -3.2326,
                51.734
              ],
              [
                -3.226,
                51.7318
              ],
              [
                -3.2268,
                51.7288
              ],
              [
                -3.2202,
                51.72
              ],
              [
                -3.2202,
                51.7153
              ],
              [
                -3.2179,
                51.7107
              ],
              [
                -3.2081,
                51.7027
              ],
              [
                -3.2073,
                51.6939
              ],
              [
                -3.2012,
                51.6918
              ],
              [
                -3.1945,
                51.6869
              ],
              [
                -3.192,
                51.6821
              ],
              [
                -3.1872,
                51.6793
              ],
              [
                -3.1829,
                51.6839
              ],
              [
                -3.1845,
                51.6874
              ],
              [
                -3.1793,
                51.6905
              ],
              [
                -3.1793,
                51.6928
              ],
              [
                -3.1668,
                51.6955
              ],
              [
                -3.1711,
                51.6993
              ],
              [
                -3.1712,
                51.7019
              ],
              [
                -3.1746,
                51.7062
              ],
              [
                -3.1568,
                51.714
              ],
              [
                -3.152,
                51.7103
              ],
              [
                -3.1467,
                51.7098
              ],
              [
                -3.1458,
                51.7021
              ],
              [
                -3.133,
                51.6983
              ],
              [
                -3.1281,
                51.6948
              ],
              [
                -3.1334,
                51.6896
              ],
              [
                -3.1323,
                51.689
              ],
              [
                -3.1389,
                51.6848
              ],
              [
                -3.1374,
                51.6818
              ],
              [
                -3.1256,
                51.6821
              ],
              [
                -3.1214,
                51.685
              ],
              [
                -3.1232,
                51.686
              ],
              [
                -3.1161,
                51.6908
              ],
              [
                -3.1148,
                51.6896
              ],
              [
                -3.1161,
                51.6887
              ],
              [
                -3.1156,
                51.6851
              ],
              [
                -3.1101,
                51.6852
              ],
              [
                -3.1101,
                51.6839
              ],
              [
                -3.1028,
                51.6822
              ],
              [
                -3.0995,
                51.6824
              ],
              [
                -3.0923,
                51.6866
              ],
              [
                -3.0844,
                51.6884
              ],
              [
                -3.083,
                51.6875
              ],
              [
                -3.0827,
                51.6841
              ],
              [
                -3.0717,
                51.6742
              ],
              [
                -3.0732,
                51.6707
              ],
              [
                -3.0727,
                51.6626
              ],
              [
                -3.0757,
                51.6592
              ],
              [
                -3.0783,
                51.6601
              ],
              [
                -3.0748,
                51.6523
              ],
              [
                -3.1027,
                51.634
              ],
              [
                -3.1022,
                51.6315
              ],
              [
                -3.0866,
                51.627
              ],
              [
                -3.0857,
                51.6211
              ],
              [
                -3.0818,
                51.6194
              ],
              [
                -3.0836,
                51.6162
              ],
              [
                -3.0812,
                51.613
              ],
              [
                -3.0713,
                51.6069
              ],
              [
                -3.0637,
                51.6053
              ],
              [
                -3.0688,
                51.602
              ],
              [
                -3.0705,
                51.6036
              ],
              [
                -3.0735,
                51.5997
              ],
              [
                -3.0784,
                51.6
              ],
              [
                -3.0824,
                51.5961
              ],
              [
                -3.0844,
                51.5975
              ],
              [
                -3.0861,
                51.596
              ],
              [
                -3.0876,
                51.5977
              ],
              [
                -3.0926,
                51.5966
              ],
              [
                -3.0937,
                51.5914
              ],
              [
                -3.1052,
                51.5972
              ],
              [
                -3.1073,
                51.5966
              ],
              [
                -3.1117,
                51.5939
              ],
              [
                -3.12,
                51.5925
              ],
              [
                -3.1193,
                51.591
              ],
              [
                -3.1242,
                51.5886
              ],
              [
                -3.1233,
                51.5868
              ]
            ]
          ]
        ]
      },
      "properties": {
        "name": "Caerphilly",
        "code": "GB.CP",
        "slug": "caerphilly"
      }
    },
    {
      "type": "Feature",
      "geometry": {
        "type": "MultiPolygon",
        "coordinates": [
          [
            [
              [
                -3.1369,
                51.4706
              ],
              [
                -3.134,
                51.4685
              ],
              [
                -3.1357,
                51.4655
              ],
              [
                -3.1575,
                51.4507
              ],
              [
                -3.1633,
                51.4531
              ],
              [
                -3.1644,
                51.4566
              ],
              [
                -3.1611,
                51.4605
              ],
              [
                -3.1633,
                51.4627
              ],
              [
                -3.1664,
                51.4583
              ],
              [
                -3.1736,
                51.458
              ],
              [
                -3.1777,
                51.4594
              ],
              [
                -3.1761,
                51.4624
              ],
              [
                -3.1787,
                51.4624
              ],
              [
                -3.1732,
                51.4654
              ],
              [
                -3.1808,
                51.4691
              ],
              [
                -3.1822,
                51.4756
              ],
              [
                -3.2018,
                51.4774
              ],
              [
                -3.2024,
                51.4765
              ],
              [
                -3.1967,
                51.4731
              ],
              [
                -3.2007,
                51.4724
              ],
              [
                -3.2069,
                51.466
              ],
              [
                -3.2182,
                51.4747
              ],
              [
                -3.2221,
                51.475
              ],
              [
                -3.2409,
                51.4706
              ],
              [
                -3.2442,
                51.4661
              ],
              [
                -3.2481,
                51.4646
              ],
              [
                -3.2711,
                51.4651
              ],
              [
                -3.2789,
                51.4719
              ],
              [
                -3.2831,
                51.4821
              ],
              [
                -3.2936,
                51.492
              ],
              [
                -3.2984,
                51.4999
              ],
              [
                -3.3063,
                51.5027
              ],
              [
                -3.3116,
                51.5071
              ],
              [
                -3.3188,
                51.5063
              ],
              [
                -3.3366,
                51.5088
              ],
              [
                -3.3392,
                51.5116
              ],
              [
                -3.339,
                51.5147
              ],
              [
                -3.3366,
                51.5153
              ],
              [
                -3.3372,
                51.5186
              ],
              [
                -3.3352,
                51.5189
              ],
              [
                -3.3379,
                51.5226
              ],
              [
                -3.3395,
                51.5225
              ],
              [
                -3.3399,
                51.5264
              ],
              [
                -3.3438,
                51.5299
              ],
              [
                -3.3434,
                51.5323
              ],
              [
                -3.3416,
                51.5351
              ],
              [
                -3.3355,
                51.5372
              ],
              [
                -3.3244,
                51.5358
              ],
              [
                -3.3207,
                51.5406
              ],
              [
                -3.3229,
                51.5417
              ],
              [
                -3.3214,
                51.5428
              ],
              [
                -3.3101,
                51.5444
              ],
              [
                -3.3117,
                51.5462
              ],
              [
                -3.3101,
                51.549
              ],
              [
                -3.2982,
                51.5478
              ],
              [
                -3.2841,
                51.5497
              ],
              [
                -3.284,
                51.5512
              ],
              [
                -3.2744,
                51.5512
              ],
              [
                -3.2732,
                51.5485
              ],
              [
                -3.2741,
                51.5458
              ],
              [
                -3.2616,
                51.5378
              ],
              [
                -3.2508,
                51.5418
              ],
              [
                -3.2455,
                51.5487
              ],
              [
                -3.2391,
                51.5525
              ],
              [
                -3.234,
                51.5529
              ],
              [
                -3.2278,
                51.5497
              ],
              [
                -3.2156,
                51.5532
              ],
              [
                -3.2159,
                51.5513
              ],
              [
                -3.2033,
                51.5537
              ],
              [
                -3.1999,
                51.5568
              ],
              [
                -3.184,
                51.5567
              ],
              [
                -3.1637,
                51.5605
              ],
              [
                -3.1574,
                51.5577
              ],
              [
                -3.1526,
                51.5516
              ],
              [
                -3.1467,
                51.5526
              ],
              [
                -3.1445,
                51.5553
              ],
              [
                -3.1438,
                51.5537
              ],
              [
                -3.1254,
                51.5502
              ],
              [
                -3.1273,
                51.5478
              ],
              [
                -3.1211,
                51.5473
              ],
              [
                -3.1179,
                51.5444
              ],
              [
                -3.1108,
                51.5465
              ],
              [
                -3.1085,
                51.5452
              ],
              [
                -3.1091,
                51.5431
              ],
              [
                -3.0946,
                51.5369
              ],
              [
                -3.0907,
                51.5334
              ],
              [
                -3.0809,
                51.5316
              ],
              [
                -3.0783,
                51.5282
              ],
              [
                -3.0803,
                51.5274
              ],
              [
                -3.0773,
                51.5237
              ],
              [
                -3.0689,
                51.5203
              ],
              [
                -3.0732,
                51.5171
              ],
              [
                -3.0775,
                51.5171
              ],
              [
                -3.0822,
                51.5148
              ],
              [
                -3.0781,
                51.5132
              ],
              [
                -3.0904,
                51.5099
              ],
              [
                -3.082,
                51.5008
              ],
              [
                -3.1074,
                51.4916
              ],
              [
                -3.1201,
                51.4899
              ],
              [
                -3.1251,
                51.4824
              ],
              [
                -3.1251,
                51.4794
              ],
              [
                -3.1301,
                51.4769
              ],
              [
                -3.1307,
                51.4744
              ],
              [
                -3.1341,
                51.4722
              ],
              [
                -3.1378,
                51.4719
              ],
              [
                -3.1369,
                51.4706
              ]
            ]
          ]
        ]
      },
      "properties": {
        "name": "Cardiff",
        "code": "GB.CA",
        "slug": "cardiff"
      }
    },
    {
      "type": "Feature",
      "geometry": {
        "type": "MultiPolygon",
        "coordinates": [
          [
            [
              [
                -4.051,
                51.7014
              ],
              [
                -4.0506,
                51.7014
              ],
              [
                -4.0511,
                51.7007
              ],
              [
                -4.0511,
                51.7013
              ],
              [
                -4.051,
                51.7014
              ]
            ]
          ],
          [
            [
              [
                -4.0723,
                51.685
              ],
              [
                -4.0694,
                51.6845
              ],
              [
                -4.0662,
                51.6887
              ],
              [
                -4.0688,
                51.6846
              ],
              [
                -4.0695,
                51.6844
              ],
              [
                -4.0718,
                51.6845
              ],
              [
                -4.0732,
                51.6851
              ],
              [
                -4.0723,
                51.685
              ]
            ]
          ],
          [
            [
              [
                -4.0536,
                51.6992
              ],
              [
                -4.055,
                51.6992
              ],
              [
                -4.0553,
                51.6992
              ],
              [
                -4.0527,
                51.6993
              ],
              [
                -4.0536,
                51.6992
              ]
            ]
          ],
          [
            [
              [
                -4.052,
                51.6995
              ],
              [
                -4.0521,
                51.6994
              ],
              [
                -4.0521,
                51.6995
              ],
              [
                -4.052,
                51.6995
              ]
            ]
          ],
          [
            [
              [
                -4.0515,
                51.7003
              ],
              [
                -4.0512,
                51.7004
              ],
              [
                -4.0516,
                51.6998
              ],
              [
                -4.0516,
                51.7002
              ],
              [
                -4.0515,
                51.7003
              ]
            ]
          ],
          [
            [
              [
                -4.0754,
                51.6659
              ],
              [
                -4.0748,
                51.6662
              ],
              [
                -4.0741,
                51.6662
              ],
              [
                -4.0755,
                51.6657
              ],
              [
                -4.0754,
                51.6659
              ]
            ]
          ],
          [
            [
              [
                -4.0737,
                51.6664
              ],
              [
                -4.0736,
                51.6665
              ],
              [
                -4.0733,
                51.6665
              ],
              [
                -4.0738,
                51.6663
              ],
              [
                -4.0737,
                51.6664
              ]
            ]
          ],
          [
            [
              [
                -4.0725,
                51.6667
              ],
              [
                -4.0726,
                51.6667
              ],
              [
                -4.0727,
                51.6666
              ],
              [
                -4.0725,
                51.6668
              ],
              [
                -4.0725,
                51.6667
              ]
            ]
          ],
          [
            [
              [
                -4.0703,
                51.6687
              ],
              [
                -4.0705,
                51.6686
              ],
              [
                -4.0704,
                51.6687
              ],
              [
                -4.0703,
                51.6687
              ]
            ]
          ],
          [
            [
              [
                -4.0704,
                51.6724
              ],
              [
                -4.071,
                51.6728
              ],
              [
                -4.0711,
                51.6732
              ],
              [
                -4.0701,
                51.6724
              ],
              [
                -4.0704,
                51.6724
              ]
            ]
          ],
          [
            [
              [
                -4.0715,
                51.6733
              ],
              [
                -4.0716,
                51.6737
              ],
              [
                -4.0711,
                51.6732
              ],
              [
                -4.0714,
                51.6733
              ],
              [
                -4.0715,
                51.6733
              ]
            ]
          ],
          [
            [
              [
                -4.1062,
                51.6605
              ],
              [
                -4.1084,
                51.6599
              ],
              [
                -4.108,
                51.658
              ],
              [
                -4.1323,
                51.6585
              ],
              [
                -4.1335,
                51.6574
              ],
              [
                -4.1364,
                51.6571
              ],
              [
                -4.1342,
                51.6594
              ],
              [
                -4.1361,
                51.6591
              ],
              [
                -4.1346,
                51.6611
              ],
              [
                -4.1358,
                51.6638
              ],
              [
                -4.1321,
                51.6668
              ],
              [
                -4.133,
                51.6705
              ],
              [
                -4.1603,
                51.6736
              ],
              [
                -4.1773,
                51.6794
              ],
              [
                -4.1794,
                51.6775
              ],
              [
                -4.1844,
                51.681
              ],
              [
                -4.2077,
                51.6846
              ],
              [
                -4.2167,
                51.6849
              ],
              [
                -4.2239,
                51.6832
              ],
              [
                -4.2251,
                51.6825
              ],
              [
                -4.2245,
                51.6798
              ],
              [
                -4.2314,
                51.6782
              ],
              [
                -4.2608,
                51.6766
              ],
              [
                -4.2739,
                51.6782
              ],
              [
                -4.2657,
                51.6765
              ],
              [
                -4.2645,
                51.6728
              ],
              [
                -4.278,
                51.6677
              ],
              [
                -4.2931,
                51.6677
              ],
              [
                -4.3159,
                51.6749
              ],
              [
                -4.3437,
                51.6911
              ],
              [
                -4.3682,
                51.7111
              ],
              [
                -4.3766,
                51.7239
              ],
              [
                -4.3772,
                51.728
              ],
              [
                -4.3788,
                51.729
              ],
              [
                -4.3782,
                51.7328
              ],
              [
                -4.3651,
                51.7284
              ],
              [
                -4.352,
                51.7318
              ],
              [
                -4.3441,
                51.7318
              ],
              [
                -4.3412,
                51.7293
              ],
              [
                -4.3393,
                51.7315
              ],
              [
                -4.3369,
                51.7315
              ],
              [
                -4.3306,
                51.7262
              ],
              [
                -4.3189,
                51.7237
              ],
              [
                -4.3172,
                51.7252
              ],
              [
                -4.327,
                51.7274
              ],
              [
                -4.3299,
                51.7295
              ],
              [
                -4.3287,
                51.7328
              ],
              [
                -4.3238,
                51.7338
              ],
              [
                -4.3333,
                51.736
              ],
              [
                -4.3419,
                51.7352
              ],
              [
                -4.3461,
                51.7366
              ],
              [
                -4.3636,
                51.7371
              ],
              [
                -4.3677,
                51.7407
              ],
              [
                -4.3748,
                51.7419
              ],
              [
                -4.3733,
                51.7435
              ],
              [
                -4.3783,
                51.7468
              ],
              [
                -4.3755,
                51.7498
              ],
              [
                -4.3772,
                51.7546
              ],
              [
                -4.3727,
                51.7612
              ],
              [
                -4.371,
                51.7692
              ],
              [
                -4.3633,
                51.7756
              ],
              [
                -4.3627,
                51.7799
              ],
              [
                -4.3671,
                51.7822
              ],
              [
                -4.3682,
                51.7867
              ],
              [
                -4.3611,
                51.7868
              ],
              [
                -4.3598,
                51.789
              ],
              [
                -4.3431,
                51.7976
              ],
              [
                -4.3338,
                51.797
              ],
              [
                -4.3238,
                51.8012
              ],
              [
                -4.3227,
                51.8099
              ],
              [
                -4.3194,
                51.8145
              ],
              [
                -4.3199,
                51.816
              ],
              [
                -4.3239,
                51.8113
              ],
              [
                -4.3257,
                51.8011
              ],
              [
                -4.3341,
                51.7983
              ],
              [
                -4.3434,
                51.7988
              ],
              [
                -4.3701,
                51.7894
              ],
              [
                -4.3751,
                51.7802
              ],
              [
                -4.3751,
                51.7766
              ],
              [
                -4.3817,
                51.7738
              ],
              [
                -4.3851,
                51.7689
              ],
              [
                -4.3878,
                51.7677
              ],
              [
                -4.3874,
                51.7647
              ],
              [
                -4.3967,
                51.7627
              ],
              [
                -4.4001,
                51.758
              ],
              [
                -4.4036,
                51.7563
              ],
              [
                -4.4159,
                51.7583
              ],
              [
                -4.4222,
                51.7619
              ],
              [
                -4.4353,
                51.7624
              ],
              [
                -4.4394,
                51.7655
              ],
              [
                -4.4487,
                51.7683
              ],
              [
                -4.4499,
                51.7707
              ],
              [
                -4.4482,
                51.7728
              ],
              [
                -4.4416,
                51.7748
              ],
              [
                -4.4383,
                51.7773
              ],
              [
                -4.4383,
                51.7794
              ],
              [
                -4.4426,
                51.7802
              ],
              [
                -4.4444,
                51.7841
              ],
              [
                -4.452,
                51.7852
              ],
              [
                -4.4561,
                51.7894
              ],
              [
                -4.4651,
                51.7888
              ],
              [
                -4.4574,
                51.789
              ],
              [
                -4.4562,
                51.7865
              ],
              [
                -4.4473,
                51.7805
              ],
              [
                -4.4523,
                51.7733
              ],
              [
                -4.4584,
                51.7702
              ],
              [
                -4.4589,
                51.7668
              ],
              [
                -4.4551,
                51.7637
              ],
              [
                -4.4413,
                51.7581
              ],
              [
                -4.4378,
                51.7534
              ],
              [
                -4.4297,
                51.7515
              ],
              [
                -4.4251,
                51.748
              ],
              [
                -4.4256,
                51.7439
              ],
              [
                -4.4285,
                51.7413
              ],
              [
                -4.4391,
                51.7371
              ],
              [
                -4.4525,
                51.7338
              ],
              [
                -4.4786,
                51.7335
              ],
              [
                -4.5562,
                51.7419
              ],
              [
                -4.5662,
                51.7371
              ],
              [
                -4.5728,
                51.7377
              ],
              [
                -4.5792,
                51.7333
              ],
              [
                -4.5911,
                51.7363
              ],
              [
                -4.6044,
                51.7374
              ],
              [
                -4.6134,
                51.7374
              ],
              [
                -4.6315,
                51.7335
              ],
              [
                -4.6329,
                51.7344
              ],
              [
                -4.6326,
                51.7377
              ],
              [
                -4.6354,
                51.74
              ],
              [
                -4.6323,
                51.7427
              ],
              [
                -4.6331,
                51.7466
              ],
              [
                -4.6272,
                51.7507
              ],
              [
                -4.6298,
                51.7523
              ],
              [
                -4.6306,
                51.7568
              ],
              [
                -4.6263,
                51.7624
              ],
              [
                -4.6235,
                51.763
              ],
              [
                -4.6226,
                51.7681
              ],
              [
                -4.6262,
                51.7716
              ],
              [
                -4.6351,
                51.7705
              ],
              [
                -4.6378,
                51.7743
              ],
              [
                -4.644,
                51.7765
              ],
              [
                -4.6454,
                51.7784
              ],
              [
                -4.6343,
                51.7833
              ],
              [
                -4.6356,
                51.7837
              ],
              [
                -4.6341,
                51.785
              ],
              [
                -4.6369,
                51.7867
              ],
              [
                -4.6373,
                51.7894
              ],
              [
                -4.6414,
                51.791
              ],
              [
                -4.6446,
                51.7973
              ],
              [
                -4.6218,
                51.8052
              ],
              [
                -4.6183,
                51.8076
              ],
              [
                -4.6169,
                51.8116
              ],
              [
                -4.6219,
                51.8144
              ],
              [
                -4.6219,
                51.816
              ],
              [
                -4.6275,
                51.8162
              ],
              [
                -4.6339,
                51.8205
              ],
              [
                -4.6338,
                51.8222
              ],
              [
                -4.638,
                51.8222
              ],
              [
                -4.6376,
                51.8234
              ],
              [
                -4.6433,
                51.8248
              ],
              [
                -4.6419,
                51.8265
              ],
              [
                -4.6426,
                51.8289
              ],
              [
                -4.6458,
                51.8313
              ],
              [
                -4.6522,
                51.8325
              ],
              [
                -4.6568,
                51.8312
              ],
              [
                -4.6633,
                51.8328
              ],
              [
                -4.6696,
                51.8367
              ],
              [
                -4.6728,
                51.8356
              ],
              [
                -4.6816,
                51.8372
              ],
              [
                -4.6842,
                51.8396
              ],
              [
                -4.7043,
                51.8391
              ],
              [
                -4.7051,
                51.8445
              ],
              [
                -4.7086,
                51.8453
              ],
              [
                -4.7086,
                51.8473
              ],
              [
                -4.7044,
                51.8516
              ],
              [
                -4.7002,
                51.8511
              ],
              [
                -4.7001,
                51.8534
              ],
              [
                -4.7017,
                51.8547
              ],
              [
                -4.695,
                51.857
              ],
              [
                -4.6941,
                51.8596
              ],
              [
                -4.6969,
                51.8616
              ],
              [
                -4.6977,
                51.864
              ],
              [
                -4.6965,
                51.8659
              ],
              [
                -4.6996,
                51.8681
              ],
              [
                -4.699,
                51.8725
              ],
              [
                -4.7005,
                51.8784
              ],
              [
                -4.706,
                51.8827
              ],
              [
                -4.7067,
                51.8889
              ],
              [
                -4.7177,
                51.8883
              ],
              [
                -4.7151,
                51.8917
              ],
              [
                -4.7231,
                51.8957
              ],
              [
                -4.7207,
                51.8983
              ],
              [
                -4.7135,
                51.8992
              ],
              [
                -4.7126,
                51.908
              ],
              [
                -4.7179,
                51.9124
              ],
              [
                -4.7054,
                51.9187
              ],
              [
                -4.7049,
                51.9205
              ],
              [
                -4.6955,
                51.9235
              ],
              [
                -4.6858,
                51.9238
              ],
              [
                -4.6733,
                51.9284
              ],
              [
                -4.6679,
                51.9341
              ],
              [
                -4.6652,
                51.9295
              ],
              [
                -4.6603,
                51.9269
              ],
              [
                -4.6456,
                51.9206
              ],
              [
                -4.6356,
                51.9186
              ],
              [
                -4.6291,
                51.9221
              ],
              [
                -4.6267,
                51.9289
              ],
              [
                -4.6206,
                51.9291
              ],
              [
                -4.6128,
                51.9319
              ],
              [
                -4.6075,
                51.935
              ],
              [
                -4.6065,
                51.938
              ],
              [
                -4.6,
                51.9409
              ],
              [
                -4.5983,
                51.941
              ],
              [
                -4.5937,
                51.935
              ],
              [
                -4.5878,
                51.9318
              ],
              [
                -4.5777,
                51.9319
              ],
              [
                -4.5668,
                51.9371
              ],
              [
                -4.56,
                51.9469
              ],
              [
                -4.5559,
                51.9495
              ],
              [
                -4.5526,
                51.9494
              ],
              [
                -4.5517,
                51.9519
              ],
              [
                -4.5441,
                51.954
              ],
              [
                -4.5415,
                51.9566
              ],
              [
                -4.5353,
                51.9563
              ],
              [
                -4.5328,
                51.9544
              ],
              [
                -4.5193,
                51.9578
              ],
              [
                -4.4933,
                51.9613
              ],
              [
                -4.4878,
                51.9678
              ],
              [
                -4.488,
                51.9714
              ],
              [
                -4.4856,
                51.9757
              ],
              [
                -4.4882,
                51.9835
              ],
              [
                -4.4871,
                51.9887
              ],
              [
                -4.4939,
                51.9925
              ],
              [
                -4.5002,
                51.992
              ],
              [
                -4.5123,
                51.9949
              ],
              [
                -4.5156,
                52.0022
              ],
              [
                -4.5203,
                52.0048
              ],
              [
                -4.523,
                52.0113
              ],
              [
                -4.5299,
                52.0136
              ],
              [
                -4.5355,
                52.0178
              ],
              [
                -4.542,
                52.0174
              ],
              [
                -4.5464,
                52.0191
              ],
              [
                -4.547,
                52.0203
              ],
              [
                -4.5454,
                52.0202
              ],
              [
                -4.548,
                52.0217
              ],
              [
                -4.5494,
                52.0302
              ],
              [
                -4.5511,
                52.0304
              ],
              [
                -4.549,
                52.0323
              ],
              [
                -4.5509,
                52.0335
              ],
              [
                -4.5512,
                52.0381
              ],
              [
                -4.5598,
                52.0437
              ],
              [
                -4.5512,
                52.0443
              ],
              [
                -4.5493,
                52.043
              ],
              [
                -4.5449,
                52.0442
              ],
              [
                -4.5428,
                52.0465
              ],
              [
                -4.545,
                52.0474
              ],
              [
                -4.5452,
                52.0497
              ],
              [
                -4.5411,
                52.0521
              ],
              [
                -4.5396,
                52.0466
              ],
              [
                -4.5356,
                52.0444
              ],
              [
                -4.5311,
                52.046
              ],
              [
                -4.5154,
                52.0471
              ],
              [
                -4.5093,
                52.0438
              ],
              [
                -4.5035,
                52.0443
              ],
              [
                -4.502,
                52.0426
              ],
              [
                -4.4997,
                52.0432
              ],
              [
                -4.5002,
                52.0451
              ],
              [
                -4.4952,
                52.0451
              ],
              [
                -4.4874,
                52.0491
              ],
              [
                -4.4855,
                52.0469
              ],
              [
                -4.481,
                52.047
              ],
              [
                -4.4816,
                52.044
              ],
              [
                -4.4782,
                52.0428
              ],
              [
                -4.4749,
                52.039
              ],
              [
                -4.4703,
                52.0408
              ],
              [
                -4.4594,
                52.0399
              ],
              [
                -4.4669,
                52.0381
              ],
              [
                -4.4635,
                52.0365
              ],
              [
                -4.4564,
                52.0382
              ],
              [
                -4.4522,
                52.0429
              ],
              [
                -4.4487,
                52.0441
              ],
              [
                -4.4461,
                52.0441
              ],
              [
                -4.4437,
                52.0418
              ],
              [
                -4.4348,
                52.0435
              ],
              [
                -4.4197,
                52.0384
              ],
              [
                -4.4111,
                52.0418
              ],
              [
                -4.4105,
                52.0385
              ],
              [
                -4.4023,
                52.0388
              ],
              [
                -4.4019,
                52.0351
              ],
              [
                -4.3988,
                52.0346
              ],
              [
                -4.3947,
                52.0349
              ],
              [
                -4.3849,
                52.04
              ],
              [
                -4.3814,
                52.0367
              ],
              [
                -4.3739,
                52.0371
              ],
              [
                -4.3653,
                52.0346
              ],
              [
                -4.3635,
                52.0328
              ],
              [
                -4.3658,
                52.0286
              ],
              [
                -4.3567,
                52.0287
              ],
              [
                -4.351,
                52.0268
              ],
              [
                -4.3464,
                52.031
              ],
              [
                -4.3382,
                52.0322
              ],
              [
                -4.3346,
                52.0414
              ],
              [
                -4.3326,
                52.0414
              ],
              [
                -4.3302,
                52.0376
              ],
              [
                -4.3164,
                52.0372
              ],
              [
                -4.3104,
                52.0393
              ],
              [
                -4.3055,
                52.0387
              ],
              [
                -4.3043,
                52.0398
              ],
              [
                -4.3065,
                52.0427
              ],
              [
                -4.3059,
                52.0454
              ],
              [
                -4.3033,
                52.0463
              ],
              [
                -4.3011,
                52.0516
              ],
              [
                -4.2983,
                52.0522
              ],
              [
                -4.2871,
                52.0521
              ],
              [
                -4.2854,
                52.0502
              ],
              [
                -4.29,
                52.0469
              ],
              [
                -4.2908,
                52.0439
              ],
              [
                -4.2749,
                52.0381
              ],
              [
                -4.2727,
                52.0381
              ],
              [
                -4.2734,
                52.0398
              ],
              [
                -4.2721,
                52.0403
              ],
              [
                -4.2641,
                52.038
              ],
              [
                -4.2604,
                52.0397
              ],
              [
                -4.255,
                52.0377
              ],
              [
                -4.2512,
                52.0394
              ],
              [
                -4.2463,
                52.038
              ],
              [
                -4.2409,
                52.041
              ],
              [
                -4.2345,
                52.0382
              ],
              [
                -4.23,
                52.0398
              ],
              [
                -4.2312,
                52.0412
              ],
              [
                -4.2296,
                52.0434
              ],
              [
                -4.2302,
                52.0484
              ],
              [
                -4.2256,
                52.0498
              ],
              [
                -4.2218,
                52.0486
              ],
              [
                -4.2194,
                52.0517
              ],
              [
                -4.2142,
                52.0512
              ],
              [
                -4.2132,
                52.0579
              ],
              [
                -4.2069,
                52.0575
              ],
              [
                -4.2043,
                52.0608
              ],
              [
                -4.2058,
                52.0626
              ],
              [
                -4.1968,
                52.0649
              ],
              [
                -4.1952,
                52.0601
              ],
              [
                -4.1915,
                52.0593
              ],
              [
                -4.1849,
                52.061
              ],
              [
                -4.1826,
                52.0634
              ],
              [
                -4.1802,
                52.0621
              ],
              [
                -4.1806,
                52.0639
              ],
              [
                -4.1739,
                52.0641
              ],
              [
                -4.172,
                52.0651
              ],
              [
                -4.1715,
                52.0677
              ],
              [
                -4.1642,
                52.0682
              ],
              [
                -4.1617,
                52.0715
              ],
              [
                -4.1664,
                52.0745
              ],
              [
                -4.1613,
                52.0758
              ],
              [
                -4.1586,
                52.0812
              ],
              [
                -4.153,
                52.0794
              ],
              [
                -4.1473,
                52.0808
              ],
              [
                -4.1473,
                52.0819
              ],
              [
                -4.1562,
                52.0836
              ],
              [
                -4.1588,
                52.0869
              ],
              [
                -4.1545,
                52.0864
              ],
              [
                -4.144,
                52.0943
              ],
              [
                -4.1349,
                52.0957
              ],
              [
                -4.1288,
                52.0937
              ],
              [
                -4.1285,
                52.0915
              ],
              [
                -4.127,
                52.0911
              ],
              [
                -4.1243,
                52.0933
              ],
              [
                -4.1189,
                52.0923
              ],
              [
                -4.1178,
                52.0933
              ],
              [
                -4.1195,
                52.0961
              ],
              [
                -4.1179,
                52.0969
              ],
              [
                -4.1058,
                52.0959
              ],
              [
                -4.1033,
                52.0978
              ],
              [
                -4.1001,
                52.0961
              ],
              [
                -4.0998,
                52.098
              ],
              [
                -4.0947,
                52.1008
              ],
              [
                -4.092,
                52.0996
              ],
              [
                -4.091,
                52.1011
              ],
              [
                -4.0928,
                52.1025
              ],
              [
                -4.0878,
                52.1052
              ],
              [
                -4.084,
                52.1055
              ],
              [
                -4.0847,
                52.1031
              ],
              [
                -4.0817,
                52.1028
              ],
              [
                -4.0831,
                52.1049
              ],
              [
                -4.0753,
                52.1066
              ],
              [
                -4.0788,
                52.1086
              ],
              [
                -4.0708,
                52.1086
              ],
              [
                -4.07,
                52.107
              ],
              [
                -4.0654,
                52.1103
              ],
              [
                -4.0595,
                52.1116
              ],
              [
                -4.0608,
                52.1127
              ],
              [
                -4.0581,
                52.1139
              ],
              [
                -4.0522,
                52.111
              ],
              [
                -4.0469,
                52.111
              ],
              [
                -4.0438,
                52.1088
              ],
              [
                -4.0448,
                52.1083
              ],
              [
                -4.0399,
                52.1075
              ],
              [
                -4.0261,
                52.0981
              ],
              [
                -4.0187,
                52.097
              ],
              [
                -4.0094,
                52.0993
              ],
              [
                -4.0003,
                52.1043
              ],
              [
                -3.9967,
                52.1081
              ],
              [
                -3.9958,
                52.1119
              ],
              [
                -3.9843,
                52.1122
              ],
              [
                -3.9786,
                52.1143
              ],
              [
                -3.9761,
                52.1189
              ],
              [
                -3.9737,
                52.1176
              ],
              [
                -3.9696,
                52.123
              ],
              [
                -3.9411,
                52.1383
              ],
              [
                -3.9316,
                52.1319
              ],
              [
                -3.9297,
                52.1296
              ],
              [
                -3.931,
                52.1274
              ],
              [
                -3.926,
                52.1289
              ],
              [
                -3.9175,
                52.1271
              ],
              [
                -3.9067,
                52.1198
              ],
              [
                -3.906,
                52.1223
              ],
              [
                -3.9043,
                52.1228
              ],
              [
                -3.8978,
                52.1222
              ],
              [
                -3.899,
                52.124
              ],
              [
                -3.8903,
                52.1278
              ],
              [
                -3.8863,
                52.1328
              ],
              [
                -3.8755,
                52.1366
              ],
              [
                -3.8758,
                52.1392
              ],
              [
                -3.8651,
                52.1424
              ],
              [
                -3.8527,
                52.1402
              ],
              [
                -3.8373,
                52.1321
              ],
              [
                -3.8318,
                52.1321
              ],
              [
                -3.8305,
                52.1293
              ],
              [
                -3.8229,
                52.1244
              ],
              [
                -3.8163,
                52.1232
              ],
              [
                -3.8121,
                52.1205
              ],
              [
                -3.8063,
                52.1217
              ],
              [
                -3.8046,
                52.1186
              ],
              [
                -3.8002,
                52.1162
              ],
              [
                -3.7944,
                52.1171
              ],
              [
                -3.7981,
                52.1141
              ],
              [
                -3.7954,
                52.1125
              ],
              [
                -3.797,
                52.1109
              ],
              [
                -3.7879,
                52.1082
              ],
              [
                -3.7861,
                52.1046
              ],
              [
                -3.7833,
                52.1076
              ],
              [
                -3.7763,
                52.1071
              ],
              [
                -3.7741,
                52.1093
              ],
              [
                -3.7741,
                52.1166
              ],
              [
                -3.7657,
                52.1182
              ],
              [
                -3.7646,
                52.1241
              ],
              [
                -3.7581,
                52.1282
              ],
              [
                -3.7495,
                52.1276
              ],
              [
                -3.743,
                52.1224
              ],
              [
                -3.7252,
                52.1184
              ],
              [
                -3.7229,
                52.1152
              ],
              [
                -3.7203,
                52.1175
              ],
              [
                -3.7161,
                52.1135
              ],
              [
                -3.7142,
                52.1046
              ],
              [
                -3.7288,
                52.094
              ],
              [
                -3.7235,
                52.0933
              ],
              [
                -3.7215,
                52.0866
              ],
              [
                -3.7231,
                52.0852
              ],
              [
                -3.7023,
                52.0828
              ],
              [
                -3.6947,
                52.0781
              ],
              [
                -3.6817,
                52.0739
              ],
              [
                -3.6671,
                52.0743
              ],
              [
                -3.6689,
                52.0694
              ],
              [
                -3.6752,
                52.0667
              ],
              [
                -3.6733,
                52.0661
              ],
              [
                -3.6798,
                52.062
              ],
              [
                -3.679,
                52.0606
              ],
              [
                -3.6754,
                52.0576
              ],
              [
                -3.6762,
                52.0565
              ],
              [
                -3.6679,
                52.0558
              ],
              [
                -3.6619,
                52.0524
              ],
              [
                -3.6627,
                52.0507
              ],
              [
                -3.6596,
                52.0493
              ],
              [
                -3.6608,
                52.0479
              ],
              [
                -3.6594,
                52.0464
              ],
              [
                -3.6471,
                52.0388
              ],
              [
                -3.6514,
                52.0351
              ],
              [
                -3.6604,
                52.033
              ],
              [
                -3.6623,
                52.0313
              ],
              [
                -3.662,
                52.028
              ],
              [
                -3.6683,
                52.0254
              ],
              [
                -3.6672,
                52.0246
              ],
              [
                -3.6735,
                52.0175
              ],
              [
                -3.6718,
                52.0156
              ],
              [
                -3.6669,
                52.0162
              ],
              [
                -3.6656,
                52.0147
              ],
              [
                -3.6657,
                52.0113
              ],
              [
                -3.6702,
                52.0067
              ],
              [
                -3.67,
                52.0042
              ],
              [
                -3.6753,
                51.9997
              ],
              [
                -3.6841,
                51.9963
              ],
              [
                -3.6854,
                51.995
              ],
              [
                -3.6849,
                51.9922
              ],
              [
                -3.6978,
                51.9828
              ],
              [
                -3.6982,
                51.9813
              ],
              [
                -3.6941,
                51.9772
              ],
              [
                -3.7011,
                51.9728
              ],
              [
                -3.6998,
                51.9717
              ],
              [
                -3.7112,
                51.9619
              ],
              [
                -3.7074,
                51.9602
              ],
              [
                -3.7068,
                51.9577
              ],
              [
                -3.7025,
                51.9542
              ],
              [
                -3.705,
                51.9485
              ],
              [
                -3.7012,
                51.9479
              ],
              [
                -3.6999,
                51.9461
              ],
              [
                -3.7114,
                51.9467
              ],
              [
                -3.7209,
                51.9413
              ],
              [
                -3.7217,
                51.9347
              ],
              [
                -3.7209,
                51.9332
              ],
              [
                -3.7181,
                51.9333
              ],
              [
                -3.7177,
                51.932
              ],
              [
                -3.7194,
                51.9311
              ],
              [
                -3.7182,
                51.9291
              ],
              [
                -3.7228,
                51.9249
              ],
              [
                -3.7216,
                51.9242
              ],
              [
                -3.723,
                51.9175
              ],
              [
                -3.7275,
                51.9105
              ],
              [
                -3.7137,
                51.9059
              ],
              [
                -3.718,
                51.9012
              ],
              [
                -3.7138,
                51.8871
              ],
              [
                -3.7174,
                51.8824
              ],
              [
                -3.7213,
                51.8812
              ],
              [
                -3.7227,
                51.8769
              ],
              [
                -3.7388,
                51.8636
              ],
              [
                -3.7481,
                51.8618
              ],
              [
                -3.7504,
                51.8577
              ],
              [
                -3.7643,
                51.8534
              ],
              [
                -3.7667,
                51.8497
              ],
              [
                -3.7726,
                51.846
              ],
              [
                -3.7765,
                51.8384
              ],
              [
                -3.7835,
                51.8301
              ],
              [
                -3.7839,
                51.8267
              ],
              [
                -3.782,
                51.8216
              ],
              [
                -3.7865,
                51.8175
              ],
              [
                -3.7861,
                51.8162
              ],
              [
                -3.7875,
                51.8163
              ],
              [
                -3.7881,
                51.8124
              ],
              [
                -3.7959,
                51.8096
              ],
              [
                -3.7964,
                51.8063
              ],
              [
                -3.8056,
                51.7989
              ],
              [
                -3.8086,
                51.7916
              ],
              [
                -3.8067,
                51.788
              ],
              [
                -3.812,
                51.7924
              ],
              [
                -3.8119,
                51.7948
              ],
              [
                -3.8171,
                51.7969
              ],
              [
                -3.8144,
                51.7985
              ],
              [
                -3.8186,
                51.8023
              ],
              [
                -3.8421,
                51.8095
              ],
              [
                -3.8655,
                51.8103
              ],
              [
                -3.8719,
                51.8069
              ],
              [
                -3.877,
                51.8083
              ],
              [
                -3.8873,
                51.8042
              ],
              [
                -3.8999,
                51.8036
              ],
              [
                -3.8923,
                51.7999
              ],
              [
                -3.892,
                51.7963
              ],
              [
                -3.8861,
                51.793
              ],
              [
                -3.8856,
                51.7891
              ],
              [
                -3.8821,
                51.7879
              ],
              [
                -3.8834,
                51.7843
              ],
              [
                -3.8817,
                51.7816
              ],
              [
                -3.8873,
                51.7712
              ],
              [
                -3.8872,
                51.7688
              ],
              [
                -3.8966,
                51.7691
              ],
              [
                -3.9,
                51.7713
              ],
              [
                -3.9069,
                51.7687
              ],
              [
                -3.9082,
                51.7704
              ],
              [
                -3.9129,
                51.7707
              ],
              [
                -3.9135,
                51.7728
              ],
              [
                -3.9186,
                51.7753
              ],
              [
                -3.9486,
                51.7689
              ],
              [
                -3.952,
                51.7647
              ],
              [
                -3.9652,
                51.7637
              ],
              [
                -3.9798,
                51.7647
              ],
              [
                -3.985,
                51.7698
              ],
              [
                -3.9944,
                51.7738
              ],
              [
                -3.9998,
                51.7742
              ],
              [
                -4.0052,
                51.7687
              ],
              [
                -4.0016,
                51.7626
              ],
              [
                -4.0094,
                51.76
              ],
              [
                -4.0084,
                51.7581
              ],
              [
                -4.016,
                51.7519
              ],
              [
                -4.0199,
                51.7522
              ],
              [
                -4.0189,
                51.7501
              ],
              [
                -4.0212,
                51.7502
              ],
              [
                -4.0201,
                51.7493
              ],
              [
                -4.0214,
                51.7482
              ],
              [
                -4.0256,
                51.7488
              ],
              [
                -4.0264,
                51.745
              ],
              [
                -4.0285,
                51.7448
              ],
              [
                -4.0266,
                51.742
              ],
              [
                -4.0314,
                51.7415
              ],
              [
                -4.0303,
                51.7402
              ],
              [
                -4.0315,
                51.7393
              ],
              [
                -4.0297,
                51.7386
              ],
              [
                -4.0341,
                51.7379
              ],
              [
                -4.0346,
                51.7356
              ],
              [
                -4.0441,
                51.7362
              ],
              [
                -4.0457,
                51.7321
              ],
              [
                -4.0493,
                51.7296
              ],
              [
                -4.0496,
                51.7268
              ],
              [
                -4.0475,
                51.7266
              ],
              [
                -4.0504,
                51.7259
              ],
              [
                -4.0464,
                51.7231
              ],
              [
                -4.0479,
                51.7222
              ],
              [
                -4.0451,
                51.7202
              ],
              [
                -4.0466,
                51.7195
              ],
              [
                -4.046,
                51.7126
              ],
              [
                -4.0498,
                51.7118
              ],
              [
                -4.0442,
                51.7088
              ],
              [
                -4.0434,
                51.7065
              ],
              [
                -4.0539,
                51.7092
              ],
              [
                -4.0512,
                51.7067
              ],
              [
                -4.0531,
                51.7038
              ],
              [
                -4.0506,
                51.7016
              ],
              [
                -4.0528,
                51.7024
              ],
              [
                -4.0541,
                51.7008
              ],
              [
                -4.0596,
                51.7001
              ],
              [
                -4.0648,
                51.6973
              ],
              [
                -4.0656,
                51.696
              ],
              [
                -4.0634,
                51.6942
              ],
              [
                -4.0667,
                51.6921
              ],
              [
                -4.068,
                51.6888
              ],
              [
                -4.0817,
                51.6877
              ],
              [
                -4.0795,
                51.6792
              ],
              [
                -4.0806,
                51.6743
              ],
              [
                -4.0789,
                51.6724
              ],
              [
                -4.0812,
                51.6681
              ],
              [
                -4.0779,
                51.6675
              ],
              [
                -4.0773,
                51.6655
              ],
              [
                -4.0836,
                51.6619
              ],
              [
                -4.0939,
                51.6624
              ],
              [
                -4.098,
                51.6608
              ],
              [
                -4.1062,
                51.6605
              ]
            ]
          ]
        ]
      },
      "properties": {
        "name": "Carmarthenshire",
        "code": "GB.CI",
        "slug": "carmarthenshire"
      }
    },
    {
      "type": "Feature",
      "geometry": {
        "type": "MultiPolygon",
        "coordinates": [
          [
            [
              [
                -4.4445,
                52.042
              ],
              [
                -4.4463,
                52.0442
              ],
              [
                -4.4506,
                52.0438
              ],
              [
                -4.4561,
                52.0384
              ],
              [
                -4.4635,
                52.0365
              ],
              [
                -4.4669,
                52.0381
              ],
              [
                -4.4611,
                52.0387
              ],
              [
                -4.4594,
                52.0399
              ],
              [
                -4.4703,
                52.0408
              ],
              [
                -4.4749,
                52.039
              ],
              [
                -4.4782,
                52.0428
              ],
              [
                -4.4816,
                52.044
              ],
              [
                -4.481,
                52.047
              ],
              [
                -4.4855,
                52.0469
              ],
              [
                -4.4874,
                52.0491
              ],
              [
                -4.4952,
                52.0451
              ],
              [
                -4.5002,
                52.0451
              ],
              [
                -4.4997,
                52.0432
              ],
              [
                -4.502,
                52.0426
              ],
              [
                -4.5035,
                52.0443
              ],
              [
                -4.5093,
                52.0438
              ],
              [
                -4.5154,
                52.0471
              ],
              [
                -4.5311,
                52.046
              ],
              [
                -4.5356,
                52.0444
              ],
              [
                -4.5396,
                52.0466
              ],
              [
                -4.541,
                52.0521
              ],
              [
                -4.5452,
                52.0497
              ],
              [
                -4.545,
                52.0474
              ],
              [
                -4.5428,
                52.0465
              ],
              [
                -4.5449,
                52.0442
              ],
              [
                -4.5493,
                52.043
              ],
              [
                -4.5512,
                52.0443
              ],
              [
                -4.5595,
                52.0436
              ],
              [
                -4.5666,
                52.0575
              ],
              [
                -4.5705,
                52.0589
              ],
              [
                -4.5758,
                52.0573
              ],
              [
                -4.5813,
                52.0579
              ],
              [
                -4.5844,
                52.059
              ],
              [
                -4.5851,
                52.0613
              ],
              [
                -4.595,
                52.0626
              ],
              [
                -4.6081,
                52.0621
              ],
              [
                -4.611,
                52.057
              ],
              [
                -4.6252,
                52.0545
              ],
              [
                -4.6312,
                52.056
              ],
              [
                -4.6397,
                52.0621
              ],
              [
                -4.6424,
                52.0661
              ],
              [
                -4.6364,
                52.0689
              ],
              [
                -4.643,
                52.0767
              ],
              [
                -4.647,
                52.0784
              ],
              [
                -4.6479,
                52.0759
              ],
              [
                -4.6503,
                52.0766
              ],
              [
                -4.6519,
                52.0751
              ],
              [
                -4.6503,
                52.0717
              ],
              [
                -4.6542,
                52.0691
              ],
              [
                -4.6565,
                52.0625
              ],
              [
                -4.6676,
                52.0576
              ],
              [
                -4.6733,
                52.0625
              ],
              [
                -4.6814,
                52.0649
              ],
              [
                -4.6803,
                52.0669
              ],
              [
                -4.6826,
                52.0704
              ],
              [
                -4.6705,
                52.0738
              ],
              [
                -4.6694,
                52.0755
              ],
              [
                -4.6723,
                52.0788
              ],
              [
                -4.6697,
                52.0804
              ],
              [
                -4.6726,
                52.0811
              ],
              [
                -4.6731,
                52.0829
              ],
              [
                -4.6777,
                52.083
              ],
              [
                -4.6818,
                52.0852
              ],
              [
                -4.6783,
                52.0881
              ],
              [
                -4.6783,
                52.0935
              ],
              [
                -4.6749,
                52.0959
              ],
              [
                -4.6749,
                52.0994
              ],
              [
                -4.6766,
                52.1024
              ],
              [
                -4.6816,
                52.1044
              ],
              [
                -4.6888,
                52.1037
              ],
              [
                -4.6855,
                52.1099
              ],
              [
                -4.688,
                52.1163
              ],
              [
                -4.6923,
                52.1197
              ],
              [
                -4.689,
                52.1211
              ],
              [
                -4.6893,
                52.1243
              ],
              [
                -4.6862,
                52.1304
              ],
              [
                -4.6806,
                52.1285
              ],
              [
                -4.6738,
                52.1288
              ],
              [
                -4.6707,
                52.1302
              ],
              [
                -4.6707,
                52.1317
              ],
              [
                -4.6636,
                52.1318
              ],
              [
                -4.6578,
                52.1346
              ],
              [
                -4.6438,
                52.134
              ],
              [
                -4.6417,
                52.136
              ],
              [
                -4.6443,
                52.1376
              ],
              [
                -4.6406,
                52.1385
              ],
              [
                -4.619,
                52.1381
              ],
              [
                -4.6051,
                52.1411
              ],
              [
                -4.5992,
                52.1386
              ],
              [
                -4.5864,
                52.1376
              ],
              [
                -4.5823,
                52.1381
              ],
              [
                -4.5832,
                52.139
              ],
              [
                -4.5792,
                52.14
              ],
              [
                -4.5758,
                52.1431
              ],
              [
                -4.5672,
                52.1445
              ],
              [
                -4.5575,
                52.1429
              ],
              [
                -4.5577,
                52.1407
              ],
              [
                -4.5561,
                52.1395
              ],
              [
                -4.5506,
                52.139
              ],
              [
                -4.5462,
                52.1351
              ],
              [
                -4.5442,
                52.1368
              ],
              [
                -4.5427,
                52.1352
              ],
              [
                -4.5377,
                52.1347
              ],
              [
                -4.5177,
                52.1362
              ],
              [
                -4.4961,
                52.1445
              ],
              [
                -4.4893,
                52.1528
              ],
              [
                -4.4859,
                52.1541
              ],
              [
                -4.4861,
                52.1558
              ],
              [
                -4.4823,
                52.1561
              ],
              [
                -4.4727,
                52.161
              ],
              [
                -4.4673,
                52.1665
              ],
              [
                -4.47,
                52.1691
              ],
              [
                -4.4666,
                52.1703
              ],
              [
                -4.466,
                52.1739
              ],
              [
                -4.465,
                52.1691
              ],
              [
                -4.4551,
                52.1675
              ],
              [
                -4.4516,
                52.1695
              ],
              [
                -4.4448,
                52.1701
              ],
              [
                -4.4405,
                52.1734
              ],
              [
                -4.4414,
                52.1742
              ],
              [
                -4.429,
                52.1782
              ],
              [
                -4.4163,
                52.189
              ],
              [
                -4.4104,
                52.192
              ],
              [
                -4.4067,
                52.1921
              ],
              [
                -4.4061,
                52.1944
              ],
              [
                -4.4016,
                52.1957
              ],
              [
                -4.3925,
                52.2041
              ],
              [
                -4.3845,
                52.208
              ],
              [
                -4.3776,
                52.2158
              ],
              [
                -4.3641,
                52.2195
              ],
              [
                -4.3579,
                52.2161
              ],
              [
                -4.3562,
                52.2115
              ],
              [
                -4.3501,
                52.2101
              ],
              [
                -4.3438,
                52.2109
              ],
              [
                -4.3353,
                52.2156
              ],
              [
                -4.3317,
                52.2129
              ],
              [
                -4.3261,
                52.2134
              ],
              [
                -4.3094,
                52.2201
              ],
              [
                -4.2876,
                52.2326
              ],
              [
                -4.2683,
                52.2409
              ],
              [
                -4.262,
                52.2473
              ],
              [
                -4.2537,
                52.2498
              ],
              [
                -4.2349,
                52.252
              ],
              [
                -4.2255,
                52.2577
              ],
              [
                -4.2072,
                52.2651
              ],
              [
                -4.2022,
                52.2693
              ],
              [
                -4.2016,
                52.2733
              ],
              [
                -4.1993,
                52.2754
              ],
              [
                -4.1888,
                52.2815
              ],
              [
                -4.1877,
                52.2831
              ],
              [
                -4.1888,
                52.286
              ],
              [
                -4.1855,
                52.2884
              ],
              [
                -4.1869,
                52.2899
              ],
              [
                -4.1844,
                52.293
              ],
              [
                -4.1733,
                52.294
              ],
              [
                -4.1699,
                52.2959
              ],
              [
                -4.1634,
                52.3074
              ],
              [
                -4.1544,
                52.3106
              ],
              [
                -4.1507,
                52.3159
              ],
              [
                -4.1411,
                52.3226
              ],
              [
                -4.1344,
                52.3351
              ],
              [
                -4.1274,
                52.3397
              ],
              [
                -4.1199,
                52.3548
              ],
              [
                -4.1183,
                52.3633
              ],
              [
                -4.1122,
                52.3698
              ],
              [
                -4.1093,
                52.3783
              ],
              [
                -4.1011,
                52.3859
              ],
              [
                -4.0942,
                52.3965
              ],
              [
                -4.0872,
                52.3987
              ],
              [
                -4.0897,
                52.4007
              ],
              [
                -4.0923,
                52.4068
              ],
              [
                -4.0908,
                52.4066
              ],
              [
                -4.0894,
                52.4093
              ],
              [
                -4.0911,
                52.4121
              ],
              [
                -4.0888,
                52.4134
              ],
              [
                -4.0899,
                52.4164
              ],
              [
                -4.087,
                52.4161
              ],
              [
                -4.0856,
                52.4177
              ],
              [
                -4.0867,
                52.4248
              ],
              [
                -4.0805,
                52.4323
              ],
              [
                -4.0832,
                52.4368
              ],
              [
                -4.0805,
                52.4477
              ],
              [
                -4.0788,
                52.4493
              ],
              [
                -4.0794,
                52.4513
              ],
              [
                -4.0766,
                52.4529
              ],
              [
                -4.0686,
                52.4697
              ],
              [
                -4.0629,
                52.4749
              ],
              [
                -4.0638,
                52.4766
              ],
              [
                -4.0527,
                52.4809
              ],
              [
                -4.0533,
                52.498
              ],
              [
                -4.0599,
                52.5234
              ],
              [
                -4.0599,
                52.5269
              ],
              [
                -4.057,
                52.5309
              ],
              [
                -4.0513,
                52.5315
              ],
              [
                -4.0506,
                52.5276
              ],
              [
                -4.0445,
                52.5254
              ],
              [
                -4.0399,
                52.5251
              ],
              [
                -4.0336,
                52.5279
              ],
              [
                -4.0205,
                52.5254
              ],
              [
                -4.0048,
                52.5323
              ],
              [
                -3.9983,
                52.5323
              ],
              [
                -3.9943,
                52.5356
              ],
              [
                -3.9866,
                52.5373
              ],
              [
                -3.9893,
                52.5389
              ],
              [
                -3.9894,
                52.5416
              ],
              [
                -3.9876,
                52.5431
              ],
              [
                -3.9811,
                52.5437
              ],
              [
                -3.9843,
                52.5441
              ],
              [
                -3.9844,
                52.5455
              ],
              [
                -3.9794,
                52.5479
              ],
              [
                -3.9798,
                52.5498
              ],
              [
                -3.9763,
                52.5501
              ],
              [
                -3.9756,
                52.547
              ],
              [
                -3.9708,
                52.5473
              ],
              [
                -3.9688,
                52.5454
              ],
              [
                -3.9649,
                52.55
              ],
              [
                -3.9553,
                52.5562
              ],
              [
                -3.9419,
                52.5584
              ],
              [
                -3.9367,
                52.5534
              ],
              [
                -3.9333,
                52.5526
              ],
              [
                -3.9273,
                52.5551
              ],
              [
                -3.9266,
                52.5608
              ],
              [
                -3.9176,
                52.5608
              ],
              [
                -3.9136,
                52.5624
              ],
              [
                -3.9086,
                52.5604
              ],
              [
                -3.899,
                52.5597
              ],
              [
                -3.862,
                52.5611
              ],
              [
                -3.8507,
                52.5572
              ],
              [
                -3.8409,
                52.5514
              ],
              [
                -3.8403,
                52.5411
              ],
              [
                -3.8395,
                52.5381
              ],
              [
                -3.8375,
                52.5369
              ],
              [
                -3.8392,
                52.5305
              ],
              [
                -3.8361,
                52.5259
              ],
              [
                -3.8444,
                52.5173
              ],
              [
                -3.844,
                52.512
              ],
              [
                -3.84,
                52.5102
              ],
              [
                -3.8415,
                52.5072
              ],
              [
                -3.8388,
                52.5043
              ],
              [
                -3.8377,
                52.498
              ],
              [
                -3.8323,
                52.4955
              ],
              [
                -3.8326,
                52.4923
              ],
              [
                -3.8265,
                52.4886
              ],
              [
                -3.8276,
                52.486
              ],
              [
                -3.8254,
                52.4837
              ],
              [
                -3.8151,
                52.4829
              ],
              [
                -3.8125,
                52.4789
              ],
              [
                -3.8098,
                52.479
              ],
              [
                -3.8023,
                52.4842
              ],
              [
                -3.7981,
                52.4845
              ],
              [
                -3.798,
                52.4877
              ],
              [
                -3.7886,
                52.4865
              ],
              [
                -3.7722,
                52.4887
              ],
              [
                -3.7701,
                52.4908
              ],
              [
                -3.7685,
                52.4955
              ],
              [
                -3.7698,
                52.4959
              ],
              [
                -3.7679,
                52.4985
              ],
              [
                -3.7648,
                52.5002
              ],
              [
                -3.7575,
                52.5007
              ],
              [
                -3.7472,
                52.5069
              ],
              [
                -3.7333,
                52.5066
              ],
              [
                -3.7303,
                52.4986
              ],
              [
                -3.7411,
                52.4955
              ],
              [
                -3.7388,
                52.4867
              ],
              [
                -3.7406,
                52.4807
              ],
              [
                -3.7448,
                52.4746
              ],
              [
                -3.7464,
                52.4732
              ],
              [
                -3.7664,
                52.4693
              ],
              [
                -3.7645,
                52.465
              ],
              [
                -3.7641,
                52.4587
              ],
              [
                -3.7677,
                52.4542
              ],
              [
                -3.7716,
                52.4422
              ],
              [
                -3.7618,
                52.4398
              ],
              [
                -3.7474,
                52.4326
              ],
              [
                -3.7392,
                52.4309
              ],
              [
                -3.7308,
                52.4254
              ],
              [
                -3.7341,
                52.4215
              ],
              [
                -3.7326,
                52.42
              ],
              [
                -3.7263,
                52.4164
              ],
              [
                -3.7121,
                52.4134
              ],
              [
                -3.7128,
                52.4109
              ],
              [
                -3.7112,
                52.408
              ],
              [
                -3.7132,
                52.4018
              ],
              [
                -3.7072,
                52.4004
              ],
              [
                -3.7105,
                52.3935
              ],
              [
                -3.7037,
                52.389
              ],
              [
                -3.7012,
                52.3772
              ],
              [
                -3.6959,
                52.3711
              ],
              [
                -3.6956,
                52.3679
              ],
              [
                -3.6972,
                52.3669
              ],
              [
                -3.6855,
                52.3682
              ],
              [
                -3.6774,
                52.3622
              ],
              [
                -3.6668,
                52.3582
              ],
              [
                -3.6683,
                52.3566
              ],
              [
                -3.6644,
                52.3548
              ],
              [
                -3.6621,
                52.3499
              ],
              [
                -3.6582,
                52.3476
              ],
              [
                -3.679,
                52.3432
              ],
              [
                -3.6806,
                52.3411
              ],
              [
                -3.688,
                52.3397
              ],
              [
                -3.7051,
                52.3415
              ],
              [
                -3.7343,
                52.3253
              ],
              [
                -3.745,
                52.3176
              ],
              [
                -3.7428,
                52.3154
              ],
              [
                -3.7432,
                52.3134
              ],
              [
                -3.7295,
                52.3089
              ],
              [
                -3.7293,
                52.3065
              ],
              [
                -3.7277,
                52.3058
              ],
              [
                -3.7261,
                52.2993
              ],
              [
                -3.7309,
                52.2961
              ],
              [
                -3.7299,
                52.2952
              ],
              [
                -3.7319,
                52.2943
              ],
              [
                -3.731,
                52.2935
              ],
              [
                -3.7333,
                52.292
              ],
              [
                -3.7331,
                52.2903
              ],
              [
                -3.7298,
                52.2881
              ],
              [
                -3.7242,
                52.288
              ],
              [
                -3.7154,
                52.2821
              ],
              [
                -3.7072,
                52.2741
              ],
              [
                -3.7199,
                52.2733
              ],
              [
                -3.7229,
                52.2703
              ],
              [
                -3.7316,
                52.2715
              ],
              [
                -3.7372,
                52.266
              ],
              [
                -3.7444,
                52.2649
              ],
              [
                -3.7432,
                52.2626
              ],
              [
                -3.7452,
                52.2585
              ],
              [
                -3.7534,
                52.2518
              ],
              [
                -3.7442,
                52.2463
              ],
              [
                -3.7492,
                52.241
              ],
              [
                -3.7476,
                52.2371
              ],
              [
                -3.7499,
                52.2336
              ],
              [
                -3.7447,
                52.2324
              ],
              [
                -3.7428,
                52.2289
              ],
              [
                -3.7505,
                52.2173
              ],
              [
                -3.7505,
                52.2148
              ],
              [
                -3.746,
                52.2107
              ],
              [
                -3.7523,
                52.1976
              ],
              [
                -3.7458,
                52.192
              ],
              [
                -3.7503,
                52.1875
              ],
              [
                -3.7498,
                52.1834
              ],
              [
                -3.7515,
                52.1814
              ],
              [
                -3.7486,
                52.1728
              ],
              [
                -3.7508,
                52.165
              ],
              [
                -3.7472,
                52.1606
              ],
              [
                -3.7482,
                52.156
              ],
              [
                -3.7457,
                52.154
              ],
              [
                -3.7462,
                52.148
              ],
              [
                -3.7439,
                52.1466
              ],
              [
                -3.7421,
                52.1393
              ],
              [
                -3.7456,
                52.1358
              ],
              [
                -3.7577,
                52.1301
              ],
              [
                -3.7584,
                52.1279
              ],
              [
                -3.7646,
                52.1241
              ],
              [
                -3.7657,
                52.1182
              ],
              [
                -3.7741,
                52.1166
              ],
              [
                -3.7741,
                52.1093
              ],
              [
                -3.7765,
                52.1069
              ],
              [
                -3.7833,
                52.1076
              ],
              [
                -3.7861,
                52.1046
              ],
              [
                -3.7879,
                52.1082
              ],
              [
                -3.797,
                52.1109
              ],
              [
                -3.7954,
                52.1125
              ],
              [
                -3.7981,
                52.1141
              ],
              [
                -3.7944,
                52.1171
              ],
              [
                -3.8002,
                52.1162
              ],
              [
                -3.8046,
                52.1186
              ],
              [
                -3.8063,
                52.1217
              ],
              [
                -3.8121,
                52.1205
              ],
              [
                -3.8163,
                52.1232
              ],
              [
                -3.8228,
                52.1243
              ],
              [
                -3.8305,
                52.1293
              ],
              [
                -3.8309,
                52.1317
              ],
              [
                -3.8373,
                52.1321
              ],
              [
                -3.8422,
                52.1356
              ],
              [
                -3.8601,
                52.1422
              ],
              [
                -3.8718,
                52.1411
              ],
              [
                -3.8758,
                52.1392
              ],
              [
                -3.8757,
                52.1365
              ],
              [
                -3.8863,
                52.1328
              ],
              [
                -3.8903,
                52.1278
              ],
              [
                -3.8989,
                52.1241
              ],
              [
                -3.8978,
                52.1222
              ],
              [
                -3.9043,
                52.1228
              ],
              [
                -3.906,
                52.1223
              ],
              [
                -3.9067,
                52.1198
              ],
              [
                -3.9175,
                52.1271
              ],
              [
                -3.926,
                52.1289
              ],
              [
                -3.931,
                52.1274
              ],
              [
                -3.9297,
                52.1296
              ],
              [
                -3.9308,
                52.131
              ],
              [
                -3.9405,
                52.1384
              ],
              [
                -3.9696,
                52.123
              ],
              [
                -3.9737,
                52.1176
              ],
              [
                -3.9761,
                52.1189
              ],
              [
                -3.9786,
                52.1143
              ],
              [
                -3.9843,
                52.1122
              ],
              [
                -3.9958,
                52.1119
              ],
              [
                -3.9967,
                52.1081
              ],
              [
                -4.0003,
                52.1043
              ],
              [
                -4.0094,
                52.0993
              ],
              [
                -4.0181,
                52.0971
              ],
              [
                -4.0261,
                52.0981
              ],
              [
                -4.0399,
                52.1075
              ],
              [
                -4.0448,
                52.1083
              ],
              [
                -4.0438,
                52.1088
              ],
              [
                -4.0469,
                52.111
              ],
              [
                -4.0522,
                52.111
              ],
              [
                -4.0581,
                52.1139
              ],
              [
                -4.0608,
                52.1127
              ],
              [
                -4.0595,
                52.1116
              ],
              [
                -4.0654,
                52.1103
              ],
              [
                -4.07,
                52.107
              ],
              [
                -4.0708,
                52.1086
              ],
              [
                -4.0788,
                52.1086
              ],
              [
                -4.0753,
                52.1066
              ],
              [
                -4.0831,
                52.1049
              ],
              [
                -4.0817,
                52.1028
              ],
              [
                -4.0847,
                52.1031
              ],
              [
                -4.084,
                52.1055
              ],
              [
                -4.0878,
                52.1052
              ],
              [
                -4.0928,
                52.1025
              ],
              [
                -4.091,
                52.1011
              ],
              [
                -4.092,
                52.0996
              ],
              [
                -4.0947,
                52.1008
              ],
              [
                -4.0998,
                52.098
              ],
              [
                -4.1001,
                52.0961
              ],
              [
                -4.1033,
                52.0978
              ],
              [
                -4.1058,
                52.0959
              ],
              [
                -4.1179,
                52.0969
              ],
              [
                -4.1195,
                52.0961
              ],
              [
                -4.1178,
                52.0933
              ],
              [
                -4.1189,
                52.0923
              ],
              [
                -4.1243,
                52.0933
              ],
              [
                -4.127,
                52.0911
              ],
              [
                -4.1285,
                52.0915
              ],
              [
                -4.1288,
                52.0937
              ],
              [
                -4.1349,
                52.0957
              ],
              [
                -4.144,
                52.0943
              ],
              [
                -4.1545,
                52.0864
              ],
              [
                -4.1588,
                52.0869
              ],
              [
                -4.1562,
                52.0836
              ],
              [
                -4.1473,
                52.0819
              ],
              [
                -4.1473,
                52.0808
              ],
              [
                -4.153,
                52.0794
              ],
              [
                -4.1586,
                52.0812
              ],
              [
                -4.1613,
                52.0758
              ],
              [
                -4.1664,
                52.0745
              ],
              [
                -4.1617,
                52.0715
              ],
              [
                -4.1642,
                52.0682
              ],
              [
                -4.1715,
                52.0677
              ],
              [
                -4.172,
                52.0651
              ],
              [
                -4.1739,
                52.0641
              ],
              [
                -4.1806,
                52.0639
              ],
              [
                -4.1802,
                52.0621
              ],
              [
                -4.1826,
                52.0634
              ],
              [
                -4.1849,
                52.061
              ],
              [
                -4.1915,
                52.0593
              ],
              [
                -4.1952,
                52.0601
              ],
              [
                -4.1968,
                52.0649
              ],
              [
                -4.2058,
                52.0626
              ],
              [
                -4.2043,
                52.0608
              ],
              [
                -4.2069,
                52.0575
              ],
              [
                -4.2132,
                52.0579
              ],
              [
                -4.2142,
                52.0512
              ],
              [
                -4.2194,
                52.0517
              ],
              [
                -4.2218,
                52.0486
              ],
              [
                -4.2256,
                52.0498
              ],
              [
                -4.2302,
                52.0484
              ],
              [
                -4.2296,
                52.0434
              ],
              [
                -4.2312,
                52.0412
              ],
              [
                -4.2299,
                52.0399
              ],
              [
                -4.2342,
                52.0383
              ],
              [
                -4.2409,
                52.041
              ],
              [
                -4.2463,
                52.038
              ],
              [
                -4.2512,
                52.0394
              ],
              [
                -4.255,
                52.0377
              ],
              [
                -4.2604,
                52.0397
              ],
              [
                -4.2641,
                52.038
              ],
              [
                -4.2721,
                52.0403
              ],
              [
                -4.2734,
                52.0398
              ],
              [
                -4.2727,
                52.0381
              ],
              [
                -4.2749,
                52.0381
              ],
              [
                -4.2908,
                52.0439
              ],
              [
                -4.29,
                52.0469
              ],
              [
                -4.2854,
                52.0502
              ],
              [
                -4.2871,
                52.0521
              ],
              [
                -4.2983,
                52.0522
              ],
              [
                -4.3011,
                52.0516
              ],
              [
                -4.3033,
                52.0463
              ],
              [
                -4.3059,
                52.0454
              ],
              [
                -4.3065,
                52.0427
              ],
              [
                -4.3043,
                52.0398
              ],
              [
                -4.3055,
                52.0387
              ],
              [
                -4.3104,
                52.0393
              ],
              [
                -4.3164,
                52.0372
              ],
              [
                -4.3302,
                52.0376
              ],
              [
                -4.3326,
                52.0414
              ],
              [
                -4.3346,
                52.0414
              ],
              [
                -4.3382,
                52.0322
              ],
              [
                -4.3464,
                52.031
              ],
              [
                -4.3506,
                52.0268
              ],
              [
                -4.3567,
                52.0287
              ],
              [
                -4.3658,
                52.0286
              ],
              [
                -4.3635,
                52.0328
              ],
              [
                -4.3653,
                52.0346
              ],
              [
                -4.3739,
                52.0371
              ],
              [
                -4.3814,
                52.0367
              ],
              [
                -4.3849,
                52.04
              ],
              [
                -4.3881,
                52.0374
              ],
              [
                -4.3985,
                52.0346
              ],
              [
                -4.4019,
                52.0351
              ],
              [
                -4.4023,
                52.0388
              ],
              [
                -4.4105,
                52.0385
              ],
              [
                -4.4111,
                52.0418
              ],
              [
                -4.4196,
                52.0383
              ],
              [
                -4.4352,
                52.0436
              ],
              [
                -4.4445,
                52.042
              ]
            ]
          ],
          [
            [
              [
                -4.6882,
                52.1341
              ],
              [
                -4.6859,
                52.132
              ],
              [
                -4.6883,
                52.1302
              ],
              [
                -4.6972,
                52.1311
              ],
              [
                -4.6909,
                52.132
              ],
              [
                -4.6882,
                52.1341
              ]
            ]
          ],
          [
            [
              [
                -4.0557,
                52.532
              ],
              [
                -4.0577,
                52.5322
              ],
              [
                -4.0571,
                52.5342
              ],
              [
                -4.0479,
                52.5381
              ],
              [
                -4.0557,
                52.532
              ]
            ]
          ]
        ]
      },
      "properties": {
        "name": "Ceredigion",
        "code": "GB.CG",
        "slug": "ceredigion"
      }
    },
    {
      "type": "Feature",
      "geometry": {
        "type": "MultiPolygon",
        "coordinates": [
          [
            [
              [
                -3.501,
                53.3072
              ],
              [
                -3.5011,
                53.3074
              ],
              [
                -3.5007,
                53.3071
              ],
              [
                -3.5009,
                53.3071
              ],
              [
                -3.501,
                53.3072
              ]
            ]
          ],
          [
            [
              [
                -3.5027,
                53.308
              ],
              [
                -3.5027,
                53.3082
              ],
              [
                -3.5022,
                53.308
              ],
              [
                -3.5027,
                53.308
              ]
            ]
          ],
          [
            [
              [
                -3.5038,
                53.3086
              ],
              [
                -3.5038,
                53.3087
              ],
              [
                -3.5033,
                53.3085
              ],
              [
                -3.5036,
                53.3085
              ],
              [
                -3.5038,
                53.3086
              ]
            ]
          ],
          [
            [
              [
                -3.684,
                52.9868
              ],
              [
                -3.7041,
                52.9868
              ],
              [
                -3.7353,
                52.9799
              ],
              [
                -3.7499,
                52.9743
              ],
              [
                -3.7697,
                52.9593
              ],
              [
                -3.798,
                52.9546
              ],
              [
                -3.8015,
                52.9515
              ],
              [
                -3.8132,
                52.9494
              ],
              [
                -3.8287,
                52.9538
              ],
              [
                -3.8326,
                52.9577
              ],
              [
                -3.8337,
                52.9621
              ],
              [
                -3.841,
                52.9623
              ],
              [
                -3.8419,
                52.9667
              ],
              [
                -3.8497,
                52.9745
              ],
              [
                -3.8494,
                52.9773
              ],
              [
                -3.8795,
                52.9893
              ],
              [
                -3.8841,
                52.9927
              ],
              [
                -3.8929,
                52.9953
              ],
              [
                -3.8966,
                52.9949
              ],
              [
                -3.8922,
                53.0012
              ],
              [
                -3.8926,
                53.0061
              ],
              [
                -3.8878,
                53.0116
              ],
              [
                -3.8957,
                53.013
              ],
              [
                -3.8976,
                53.0146
              ],
              [
                -3.8989,
                53.0206
              ],
              [
                -3.915,
                53.0226
              ],
              [
                -3.9172,
                53.0201
              ],
              [
                -3.9244,
                53.0202
              ],
              [
                -3.9314,
                53.0173
              ],
              [
                -3.9405,
                53.0184
              ],
              [
                -3.947,
                53.015
              ],
              [
                -3.9509,
                53.0151
              ],
              [
                -3.9633,
                53.0108
              ],
              [
                -3.9854,
                53.0107
              ],
              [
                -3.9867,
                53.0131
              ],
              [
                -3.9916,
                53.014
              ],
              [
                -3.9935,
                53.0215
              ],
              [
                -3.9898,
                53.0269
              ],
              [
                -3.993,
                53.0293
              ],
              [
                -3.9972,
                53.0377
              ],
              [
                -3.9934,
                53.042
              ],
              [
                -3.9929,
                53.0502
              ],
              [
                -3.9786,
                53.0613
              ],
              [
                -3.9771,
                53.0689
              ],
              [
                -3.9863,
                53.0756
              ],
              [
                -3.9913,
                53.0765
              ],
              [
                -3.9895,
                53.0817
              ],
              [
                -3.9867,
                53.0842
              ],
              [
                -3.9963,
                53.0829
              ],
              [
                -3.9978,
                53.0849
              ],
              [
                -4.0034,
                53.0852
              ],
              [
                -4.0094,
                53.0895
              ],
              [
                -4.0136,
                53.0897
              ],
              [
                -4.0122,
                53.0966
              ],
              [
                -4.0141,
                53.1006
              ],
              [
                -4.0162,
                53.1016
              ],
              [
                -4.0141,
                53.1036
              ],
              [
                -4.0171,
                53.1046
              ],
              [
                -4.0213,
                53.1022
              ],
              [
                -4.0291,
                53.1015
              ],
              [
                -4.0313,
                53.1056
              ],
              [
                -4.0265,
                53.1131
              ],
              [
                -4.0271,
                53.1141
              ],
              [
                -4.0245,
                53.1148
              ],
              [
                -4.0235,
                53.1184
              ],
              [
                -4.0186,
                53.1224
              ],
              [
                -4.021,
                53.1246
              ],
              [
                -4.017,
                53.1231
              ],
              [
                -4.0063,
                53.122
              ],
              [
                -3.9988,
                53.123
              ],
              [
                -3.9955,
                53.125
              ],
              [
                -3.9983,
                53.1268
              ],
              [
                -4.0087,
                53.1244
              ],
              [
                -4.0201,
                53.1248
              ],
              [
                -4.0079,
                53.1438
              ],
              [
                -3.9915,
                53.1545
              ],
              [
                -3.9703,
                53.1602
              ],
              [
                -3.9633,
                53.1738
              ],
              [
                -3.965,
                53.1834
              ],
              [
                -3.9511,
                53.1956
              ],
              [
                -3.9429,
                53.1973
              ],
              [
                -3.939,
                53.2001
              ],
              [
                -3.9355,
                53.2074
              ],
              [
                -3.9353,
                53.2149
              ],
              [
                -3.9404,
                53.2189
              ],
              [
                -3.9473,
                53.2197
              ],
              [
                -3.9794,
                53.2319
              ],
              [
                -3.9823,
                53.2336
              ],
              [
                -3.9852,
                53.2383
              ],
              [
                -3.99,
                53.2399
              ],
              [
                -3.9982,
                53.2484
              ],
              [
                -4.0042,
                53.245
              ],
              [
                -4.008,
                53.2476
              ],
              [
                -4.0011,
                53.2493
              ],
              [
                -4.0027,
                53.2513
              ],
              [
                -4.0009,
                53.2534
              ],
              [
                -3.9872,
                53.2568
              ],
              [
                -3.9833,
                53.2584
              ],
              [
                -3.9837,
                53.2601
              ],
              [
                -3.9783,
                53.2598
              ],
              [
                -3.9536,
                53.267
              ],
              [
                -3.9311,
                53.2695
              ],
              [
                -3.9127,
                53.2759
              ],
              [
                -3.8815,
                53.2901
              ],
              [
                -3.8698,
                53.2865
              ],
              [
                -3.8583,
                53.2906
              ],
              [
                -3.8469,
                53.297
              ],
              [
                -3.8418,
                53.2962
              ],
              [
                -3.8336,
                53.2898
              ],
              [
                -3.8338,
                53.2885
              ],
              [
                -3.83,
                53.2871
              ],
              [
                -3.8299,
                53.2847
              ],
              [
                -3.8265,
                53.2816
              ],
              [
                -3.8245,
                53.2823
              ],
              [
                -3.8292,
                53.2861
              ],
              [
                -3.8242,
                53.2847
              ],
              [
                -3.8283,
                53.2902
              ],
              [
                -3.8326,
                53.2939
              ],
              [
                -3.8389,
                53.2964
              ],
              [
                -3.8388,
                53.3013
              ],
              [
                -3.8438,
                53.3087
              ],
              [
                -3.8444,
                53.3194
              ],
              [
                -3.8511,
                53.3232
              ],
              [
                -3.8576,
                53.3244
              ],
              [
                -3.8644,
                53.3288
              ],
              [
                -3.8786,
                53.3325
              ],
              [
                -3.8796,
                53.3389
              ],
              [
                -3.8687,
                53.3432
              ],
              [
                -3.8536,
                53.3415
              ],
              [
                -3.8426,
                53.3379
              ],
              [
                -3.8322,
                53.3377
              ],
              [
                -3.8317,
                53.3331
              ],
              [
                -3.8278,
                53.3296
              ],
              [
                -3.8295,
                53.3262
              ],
              [
                -3.8189,
                53.3231
              ],
              [
                -3.8083,
                53.3226
              ],
              [
                -3.787,
                53.326
              ],
              [
                -3.7787,
                53.329
              ],
              [
                -3.7752,
                53.3283
              ],
              [
                -3.7634,
                53.3187
              ],
              [
                -3.7396,
                53.3148
              ],
              [
                -3.7378,
                53.3121
              ],
              [
                -3.7389,
                53.3048
              ],
              [
                -3.7328,
                53.3004
              ],
              [
                -3.7212,
                53.2959
              ],
              [
                -3.7095,
                53.294
              ],
              [
                -3.6955,
                53.2931
              ],
              [
                -3.68,
                53.2948
              ],
              [
                -3.6544,
                53.2926
              ],
              [
                -3.6331,
                53.2948
              ],
              [
                -3.6274,
                53.2931
              ],
              [
                -3.6278,
                53.2918
              ],
              [
                -3.6099,
                53.2904
              ],
              [
                -3.5744,
                53.2976
              ],
              [
                -3.5381,
                53.3095
              ],
              [
                -3.5327,
                53.3101
              ],
              [
                -3.5187,
                53.3159
              ],
              [
                -3.509,
                53.317
              ],
              [
                -3.5084,
                53.3148
              ],
              [
                -3.5106,
                53.3135
              ],
              [
                -3.5095,
                53.3118
              ],
              [
                -3.4968,
                53.3022
              ],
              [
                -3.4982,
                53.2991
              ],
              [
                -3.502,
                53.2985
              ],
              [
                -3.5035,
                53.3
              ],
              [
                -3.5067,
                53.2987
              ],
              [
                -3.5063,
                53.2962
              ],
              [
                -3.5043,
                53.2959
              ],
              [
                -3.5065,
                53.2932
              ],
              [
                -3.5052,
                53.2912
              ],
              [
                -3.5125,
                53.2903
              ],
              [
                -3.5109,
                53.2858
              ],
              [
                -3.5175,
                53.2855
              ],
              [
                -3.5219,
                53.2834
              ],
              [
                -3.5263,
                53.2736
              ],
              [
                -3.525,
                53.2721
              ],
              [
                -3.5264,
                53.2668
              ],
              [
                -3.5185,
                53.2631
              ],
              [
                -3.5204,
                53.2604
              ],
              [
                -3.5182,
                53.2589
              ],
              [
                -3.5183,
                53.2564
              ],
              [
                -3.525,
                53.257
              ],
              [
                -3.5299,
                53.2549
              ],
              [
                -3.5273,
                53.2542
              ],
              [
                -3.5304,
                53.2514
              ],
              [
                -3.5333,
                53.2518
              ],
              [
                -3.5331,
                53.2489
              ],
              [
                -3.5288,
                53.2451
              ],
              [
                -3.5363,
                53.2449
              ],
              [
                -3.545,
                53.2421
              ],
              [
                -3.5487,
                53.2433
              ],
              [
                -3.5474,
                53.2405
              ],
              [
                -3.5556,
                53.2368
              ],
              [
                -3.5617,
                53.2404
              ],
              [
                -3.5656,
                53.2406
              ],
              [
                -3.5685,
                53.2382
              ],
              [
                -3.5675,
                53.236
              ],
              [
                -3.5707,
                53.2335
              ],
              [
                -3.5679,
                53.2304
              ],
              [
                -3.5693,
                53.2251
              ],
              [
                -3.5712,
                53.2235
              ],
              [
                -3.5662,
                53.2226
              ],
              [
                -3.5663,
                53.2205
              ],
              [
                -3.5619,
                53.2179
              ],
              [
                -3.5599,
                53.2185
              ],
              [
                -3.5594,
                53.2168
              ],
              [
                -3.5611,
                53.2144
              ],
              [
                -3.5589,
                53.2062
              ],
              [
                -3.5733,
                53.2063
              ],
              [
                -3.5741,
                53.2032
              ],
              [
                -3.5763,
                53.2025
              ],
              [
                -3.5836,
                53.2039
              ],
              [
                -3.5915,
                53.2022
              ],
              [
                -3.5897,
                53.1997
              ],
              [
                -3.5949,
                53.1969
              ],
              [
                -3.5961,
                53.1932
              ],
              [
                -3.5995,
                53.1912
              ],
              [
                -3.6104,
                53.1909
              ],
              [
                -3.6153,
                53.1878
              ],
              [
                -3.624,
                53.1778
              ],
              [
                -3.629,
                53.181
              ],
              [
                -3.642,
                53.1826
              ],
              [
                -3.6395,
                53.1802
              ],
              [
                -3.6382,
                53.1733
              ],
              [
                -3.636,
                53.1722
              ],
              [
                -3.6375,
                53.1696
              ],
              [
                -3.636,
                53.1683
              ],
              [
                -3.6534,
                53.1587
              ],
              [
                -3.6526,
                53.1578
              ],
              [
                -3.6542,
                53.1559
              ],
              [
                -3.6494,
                53.1534
              ],
              [
                -3.6478,
                53.1468
              ],
              [
                -3.6532,
                53.1379
              ],
              [
                -3.6526,
                53.1337
              ],
              [
                -3.6507,
                53.1323
              ],
              [
                -3.6554,
                53.1163
              ],
              [
                -3.6547,
                53.108
              ],
              [
                -3.6542,
                53.1062
              ],
              [
                -3.6441,
                53.1067
              ],
              [
                -3.6354,
                53.1024
              ],
              [
                -3.6368,
                53.0986
              ],
              [
                -3.6355,
                53.0961
              ],
              [
                -3.6306,
                53.0939
              ],
              [
                -3.6263,
                53.0928
              ],
              [
                -3.6193,
                53.0941
              ],
              [
                -3.6113,
                53.0902
              ],
              [
                -3.6001,
                53.0922
              ],
              [
                -3.5995,
                53.0912
              ],
              [
                -3.6018,
                53.0894
              ],
              [
                -3.6015,
                53.0849
              ],
              [
                -3.5969,
                53.08
              ],
              [
                -3.5931,
                53.0785
              ],
              [
                -3.5778,
                53.0871
              ],
              [
                -3.5657,
                53.0914
              ],
              [
                -3.5649,
                53.0947
              ],
              [
                -3.5599,
                53.0928
              ],
              [
                -3.5547,
                53.0932
              ],
              [
                -3.5519,
                53.0893
              ],
              [
                -3.5157,
                53.0898
              ],
              [
                -3.5101,
                53.081
              ],
              [
                -3.5116,
                53.0783
              ],
              [
                -3.5099,
                53.0764
              ],
              [
                -3.5005,
                53.082
              ],
              [
                -3.4869,
                53.084
              ],
              [
                -3.4833,
                53.074
              ],
              [
                -3.4869,
                53.0659
              ],
              [
                -3.4652,
                53.0531
              ],
              [
                -3.4626,
                53.0462
              ],
              [
                -3.4778,
                53.0432
              ],
              [
                -3.4851,
                53.0434
              ],
              [
                -3.4889,
                53.0407
              ],
              [
                -3.4897,
                53.0379
              ],
              [
                -3.4829,
                53.032
              ],
              [
                -3.4856,
                53.0305
              ],
              [
                -3.485,
                53.0277
              ],
              [
                -3.4763,
                53.0264
              ],
              [
                -3.4785,
                53.0233
              ],
              [
                -3.4781,
                53.0214
              ],
              [
                -3.4812,
                53.0185
              ],
              [
                -3.4752,
                53.018
              ],
              [
                -3.4714,
                53.015
              ],
              [
                -3.4713,
                53.0129
              ],
              [
                -3.4674,
                53.0103
              ],
              [
                -3.4633,
                53.0101
              ],
              [
                -3.4653,
                53.0081
              ],
              [
                -3.4609,
                53.0047
              ],
              [
                -3.4642,
                53.003
              ],
              [
                -3.4596,
                52.9991
              ],
              [
                -3.4546,
                52.9979
              ],
              [
                -3.4576,
                52.995
              ],
              [
                -3.456,
                52.993
              ],
              [
                -3.4575,
                52.9917
              ],
              [
                -3.4546,
                52.9876
              ],
              [
                -3.4573,
                52.9876
              ],
              [
                -3.458,
                52.9849
              ],
              [
                -3.472,
                52.9784
              ],
              [
                -3.483,
                52.9695
              ],
              [
                -3.49,
                52.9717
              ],
              [
                -3.5045,
                52.9654
              ],
              [
                -3.5082,
                52.9661
              ],
              [
                -3.5081,
                52.9695
              ],
              [
                -3.5154,
                52.9686
              ],
              [
                -3.5338,
                52.9737
              ],
              [
                -3.5441,
                52.9683
              ],
              [
                -3.5518,
                52.9691
              ],
              [
                -3.5593,
                52.9677
              ],
              [
                -3.5703,
                52.9699
              ],
              [
                -3.583,
                52.9675
              ],
              [
                -3.591,
                52.971
              ],
              [
                -3.5963,
                52.9778
              ],
              [
                -3.6002,
                52.986
              ],
              [
                -3.5996,
                52.9891
              ],
              [
                -3.6031,
                52.9896
              ],
              [
                -3.6011,
                52.9912
              ],
              [
                -3.6023,
                52.9935
              ],
              [
                -3.6072,
                52.9967
              ],
              [
                -3.6108,
                52.996
              ],
              [
                -3.6037,
                53.0024
              ],
              [
                -3.5996,
                53.0099
              ],
              [
                -3.5996,
                53.0117
              ],
              [
                -3.6068,
                53.0121
              ],
              [
                -3.6153,
                53.0114
              ],
              [
                -3.6182,
                53.0097
              ],
              [
                -3.6205,
                53.0104
              ],
              [
                -3.6291,
                53.0072
              ],
              [
                -3.6351,
                53.0077
              ],
              [
                -3.649,
                53.0004
              ],
              [
                -3.6596,
                52.9969
              ],
              [
                -3.6729,
                52.9971
              ],
              [
                -3.6782,
                52.9935
              ],
              [
                -3.684,
                52.9868
              ]
            ]
          ],
          [
            [
              [
                -3.5075,
                53.3151
              ],
              [
                -3.5076,
                53.315
              ],
              [
                -3.5077,
                53.315
              ],
              [
                -3.5075,
                53.3151
              ]
            ]
          ],
          [
            [
              [
                -3.507,
                53.3153
              ],
              [
                -3.507,
                53.3154
              ],
              [
                -3.5067,
                53.3154
              ],
              [
                -3.5072,
                53.3152
              ],
              [
                -3.507,
                53.3153
              ]
            ]
          ],
          [
            [
              [
                -3.5066,
                53.3156
              ],
              [
                -3.5064,
                53.3156
              ],
              [
                -3.5061,
                53.3156
              ],
              [
                -3.5066,
                53.3154
              ],
              [
                -3.5066,
                53.3156
              ]
            ]
          ],
          [
            [
              [
                -3.506,
                53.3158
              ],
              [
                -3.5059,
                53.3159
              ],
              [
                -3.5057,
                53.3159
              ],
              [
                -3.5061,
                53.3157
              ],
              [
                -3.506,
                53.3158
              ]
            ]
          ],
          [
            [
              [
                -3.781,
                53.3285
              ],
              [
                -3.7811,
                53.3285
              ],
              [
                -3.781,
                53.3286
              ],
              [
                -3.781,
                53.3285
              ]
            ]
          ]
        ]
      },
      "properties": {
        "name": "Conwy",
        "code": "GB.CW",
        "slug": "conwy"
      }
    },
    {
      "type": "Feature",
      "geometry": {
        "type": "MultiPolygon",
        "coordinates": [
          [
            [
              [
                -3.131,
                53.0728
              ],
              [
                -3.137,
                53.0735
              ],
              [
                -3.1412,
                53.0764
              ],
              [
                -3.1399,
                53.0796
              ],
              [
                -3.1425,
                53.0837
              ],
              [
                -3.1461,
                53.0847
              ],
              [
                -3.1483,
                53.0913
              ],
              [
                -3.1518,
                53.093
              ],
              [
                -3.1459,
                53.1039
              ],
              [
                -3.1634,
                53.1058
              ],
              [
                -3.1699,
                53.1083
              ],
              [
                -3.1768,
                53.1161
              ],
              [
                -3.1758,
                53.1234
              ],
              [
                -3.1791,
                53.1271
              ],
              [
                -3.1829,
                53.1353
              ],
              [
                -3.1821,
                53.1361
              ],
              [
                -3.1859,
                53.142
              ],
              [
                -3.1813,
                53.1462
              ],
              [
                -3.1842,
                53.1487
              ],
              [
                -3.1823,
                53.154
              ],
              [
                -3.1943,
                53.1551
              ],
              [
                -3.1958,
                53.1555
              ],
              [
                -3.1962,
                53.1587
              ],
              [
                -3.202,
                53.1582
              ],
              [
                -3.2082,
                53.1598
              ],
              [
                -3.2139,
                53.1553
              ],
              [
                -3.2256,
                53.1531
              ],
              [
                -3.2303,
                53.1548
              ],
              [
                -3.2364,
                53.1543
              ],
              [
                -3.2442,
                53.1523
              ],
              [
                -3.2712,
                53.1575
              ],
              [
                -3.2711,
                53.1616
              ],
              [
                -3.2727,
                53.1636
              ],
              [
                -3.281,
                53.1686
              ],
              [
                -3.2781,
                53.1724
              ],
              [
                -3.2793,
                53.1762
              ],
              [
                -3.276,
                53.1774
              ],
              [
                -3.2752,
                53.1794
              ],
              [
                -3.2904,
                53.1919
              ],
              [
                -3.2964,
                53.1923
              ],
              [
                -3.3077,
                53.1977
              ],
              [
                -3.311,
                53.2007
              ],
              [
                -3.3055,
                53.205
              ],
              [
                -3.3042,
                53.208
              ],
              [
                -3.3072,
                53.2085
              ],
              [
                -3.3091,
                53.2067
              ],
              [
                -3.3171,
                53.21
              ],
              [
                -3.3192,
                53.2167
              ],
              [
                -3.3224,
                53.2204
              ],
              [
                -3.3169,
                53.2215
              ],
              [
                -3.3073,
                53.2283
              ],
              [
                -3.3082,
                53.2293
              ],
              [
                -3.3044,
                53.2329
              ],
              [
                -3.3112,
                53.2329
              ],
              [
                -3.3115,
                53.2352
              ],
              [
                -3.3156,
                53.2358
              ],
              [
                -3.3338,
                53.2367
              ],
              [
                -3.3329,
                53.2392
              ],
              [
                -3.343,
                53.2468
              ],
              [
                -3.3491,
                53.2495
              ],
              [
                -3.3493,
                53.2515
              ],
              [
                -3.3618,
                53.2531
              ],
              [
                -3.3296,
                53.2734
              ],
              [
                -3.3349,
                53.2766
              ],
              [
                -3.3427,
                53.2781
              ],
              [
                -3.3474,
                53.2816
              ],
              [
                -3.354,
                53.2819
              ],
              [
                -3.357,
                53.2839
              ],
              [
                -3.3584,
                53.2881
              ],
              [
                -3.3559,
                53.2908
              ],
              [
                -3.356,
                53.2973
              ],
              [
                -3.362,
                53.2981
              ],
              [
                -3.3623,
                53.2945
              ],
              [
                -3.3751,
                53.2917
              ],
              [
                -3.3767,
                53.2924
              ],
              [
                -3.3757,
                53.2936
              ],
              [
                -3.3766,
                53.2957
              ],
              [
                -3.3789,
                53.2947
              ],
              [
                -3.3818,
                53.2976
              ],
              [
                -3.3822,
                53.301
              ],
              [
                -3.3873,
                53.3001
              ],
              [
                -3.3943,
                53.3017
              ],
              [
                -3.3931,
                53.3044
              ],
              [
                -3.394,
                53.3058
              ],
              [
                -3.3896,
                53.3061
              ],
              [
                -3.3909,
                53.3085
              ],
              [
                -3.3871,
                53.3088
              ],
              [
                -3.3872,
                53.3106
              ],
              [
                -3.3804,
                53.3139
              ],
              [
                -3.3813,
                53.3158
              ],
              [
                -3.3883,
                53.3146
              ],
              [
                -3.3935,
                53.3131
              ],
              [
                -3.3924,
                53.3114
              ],
              [
                -3.3981,
                53.31
              ],
              [
                -3.4006,
                53.3138
              ],
              [
                -3.3994,
                53.3157
              ],
              [
                -3.4003,
                53.3177
              ],
              [
                -3.3971,
                53.3193
              ],
              [
                -3.3969,
                53.3223
              ],
              [
                -3.3937,
                53.3268
              ],
              [
                -3.3918,
                53.3271
              ],
              [
                -3.3898,
                53.3245
              ],
              [
                -3.3902,
                53.3228
              ],
              [
                -3.3762,
                53.3277
              ],
              [
                -3.3753,
                53.3299
              ],
              [
                -3.3769,
                53.3323
              ],
              [
                -3.3728,
                53.3331
              ],
              [
                -3.3714,
                53.335
              ],
              [
                -3.3691,
                53.3342
              ],
              [
                -3.3668,
                53.3383
              ],
              [
                -3.369,
                53.3456
              ],
              [
                -3.3607,
                53.3466
              ],
              [
                -3.3627,
                53.3506
              ],
              [
                -3.3549,
                53.3506
              ],
              [
                -3.3464,
                53.3534
              ],
              [
                -3.3231,
                53.3568
              ],
              [
                -3.3108,
                53.3548
              ],
              [
                -3.3096,
                53.3536
              ],
              [
                -3.3128,
                53.3538
              ],
              [
                -3.3123,
                53.3504
              ],
              [
                -3.3134,
                53.3501
              ],
              [
                -3.3117,
                53.3482
              ],
              [
                -3.3134,
                53.3468
              ],
              [
                -3.3096,
                53.3453
              ],
              [
                -3.3095,
                53.3433
              ],
              [
                -3.3123,
                53.3423
              ],
              [
                -3.3095,
                53.3432
              ],
              [
                -3.3063,
                53.3417
              ],
              [
                -3.3067,
                53.3404
              ],
              [
                -3.3045,
                53.3397
              ],
              [
                -3.3039,
                53.3362
              ],
              [
                -3.3017,
                53.334
              ],
              [
                -3.2765,
                53.3212
              ],
              [
                -3.2623,
                53.3195
              ],
              [
                -3.259,
                53.3184
              ],
              [
                -3.2578,
                53.3145
              ],
              [
                -3.2463,
                53.312
              ],
              [
                -3.2363,
                53.3081
              ],
              [
                -3.2328,
                53.3048
              ],
              [
                -3.2035,
                53.2953
              ],
              [
                -3.1863,
                53.2853
              ],
              [
                -3.1867,
                53.2834
              ],
              [
                -3.1845,
                53.2818
              ],
              [
                -3.1659,
                53.2734
              ],
              [
                -3.1461,
                53.2573
              ],
              [
                -3.1312,
                53.2564
              ],
              [
                -3.1289,
                53.2529
              ],
              [
                -3.1223,
                53.249
              ],
              [
                -3.1113,
                53.2465
              ],
              [
                -3.0967,
                53.2393
              ],
              [
                -3.0858,
                53.2376
              ],
              [
                -3.0691,
                53.2298
              ],
              [
                -3.0601,
                53.222
              ],
              [
                -3.0464,
                53.2212
              ],
              [
                -3.0401,
                53.2187
              ],
              [
                -3.0388,
                53.2194
              ],
              [
                -3.0444,
                53.2213
              ],
              [
                -3.0593,
                53.2233
              ],
              [
                -3.0672,
                53.2302
              ],
              [
                -3.0836,
                53.2388
              ],
              [
                -3.0773,
                53.2428
              ],
              [
                -3.0757,
                53.2428
              ],
              [
                -3.0749,
                53.2406
              ],
              [
                -3.0737,
                53.2426
              ],
              [
                -3.0672,
                53.2431
              ],
              [
                -3.0751,
                53.2441
              ],
              [
                -3.0611,
                53.2527
              ],
              [
                -3.036,
                53.2518
              ],
              [
                -2.9984,
                53.2359
              ],
              [
                -2.9495,
                53.2113
              ],
              [
                -2.9373,
                53.1976
              ],
              [
                -2.9223,
                53.1893
              ],
              [
                -2.9203,
                53.1794
              ],
              [
                -2.9484,
                53.1751
              ],
              [
                -2.9459,
                53.1752
              ],
              [
                -2.9403,
                53.1667
              ],
              [
                -2.944,
                53.1652
              ],
              [
                -2.9466,
                53.1671
              ],
              [
                -2.9535,
                53.1654
              ],
              [
                -2.9663,
                53.1599
              ],
              [
                -2.9709,
                53.1608
              ],
              [
                -2.9754,
                53.1574
              ],
              [
                -2.9815,
                53.1563
              ],
              [
                -2.9846,
                53.1586
              ],
              [
                -2.99,
                53.1575
              ],
              [
                -2.9951,
                53.1542
              ],
              [
                -2.9877,
                53.1521
              ],
              [
                -2.9846,
                53.1478
              ],
              [
                -2.9795,
                53.1506
              ],
              [
                -2.9638,
                53.1328
              ],
              [
                -2.9725,
                53.1343
              ],
              [
                -2.9974,
                53.1294
              ],
              [
                -3.0007,
                53.1326
              ],
              [
                -3.0027,
                53.1317
              ],
              [
                -3.01,
                53.1339
              ],
              [
                -3.0157,
                53.1314
              ],
              [
                -3.0187,
                53.1333
              ],
              [
                -3.0228,
                53.1305
              ],
              [
                -3.0249,
                53.1361
              ],
              [
                -3.0345,
                53.1355
              ],
              [
                -3.039,
                53.1322
              ],
              [
                -3.0458,
                53.1311
              ],
              [
                -3.0482,
                53.1328
              ],
              [
                -3.0524,
                53.1307
              ],
              [
                -3.0517,
                53.1278
              ],
              [
                -3.0586,
                53.1316
              ],
              [
                -3.08,
                53.1348
              ],
              [
                -3.0855,
                53.1284
              ],
              [
                -3.0799,
                53.125
              ],
              [
                -3.0763,
                53.1249
              ],
              [
                -3.0769,
                53.1209
              ],
              [
                -3.0729,
                53.1197
              ],
              [
                -3.0735,
                53.118
              ],
              [
                -3.0703,
                53.1177
              ],
              [
                -3.0721,
                53.1166
              ],
              [
                -3.0671,
                53.1108
              ],
              [
                -3.0564,
                53.103
              ],
              [
                -3.0526,
                53.104
              ],
              [
                -3.0535,
                53.1075
              ],
              [
                -3.0493,
                53.1104
              ],
              [
                -3.0438,
                53.1043
              ],
              [
                -3.0403,
                53.1052
              ],
              [
                -3.0377,
                53.1029
              ],
              [
                -3.0285,
                53.1018
              ],
              [
                -3.0276,
                53.093
              ],
              [
                -3.0294,
                53.0963
              ],
              [
                -3.0349,
                53.0968
              ],
              [
                -3.0385,
                53.095
              ],
              [
                -3.0376,
                53.0927
              ],
              [
                -3.0397,
                53.091
              ],
              [
                -3.0587,
                53.0853
              ],
              [
                -3.0663,
                53.0855
              ],
              [
                -3.0713,
                53.0896
              ],
              [
                -3.0791,
                53.0877
              ],
              [
                -3.0951,
                53.0794
              ],
              [
                -3.1037,
                53.0777
              ],
              [
                -3.1105,
                53.0735
              ],
              [
                -3.1176,
                53.0721
              ],
              [
                -3.124,
                53.0741
              ],
              [
                -3.131,
                53.0728
              ]
            ]
          ]
        ]
      },
      "properties": {
        "name": "Flintshire",
        "code": "GB.FL",
        "slug": "flintshire"
      }
    },
    {
      "type": "Feature",
      "geometry": {
        "type": "MultiPolygon",
        "coordinates": [
          [
            [
              [
                -4.2753,
                53.1632
              ],
              [
                -4.2824,
                53.1552
              ],
              [
                -4.3036,
                53.1466
              ],
              [
                -4.3247,
                53.1441
              ],
              [
                -4.3255,
                53.146
              ],
              [
                -4.3233,
                53.1477
              ],
              [
                -4.3303,
                53.1466
              ],
              [
                -4.3406,
                53.1488
              ],
              [
                -4.3379,
                53.1481
              ],
              [
                -4.3367,
                53.1457
              ],
              [
                -4.339,
                53.1405
              ],
              [
                -4.3535,
                53.1346
              ],
              [
                -4.3601,
                53.1346
              ],
              [
                -4.3528,
                53.1323
              ],
              [
                -4.3284,
                53.1295
              ],
              [
                -4.3273,
                53.1286
              ],
              [
                -4.3284,
                53.1264
              ],
              [
                -4.3405,
                53.1296
              ],
              [
                -4.3587,
                53.1308
              ],
              [
                -4.3766,
                53.1399
              ],
              [
                -4.3988,
                53.1449
              ],
              [
                -4.4056,
                53.1438
              ],
              [
                -4.4067,
                53.1419
              ],
              [
                -4.4056,
                53.1402
              ],
              [
                -4.4104,
                53.1376
              ],
              [
                -4.4138,
                53.1332
              ],
              [
                -4.4156,
                53.1332
              ],
              [
                -4.415,
                53.1346
              ],
              [
                -4.4166,
                53.1348
              ],
              [
                -4.4145,
                53.1393
              ],
              [
                -4.4128,
                53.1395
              ],
              [
                -4.4131,
                53.1413
              ],
              [
                -4.4077,
                53.1455
              ],
              [
                -4.4149,
                53.1539
              ],
              [
                -4.4171,
                53.1614
              ],
              [
                -4.4115,
                53.1659
              ],
              [
                -4.4072,
                53.1648
              ],
              [
                -4.4048,
                53.167
              ],
              [
                -4.3959,
                53.1695
              ],
              [
                -4.3951,
                53.1681
              ],
              [
                -4.3877,
                53.1681
              ],
              [
                -4.3805,
                53.1818
              ],
              [
                -4.3861,
                53.1913
              ],
              [
                -4.3956,
                53.188
              ],
              [
                -4.4006,
                53.1841
              ],
              [
                -4.403,
                53.1799
              ],
              [
                -4.4106,
                53.1785
              ],
              [
                -4.4118,
                53.1725
              ],
              [
                -4.4256,
                53.1644
              ],
              [
                -4.4278,
                53.16
              ],
              [
                -4.4354,
                53.1591
              ],
              [
                -4.4435,
                53.155
              ],
              [
                -4.4442,
                53.1559
              ],
              [
                -4.4409,
                53.1579
              ],
              [
                -4.4425,
                53.1575
              ],
              [
                -4.446,
                53.1602
              ],
              [
                -4.4454,
                53.1616
              ],
              [
                -4.447,
                53.1613
              ],
              [
                -4.4494,
                53.1638
              ],
              [
                -4.4555,
                53.1624
              ],
              [
                -4.4516,
                53.1671
              ],
              [
                -4.4533,
                53.1702
              ],
              [
                -4.4561,
                53.1702
              ],
              [
                -4.4593,
                53.1747
              ],
              [
                -4.4583,
                53.1802
              ],
              [
                -4.4599,
                53.181
              ],
              [
                -4.4656,
                53.1832
              ],
              [
                -4.4669,
                53.1813
              ],
              [
                -4.4734,
                53.1813
              ],
              [
                -4.4747,
                53.1793
              ],
              [
                -4.4809,
                53.1803
              ],
              [
                -4.4877,
                53.1768
              ],
              [
                -4.4896,
                53.1782
              ],
              [
                -4.4885,
                53.1789
              ],
              [
                -4.4899,
                53.1788
              ],
              [
                -4.4906,
                53.1822
              ],
              [
                -4.4883,
                53.1845
              ],
              [
                -4.4888,
                53.1857
              ],
              [
                -4.4936,
                53.1838
              ],
              [
                -4.4947,
                53.1851
              ],
              [
                -4.4924,
                53.1863
              ],
              [
                -4.4984,
                53.1856
              ],
              [
                -4.5086,
                53.1876
              ],
              [
                -4.5051,
                53.1884
              ],
              [
                -4.5044,
                53.1914
              ],
              [
                -4.5066,
                53.1941
              ],
              [
                -4.5053,
                53.1949
              ],
              [
                -4.5061,
                53.1967
              ],
              [
                -4.5035,
                53.1982
              ],
              [
                -4.5049,
                53.1982
              ],
              [
                -4.5036,
                53.1997
              ],
              [
                -4.505,
                53.2001
              ],
              [
                -4.5015,
                53.2016
              ],
              [
                -4.5006,
                53.206
              ],
              [
                -4.4966,
                53.2071
              ],
              [
                -4.5048,
                53.2063
              ],
              [
                -4.5058,
                53.2095
              ],
              [
                -4.5021,
                53.2114
              ],
              [
                -4.5055,
                53.2152
              ],
              [
                -4.511,
                53.2177
              ],
              [
                -4.5138,
                53.221
              ],
              [
                -4.5215,
                53.2224
              ],
              [
                -4.5249,
                53.2255
              ],
              [
                -4.5244,
                53.2308
              ],
              [
                -4.5216,
                53.2323
              ],
              [
                -4.5222,
                53.2341
              ],
              [
                -4.5354,
                53.2369
              ],
              [
                -4.5394,
                53.2413
              ],
              [
                -4.547,
                53.2436
              ],
              [
                -4.5554,
                53.2491
              ],
              [
                -4.5516,
                53.2546
              ],
              [
                -4.5582,
                53.2577
              ],
              [
                -4.5588,
                53.2605
              ],
              [
                -4.5533,
                53.2651
              ],
              [
                -4.5538,
                53.2669
              ],
              [
                -4.5592,
                53.2633
              ],
              [
                -4.5633,
                53.2662
              ],
              [
                -4.5627,
                53.2671
              ],
              [
                -4.5666,
                53.2686
              ],
              [
                -4.5671,
                53.2711
              ],
              [
                -4.5649,
                53.2714
              ],
              [
                -4.5666,
                53.272
              ],
              [
                -4.5661,
                53.273
              ],
              [
                -4.5712,
                53.2724
              ],
              [
                -4.5725,
                53.2708
              ],
              [
                -4.5749,
                53.2723
              ],
              [
                -4.5727,
                53.2731
              ],
              [
                -4.5749,
                53.2752
              ],
              [
                -4.5774,
                53.2736
              ],
              [
                -4.5838,
                53.2761
              ],
              [
                -4.5822,
                53.2796
              ],
              [
                -4.5877,
                53.2781
              ],
              [
                -4.5882,
                53.2817
              ],
              [
                -4.5833,
                53.282
              ],
              [
                -4.5837,
                53.2837
              ],
              [
                -4.5772,
                53.2856
              ],
              [
                -4.5771,
                53.2884
              ],
              [
                -4.5611,
                53.2968
              ],
              [
                -4.5598,
                53.3001
              ],
              [
                -4.5549,
                53.2984
              ],
              [
                -4.5466,
                53.3009
              ],
              [
                -4.546,
                53.3045
              ],
              [
                -4.542,
                53.3073
              ],
              [
                -4.5388,
                53.3073
              ],
              [
                -4.5445,
                53.3074
              ],
              [
                -4.548,
                53.3041
              ],
              [
                -4.5564,
                53.3032
              ],
              [
                -4.5573,
                53.3046
              ],
              [
                -4.5607,
                53.3002
              ],
              [
                -4.5637,
                53.2994
              ],
              [
                -4.5661,
                53.3015
              ],
              [
                -4.5622,
                53.3068
              ],
              [
                -4.5627,
                53.3157
              ],
              [
                -4.5649,
                53.3177
              ],
              [
                -4.5704,
                53.318
              ],
              [
                -4.5722,
                53.3241
              ],
              [
                -4.5786,
                53.3238
              ],
              [
                -4.5826,
                53.3255
              ],
              [
                -4.5811,
                53.3294
              ],
              [
                -4.5855,
                53.3306
              ],
              [
                -4.5815,
                53.3345
              ],
              [
                -4.5749,
                53.3337
              ],
              [
                -4.5705,
                53.3365
              ],
              [
                -4.5722,
                53.3416
              ],
              [
                -4.5672,
                53.3449
              ],
              [
                -4.5709,
                53.3452
              ],
              [
                -4.571,
                53.3466
              ],
              [
                -4.5661,
                53.3519
              ],
              [
                -4.5722,
                53.3531
              ],
              [
                -4.5668,
                53.3557
              ],
              [
                -4.5648,
                53.3584
              ],
              [
                -4.5611,
                53.3593
              ],
              [
                -4.5588,
                53.3643
              ],
              [
                -4.5583,
                53.3723
              ],
              [
                -4.5555,
                53.3731
              ],
              [
                -4.5588,
                53.3769
              ],
              [
                -4.5634,
                53.3777
              ],
              [
                -4.5641,
                53.3819
              ],
              [
                -4.5679,
                53.3838
              ],
              [
                -4.566,
                53.3888
              ],
              [
                -4.5722,
                53.3917
              ],
              [
                -4.5704,
                53.3943
              ],
              [
                -4.5737,
                53.3946
              ],
              [
                -4.5708,
                53.395
              ],
              [
                -4.5701,
                53.3968
              ],
              [
                -4.5757,
                53.3998
              ],
              [
                -4.5755,
                53.4022
              ],
              [
                -4.5632,
                53.4075
              ],
              [
                -4.5545,
                53.4044
              ],
              [
                -4.5471,
                53.4071
              ],
              [
                -4.5298,
                53.407
              ],
              [
                -4.5289,
                53.4077
              ],
              [
                -4.5311,
                53.4089
              ],
              [
                -4.5291,
                53.4117
              ],
              [
                -4.5248,
                53.4135
              ],
              [
                -4.5199,
                53.4118
              ],
              [
                -4.5176,
                53.415
              ],
              [
                -4.5114,
                53.4174
              ],
              [
                -4.5092,
                53.4167
              ],
              [
                -4.5134,
                53.4131
              ],
              [
                -4.5083,
                53.4095
              ],
              [
                -4.5046,
                53.4095
              ],
              [
                -4.5032,
                53.412
              ],
              [
                -4.4986,
                53.4143
              ],
              [
                -4.4934,
                53.4118
              ],
              [
                -4.4877,
                53.4126
              ],
              [
                -4.4899,
                53.4149
              ],
              [
                -4.4856,
                53.4176
              ],
              [
                -4.4866,
                53.4193
              ],
              [
                -4.4839,
                53.4201
              ],
              [
                -4.4804,
                53.4185
              ],
              [
                -4.4815,
                53.4196
              ],
              [
                -4.4783,
                53.4226
              ],
              [
                -4.4716,
                53.4217
              ],
              [
                -4.475,
                53.4187
              ],
              [
                -4.468,
                53.417
              ],
              [
                -4.4684,
                53.4151
              ],
              [
                -4.4649,
                53.4151
              ],
              [
                -4.4649,
                53.417
              ],
              [
                -4.4606,
                53.4156
              ],
              [
                -4.4541,
                53.4165
              ],
              [
                -4.4534,
                53.414
              ],
              [
                -4.4477,
                53.4145
              ],
              [
                -4.4527,
                53.4185
              ],
              [
                -4.4461,
                53.4221
              ],
              [
                -4.4507,
                53.4216
              ],
              [
                -4.451,
                53.4229
              ],
              [
                -4.4417,
                53.4245
              ],
              [
                -4.4417,
                53.4265
              ],
              [
                -4.4359,
                53.4281
              ],
              [
                -4.4286,
                53.4277
              ],
              [
                -4.4295,
                53.4292
              ],
              [
                -4.426,
                53.4301
              ],
              [
                -4.4195,
                53.4273
              ],
              [
                -4.4198,
                53.4261
              ],
              [
                -4.4048,
                53.427
              ],
              [
                -4.4063,
                53.4232
              ],
              [
                -4.4023,
                53.4213
              ],
              [
                -4.3977,
                53.423
              ],
              [
                -4.3981,
                53.4248
              ],
              [
                -4.3956,
                53.426
              ],
              [
                -4.3901,
                53.4245
              ],
              [
                -4.3822,
                53.4244
              ],
              [
                -4.3796,
                53.4261
              ],
              [
                -4.3746,
                53.424
              ],
              [
                -4.3678,
                53.4242
              ],
              [
                -4.3667,
                53.4229
              ],
              [
                -4.3692,
                53.4218
              ],
              [
                -4.3656,
                53.4206
              ],
              [
                -4.3657,
                53.4178
              ],
              [
                -4.3564,
                53.4143
              ],
              [
                -4.3468,
                53.4178
              ],
              [
                -4.3433,
                53.4174
              ],
              [
                -4.3389,
                53.42
              ],
              [
                -4.3316,
                53.4168
              ],
              [
                -4.3338,
                53.4151
              ],
              [
                -4.3254,
                53.4184
              ],
              [
                -4.3246,
                53.4168
              ],
              [
                -4.3164,
                53.4167
              ],
              [
                -4.3036,
                53.4131
              ],
              [
                -4.3028,
                53.4146
              ],
              [
                -4.2973,
                53.4142
              ],
              [
                -4.2927,
                53.4117
              ],
              [
                -4.2904,
                53.4127
              ],
              [
                -4.2914,
                53.4176
              ],
              [
                -4.2877,
                53.4172
              ],
              [
                -4.2876,
                53.4144
              ],
              [
                -4.2829,
                53.4111
              ],
              [
                -4.2851,
                53.4068
              ],
              [
                -4.2795,
                53.4058
              ],
              [
                -4.2739,
                53.4025
              ],
              [
                -4.2751,
                53.3984
              ],
              [
                -4.2697,
                53.3952
              ],
              [
                -4.2701,
                53.3918
              ],
              [
                -4.2684,
                53.3907
              ],
              [
                -4.2695,
                53.3861
              ],
              [
                -4.2795,
                53.3765
              ],
              [
                -4.2718,
                53.3751
              ],
              [
                -4.2712,
                53.3718
              ],
              [
                -4.268,
                53.3715
              ],
              [
                -4.2662,
                53.3681
              ],
              [
                -4.2635,
                53.3675
              ],
              [
                -4.2657,
                53.3628
              ],
              [
                -4.2645,
                53.3604
              ],
              [
                -4.2555,
                53.3598
              ],
              [
                -4.2502,
                53.3612
              ],
              [
                -4.2373,
                53.3573
              ],
              [
                -4.2295,
                53.3575
              ],
              [
                -4.2293,
                53.3556
              ],
              [
                -4.2355,
                53.3518
              ],
              [
                -4.2345,
                53.3484
              ],
              [
                -4.2301,
                53.347
              ],
              [
                -4.2274,
                53.3437
              ],
              [
                -4.2328,
                53.3404
              ],
              [
                -4.2289,
                53.3376
              ],
              [
                -4.2255,
                53.339
              ],
              [
                -4.2236,
                53.3381
              ],
              [
                -4.2232,
                53.3322
              ],
              [
                -4.2196,
                53.3258
              ],
              [
                -4.2189,
                53.3193
              ],
              [
                -4.2028,
                53.3138
              ],
              [
                -4.2073,
                53.305
              ],
              [
                -4.2123,
                53.3024
              ],
              [
                -4.2139,
                53.2994
              ],
              [
                -4.2112,
                53.297
              ],
              [
                -4.1999,
                53.2951
              ],
              [
                -4.1975,
                53.297
              ],
              [
                -4.1838,
                53.2973
              ],
              [
                -4.1638,
                53.3012
              ],
              [
                -4.162,
                53.3029
              ],
              [
                -4.1461,
                53.3045
              ],
              [
                -4.1438,
                53.3051
              ],
              [
                -4.1415,
                53.3106
              ],
              [
                -4.1374,
                53.3122
              ],
              [
                -4.1354,
                53.3149
              ],
              [
                -4.1193,
                53.3195
              ],
              [
                -4.0994,
                53.3184
              ],
              [
                -4.0805,
                53.3135
              ],
              [
                -4.0689,
                53.3129
              ],
              [
                -4.0584,
                53.315
              ],
              [
                -4.0445,
                53.3118
              ],
              [
                -4.0408,
                53.3126
              ],
              [
                -4.0397,
                53.3099
              ],
              [
                -4.0448,
                53.305
              ],
              [
                -4.0556,
                53.303
              ],
              [
                -4.0557,
                53.3013
              ],
              [
                -4.0578,
                53.3013
              ],
              [
                -4.0579,
                53.2953
              ],
              [
                -4.0673,
                53.293
              ],
              [
                -4.0757,
                53.2805
              ],
              [
                -4.0862,
                53.2746
              ],
              [
                -4.0856,
                53.2645
              ],
              [
                -4.0874,
                53.2622
              ],
              [
                -4.0989,
                53.2599
              ],
              [
                -4.1017,
                53.256
              ],
              [
                -4.1013,
                53.2541
              ],
              [
                -4.1056,
                53.2541
              ],
              [
                -4.1236,
                53.247
              ],
              [
                -4.144,
                53.2364
              ],
              [
                -4.1584,
                53.2316
              ],
              [
                -4.1607,
                53.2236
              ],
              [
                -4.1635,
                53.2208
              ],
              [
                -4.1698,
                53.2213
              ],
              [
                -4.1699,
                53.2241
              ],
              [
                -4.1773,
                53.2232
              ],
              [
                -4.186,
                53.2171
              ],
              [
                -4.1977,
                53.2158
              ],
              [
                -4.2055,
                53.2128
              ],
              [
                -4.214,
                53.2046
              ],
              [
                -4.2149,
                53.2011
              ],
              [
                -4.2136,
                53.1933
              ],
              [
                -4.2184,
                53.1877
              ],
              [
                -4.2185,
                53.1852
              ],
              [
                -4.2223,
                53.1855
              ],
              [
                -4.2319,
                53.181
              ],
              [
                -4.2449,
                53.1789
              ],
              [
                -4.2491,
                53.1752
              ],
              [
                -4.2567,
                53.173
              ],
              [
                -4.2662,
                53.1661
              ],
              [
                -4.2728,
                53.1655
              ],
              [
                -4.2753,
                53.1632
              ]
            ]
          ],
          [
            [
              [
                -4.5557,
                53.2489
              ],
              [
                -4.5557,
                53.2489
              ],
              [
                -4.556,
                53.249
              ],
              [
                -4.5558,
                53.249
              ],
              [
                -4.5557,
                53.2489
              ]
            ]
          ],
          [
            [
              [
                -4.5578,
                53.2513
              ],
              [
                -4.5579,
                53.2505
              ],
              [
                -4.5588,
                53.2505
              ],
              [
                -4.5578,
                53.2515
              ],
              [
                -4.5578,
                53.2513
              ]
            ]
          ],
          [
            [
              [
                -4.5575,
                53.2531
              ],
              [
                -4.5573,
                53.253
              ],
              [
                -4.5573,
                53.2526
              ],
              [
                -4.5578,
                53.2531
              ],
              [
                -4.5575,
                53.2531
              ]
            ]
          ],
          [
            [
              [
                -4.1563,
                53.2269
              ],
              [
                -4.158,
                53.226
              ],
              [
                -4.1588,
                53.2265
              ],
              [
                -4.1581,
                53.2276
              ],
              [
                -4.1563,
                53.2269
              ]
            ]
          ],
          [
            [
              [
                -4.1541,
                53.2309
              ],
              [
                -4.1552,
                53.2283
              ],
              [
                -4.1583,
                53.2292
              ],
              [
                -4.1581,
                53.2312
              ],
              [
                -4.1541,
                53.2309
              ]
            ]
          ],
          [
            [
              [
                -4.0201,
                53.3219
              ],
              [
                -4.028,
                53.3161
              ],
              [
                -4.0333,
                53.3153
              ],
              [
                -4.0272,
                53.3209
              ],
              [
                -4.0201,
                53.3219
              ]
            ]
          ],
          [
            [
              [
                -4.5602,
                53.2551
              ],
              [
                -4.5601,
                53.255
              ],
              [
                -4.5601,
                53.255
              ],
              [
                -4.5603,
                53.2551
              ],
              [
                -4.5602,
                53.2551
              ]
            ]
          ],
          [
            [
              [
                -4.5608,
                53.2559
              ],
              [
                -4.5606,
                53.2558
              ],
              [
                -4.5606,
                53.2554
              ],
              [
                -4.5609,
                53.2558
              ],
              [
                -4.5608,
                53.2559
              ]
            ]
          ],
          [
            [
              [
                -4.5631,
                53.259
              ],
              [
                -4.5628,
                53.2583
              ],
              [
                -4.5639,
                53.259
              ],
              [
                -4.5631,
                53.259
              ]
            ]
          ],
          [
            [
              [
                -4.5641,
                53.2592
              ],
              [
                -4.564,
                53.2592
              ],
              [
                -4.5639,
                53.259
              ],
              [
                -4.5643,
                53.2593
              ],
              [
                -4.5641,
                53.2592
              ]
            ]
          ],
          [
            [
              [
                -4.558,
                53.2537
              ],
              [
                -4.5578,
                53.2535
              ],
              [
                -4.5578,
                53.2533
              ],
              [
                -4.5581,
                53.2537
              ],
              [
                -4.558,
                53.2537
              ]
            ]
          ],
          [
            [
              [
                -4.5585,
                53.2542
              ],
              [
                -4.5584,
                53.2542
              ],
              [
                -4.5584,
                53.254
              ],
              [
                -4.5587,
                53.2543
              ],
              [
                -4.5585,
                53.2542
              ]
            ]
          ],
          [
            [
              [
                -4.5592,
                53.2548
              ],
              [
                -4.5589,
                53.2544
              ],
              [
                -4.5596,
                53.2548
              ],
              [
                -4.5592,
                53.2548
              ]
            ]
          ],
          [
            [
              [
                -4.5646,
                53.2595
              ],
              [
                -4.5645,
                53.2594
              ],
              [
                -4.5648,
                53.2595
              ],
              [
                -4.5647,
                53.2595
              ],
              [
                -4.5646,
                53.2595
              ]
            ]
          ],
          [
            [
              [
                -4.5612,
                53.2637
              ],
              [
                -4.5618,
                53.2625
              ],
              [
                -4.5632,
                53.2621
              ],
              [
                -4.5617,
                53.2631
              ],
              [
                -4.5612,
                53.2637
              ]
            ]
          ],
          [
            [
              [
                -4.5811,
                53.2744
              ],
              [
                -4.5817,
                53.2748
              ],
              [
                -4.5801,
                53.274
              ],
              [
                -4.5805,
                53.274
              ],
              [
                -4.5811,
                53.2744
              ]
            ]
          ],
          [
            [
              [
                -4.5835,
                53.2753
              ],
              [
                -4.584,
                53.2754
              ],
              [
                -4.5829,
                53.2753
              ],
              [
                -4.5831,
                53.2753
              ],
              [
                -4.5835,
                53.2753
              ]
            ]
          ],
          [
            [
              [
                -4.6035,
                53.424
              ],
              [
                -4.6027,
                53.4247
              ],
              [
                -4.6017,
                53.4241
              ],
              [
                -4.6067,
                53.4224
              ],
              [
                -4.6085,
                53.4192
              ],
              [
                -4.6127,
                53.42
              ],
              [
                -4.6113,
                53.4218
              ],
              [
                -4.6089,
                53.4209
              ],
              [
                -4.6073,
                53.424
              ],
              [
                -4.6035,
                53.424
              ]
            ]
          ]
        ]
      },
      "properties": {
        "name": "Isle of Anglesey",
        "code": "GB.AY",
        "slug": "isle-of-anglesey"
      }
    },
    {
      "type": "Feature",
      "geometry": {
        "type": "MultiPolygon",
        "coordinates": [
          [
            [
              [
                -2.7896,
                51.5661
              ],
              [
                -2.8216,
                51.554
              ],
              [
                -2.8321,
                51.5629
              ],
              [
                -2.8342,
                51.5704
              ],
              [
                -2.8427,
                51.5678
              ],
              [
                -2.8463,
                51.5726
              ],
              [
                -2.8527,
                51.5713
              ],
              [
                -2.8556,
                51.5745
              ],
              [
                -2.8572,
                51.5743
              ],
              [
                -2.8592,
                51.5794
              ],
              [
                -2.8561,
                51.5798
              ],
              [
                -2.8553,
                51.5817
              ],
              [
                -2.8516,
                51.5813
              ],
              [
                -2.8518,
                51.5847
              ],
              [
                -2.846,
                51.5873
              ],
              [
                -2.846,
                51.59
              ],
              [
                -2.8513,
                51.5941
              ],
              [
                -2.8474,
                51.5961
              ],
              [
                -2.8484,
                51.5982
              ],
              [
                -2.8462,
                51.5987
              ],
              [
                -2.8474,
                51.6009
              ],
              [
                -2.8411,
                51.6015
              ],
              [
                -2.8405,
                51.6039
              ],
              [
                -2.8348,
                51.6042
              ],
              [
                -2.8325,
                51.6089
              ],
              [
                -2.828,
                51.6102
              ],
              [
                -2.8303,
                51.6149
              ],
              [
                -2.8124,
                51.6167
              ],
              [
                -2.8032,
                51.6159
              ],
              [
                -2.803,
                51.6177
              ],
              [
                -2.807,
                51.6197
              ],
              [
                -2.8054,
                51.6205
              ],
              [
                -2.8057,
                51.6237
              ],
              [
                -2.808,
                51.6237
              ],
              [
                -2.8083,
                51.6255
              ],
              [
                -2.8115,
                51.6261
              ],
              [
                -2.811,
                51.6274
              ],
              [
                -2.8161,
                51.6318
              ],
              [
                -2.8208,
                51.6335
              ],
              [
                -2.8281,
                51.6425
              ],
              [
                -2.8337,
                51.6449
              ],
              [
                -2.8345,
                51.6484
              ],
              [
                -2.8368,
                51.6495
              ],
              [
                -2.855,
                51.6438
              ],
              [
                -2.8682,
                51.6423
              ],
              [
                -2.8743,
                51.639
              ],
              [
                -2.8836,
                51.6415
              ],
              [
                -2.8896,
                51.6373
              ],
              [
                -2.8956,
                51.6364
              ],
              [
                -2.8921,
                51.6338
              ],
              [
                -2.8943,
                51.6328
              ],
              [
                -2.8974,
                51.6345
              ],
              [
                -2.8996,
                51.6331
              ],
              [
                -2.8999,
                51.6321
              ],
              [
                -2.8957,
                51.6307
              ],
              [
                -2.9004,
                51.6277
              ],
              [
                -2.9035,
                51.6271
              ],
              [
                -2.9056,
                51.6295
              ],
              [
                -2.9082,
                51.6291
              ],
              [
                -2.9107,
                51.6255
              ],
              [
                -2.9085,
                51.6236
              ],
              [
                -2.9127,
                51.6228
              ],
              [
                -2.9209,
                51.6269
              ],
              [
                -2.9313,
                51.6193
              ],
              [
                -2.9429,
                51.6174
              ],
              [
                -2.9442,
                51.6193
              ],
              [
                -2.9423,
                51.6204
              ],
              [
                -2.9456,
                51.6213
              ],
              [
                -2.9442,
                51.6233
              ],
              [
                -2.9471,
                51.6251
              ],
              [
                -2.9456,
                51.6269
              ],
              [
                -2.9477,
                51.6286
              ],
              [
                -2.9539,
                51.6302
              ],
              [
                -2.9589,
                51.6288
              ],
              [
                -2.9596,
                51.6322
              ],
              [
                -2.9687,
                51.6316
              ],
              [
                -2.9731,
                51.634
              ],
              [
                -2.974,
                51.6386
              ],
              [
                -2.9788,
                51.642
              ],
              [
                -2.979,
                51.6454
              ],
              [
                -2.976,
                51.6472
              ],
              [
                -2.9775,
                51.6527
              ],
              [
                -2.9893,
                51.6578
              ],
              [
                -2.9914,
                51.664
              ],
              [
                -3.0001,
                51.6666
              ],
              [
                -3.001,
                51.668
              ],
              [
                -2.9996,
                51.6689
              ],
              [
                -3.0035,
                51.6691
              ],
              [
                -3.0016,
                51.6778
              ],
              [
                -2.9949,
                51.6793
              ],
              [
                -2.99,
                51.6801
              ],
              [
                -2.9898,
                51.6757
              ],
              [
                -2.9795,
                51.6737
              ],
              [
                -2.9807,
                51.6762
              ],
              [
                -2.9747,
                51.6862
              ],
              [
                -2.9686,
                51.6914
              ],
              [
                -2.9712,
                51.6939
              ],
              [
                -3.002,
                51.6908
              ],
              [
                -2.9971,
                51.7003
              ],
              [
                -2.9944,
                51.7007
              ],
              [
                -2.9926,
                51.7052
              ],
              [
                -2.9859,
                51.7089
              ],
              [
                -2.9824,
                51.7139
              ],
              [
                -2.9876,
                51.7181
              ],
              [
                -2.9976,
                51.7177
              ],
              [
                -3.0028,
                51.7213
              ],
              [
                -3.0254,
                51.7181
              ],
              [
                -3.0313,
                51.7227
              ],
              [
                -3.0339,
                51.7262
              ],
              [
                -3.0315,
                51.7283
              ],
              [
                -3.0278,
                51.7454
              ],
              [
                -3.0353,
                51.7526
              ],
              [
                -3.0345,
                51.7537
              ],
              [
                -3.0413,
                51.755
              ],
              [
                -3.0435,
                51.7561
              ],
              [
                -3.0428,
                51.757
              ],
              [
                -3.0445,
                51.756
              ],
              [
                -3.0493,
                51.7604
              ],
              [
                -3.0514,
                51.7645
              ],
              [
                -3.048,
                51.7656
              ],
              [
                -3.0477,
                51.7698
              ],
              [
                -3.0434,
                51.7704
              ],
              [
                -3.0589,
                51.7836
              ],
              [
                -3.0769,
                51.7889
              ],
              [
                -3.0818,
                51.7884
              ],
              [
                -3.0964,
                51.7915
              ],
              [
                -3.1082,
                51.7962
              ],
              [
                -3.1229,
                51.7952
              ],
              [
                -3.1314,
                51.7923
              ],
              [
                -3.1569,
                51.7961
              ],
              [
                -3.1497,
                51.7988
              ],
              [
                -3.1493,
                51.7997
              ],
              [
                -3.152,
                51.7999
              ],
              [
                -3.153,
                51.8037
              ],
              [
                -3.1458,
                51.8047
              ],
              [
                -3.1512,
                51.8075
              ],
              [
                -3.1497,
                51.8104
              ],
              [
                -3.1505,
                51.8127
              ],
              [
                -3.1574,
                51.8161
              ],
              [
                -3.1432,
                51.8199
              ],
              [
                -3.1402,
                51.8232
              ],
              [
                -3.1432,
                51.8257
              ],
              [
                -3.1362,
                51.8268
              ],
              [
                -3.1372,
                51.8281
              ],
              [
                -3.1338,
                51.8294
              ],
              [
                -3.132,
                51.833
              ],
              [
                -3.1277,
                51.833
              ],
              [
                -3.1288,
                51.8342
              ],
              [
                -3.1268,
                51.8357
              ],
              [
                -3.1242,
                51.8344
              ],
              [
                -3.1224,
                51.8352
              ],
              [
                -3.1229,
                51.8375
              ],
              [
                -3.1198,
                51.8373
              ],
              [
                -3.1205,
                51.8389
              ],
              [
                -3.1092,
                51.8354
              ],
              [
                -3.1045,
                51.8322
              ],
              [
                -3.101,
                51.832
              ],
              [
                -3.1036,
                51.8389
              ],
              [
                -3.1017,
                51.8403
              ],
              [
                -3.0947,
                51.8393
              ],
              [
                -3.0984,
                51.8437
              ],
              [
                -3.0972,
                51.8464
              ],
              [
                -3.0838,
                51.8501
              ],
              [
                -3.0826,
                51.8525
              ],
              [
                -3.0765,
                51.855
              ],
              [
                -3.0767,
                51.8579
              ],
              [
                -3.0634,
                51.8633
              ],
              [
                -3.073,
                51.8712
              ],
              [
                -3.0722,
                51.8752
              ],
              [
                -3.0644,
                51.8786
              ],
              [
                -3.0623,
                51.8772
              ],
              [
                -3.0571,
                51.8801
              ],
              [
                -3.0438,
                51.8806
              ],
              [
                -3.0401,
                51.8846
              ],
              [
                -3.0423,
                51.8906
              ],
              [
                -3.0397,
                51.8915
              ],
              [
                -3.0386,
                51.8937
              ],
              [
                -3.0434,
                51.8987
              ],
              [
                -3.0428,
                51.9015
              ],
              [
                -3.0495,
                51.9057
              ],
              [
                -3.0484,
                51.9063
              ],
              [
                -3.05,
                51.9076
              ],
              [
                -3.0495,
                51.9114
              ],
              [
                -3.0598,
                51.9137
              ],
              [
                -3.0622,
                51.9191
              ],
              [
                -3.066,
                51.9192
              ],
              [
                -3.0787,
                51.9245
              ],
              [
                -3.0795,
                51.9282
              ],
              [
                -3.0836,
                51.931
              ],
              [
                -3.0838,
                51.9329
              ],
              [
                -3.0802,
                51.9361
              ],
              [
                -3.0901,
                51.9504
              ],
              [
                -3.0816,
                51.9554
              ],
              [
                -3.0882,
                51.9594
              ],
              [
                -3.0931,
                51.9652
              ],
              [
                -3.0833,
                51.973
              ],
              [
                -3.0782,
                51.9726
              ],
              [
                -3.0754,
                51.9769
              ],
              [
                -3.0674,
                51.9831
              ],
              [
                -3.0596,
                51.9786
              ],
              [
                -3.057,
                51.9752
              ],
              [
                -3.0414,
                51.9677
              ],
              [
                -3.0356,
                51.96
              ],
              [
                -3.0259,
                51.9573
              ],
              [
                -3.0215,
                51.9499
              ],
              [
                -3.0132,
                51.945
              ],
              [
                -3.0085,
                51.938
              ],
              [
                -3.0103,
                51.9321
              ],
              [
                -3.0081,
                51.9271
              ],
              [
                -2.9992,
                51.9235
              ],
              [
                -2.9767,
                51.9275
              ],
              [
                -2.974,
                51.9226
              ],
              [
                -2.9741,
                51.9212
              ],
              [
                -2.9762,
                51.9212
              ],
              [
                -2.9712,
                51.9134
              ],
              [
                -2.9739,
                51.9115
              ],
              [
                -2.9724,
                51.9108
              ],
              [
                -2.9754,
                51.9095
              ],
              [
                -2.9729,
                51.909
              ],
              [
                -2.9718,
                51.905
              ],
              [
                -2.9649,
                51.9048
              ],
              [
                -2.9608,
                51.9067
              ],
              [
                -2.9525,
                51.9062
              ],
              [
                -2.9487,
                51.9094
              ],
              [
                -2.9419,
                51.9096
              ],
              [
                -2.9356,
                51.9126
              ],
              [
                -2.9339,
                51.9151
              ],
              [
                -2.928,
                51.9139
              ],
              [
                -2.9162,
                51.9177
              ],
              [
                -2.9082,
                51.9211
              ],
              [
                -2.9041,
                51.9252
              ],
              [
                -2.8924,
                51.9254
              ],
              [
                -2.887,
                51.9282
              ],
              [
                -2.8891,
                51.9319
              ],
              [
                -2.8884,
                51.9336
              ],
              [
                -2.8825,
                51.9344
              ],
              [
                -2.8756,
                51.9332
              ],
              [
                -2.8696,
                51.9267
              ],
              [
                -2.8589,
                51.9276
              ],
              [
                -2.8544,
                51.9238
              ],
              [
                -2.8479,
                51.9236
              ],
              [
                -2.8449,
                51.9219
              ],
              [
                -2.8465,
                51.9199
              ],
              [
                -2.8632,
                51.9172
              ],
              [
                -2.8619,
                51.914
              ],
              [
                -2.8582,
                51.9149
              ],
              [
                -2.8541,
                51.9133
              ],
              [
                -2.8534,
                51.9158
              ],
              [
                -2.8475,
                51.917
              ],
              [
                -2.8452,
                51.9152
              ],
              [
                -2.8419,
                51.9177
              ],
              [
                -2.8402,
                51.9147
              ],
              [
                -2.8371,
                51.9138
              ],
              [
                -2.8361,
                51.906
              ],
              [
                -2.8208,
                51.9054
              ],
              [
                -2.8177,
                51.9038
              ],
              [
                -2.8143,
                51.898
              ],
              [
                -2.8029,
                51.8941
              ],
              [
                -2.8016,
                51.8904
              ],
              [
                -2.7875,
                51.885
              ],
              [
                -2.7795,
                51.8841
              ],
              [
                -2.7768,
                51.8817
              ],
              [
                -2.7684,
                51.8805
              ],
              [
                -2.7768,
                51.8734
              ],
              [
                -2.7767,
                51.8706
              ],
              [
                -2.7791,
                51.8688
              ],
              [
                -2.7776,
                51.8676
              ],
              [
                -2.7788,
                51.8659
              ],
              [
                -2.7723,
                51.8622
              ],
              [
                -2.7695,
                51.8624
              ],
              [
                -2.7577,
                51.8494
              ],
              [
                -2.7569,
                51.8459
              ],
              [
                -2.7463,
                51.8446
              ],
              [
                -2.7428,
                51.8418
              ],
              [
                -2.7411,
                51.8425
              ],
              [
                -2.7403,
                51.8413
              ],
              [
                -2.7418,
                51.8386
              ],
              [
                -2.7388,
                51.8366
              ],
              [
                -2.7355,
                51.8394
              ],
              [
                -2.733,
                51.8392
              ],
              [
                -2.7315,
                51.8414
              ],
              [
                -2.7276,
                51.8401
              ],
              [
                -2.7258,
                51.8438
              ],
              [
                -2.7196,
                51.8489
              ],
              [
                -2.7177,
                51.8476
              ],
              [
                -2.7186,
                51.8444
              ],
              [
                -2.7151,
                51.8402
              ],
              [
                -2.7072,
                51.8394
              ],
              [
                -2.7071,
                51.843
              ],
              [
                -2.7051,
                51.8457
              ],
              [
                -2.6996,
                51.8435
              ],
              [
                -2.6973,
                51.8448
              ],
              [
                -2.6934,
                51.8377
              ],
              [
                -2.6933,
                51.8338
              ],
              [
                -2.687,
                51.8331
              ],
              [
                -2.6868,
                51.8364
              ],
              [
                -2.6829,
                51.8385
              ],
              [
                -2.6768,
                51.8364
              ],
              [
                -2.6662,
                51.8356
              ],
              [
                -2.6582,
                51.8327
              ],
              [
                -2.6569,
                51.8269
              ],
              [
                -2.6504,
                51.8261
              ],
              [
                -2.6502,
                51.8241
              ],
              [
                -2.6609,
                51.8228
              ],
              [
                -2.6589,
                51.8198
              ],
              [
                -2.6611,
                51.8181
              ],
              [
                -2.6589,
                51.8137
              ],
              [
                -2.6595,
                51.8107
              ],
              [
                -2.6726,
                51.8089
              ],
              [
                -2.6785,
                51.8028
              ],
              [
                -2.6767,
                51.7986
              ],
              [
                -2.6698,
                51.7943
              ],
              [
                -2.6727,
                51.7931
              ],
              [
                -2.6733,
                51.7888
              ],
              [
                -2.6758,
                51.7881
              ],
              [
                -2.6734,
                51.7847
              ],
              [
                -2.6761,
                51.7803
              ],
              [
                -2.6751,
                51.7768
              ],
              [
                -2.6805,
                51.7689
              ],
              [
                -2.6733,
                51.7599
              ],
              [
                -2.6659,
                51.7569
              ],
              [
                -2.6627,
                51.7539
              ],
              [
                -2.6713,
                51.7409
              ],
              [
                -2.6722,
                51.7364
              ],
              [
                -2.6875,
                51.7304
              ],
              [
                -2.6805,
                51.7246
              ],
              [
                -2.6817,
                51.7213
              ],
              [
                -2.6793,
                51.7141
              ],
              [
                -2.6721,
                51.71
              ],
              [
                -2.6684,
                51.7058
              ],
              [
                -2.6692,
                51.7019
              ],
              [
                -2.671,
                51.7008
              ],
              [
                -2.6759,
                51.7003
              ],
              [
                -2.6818,
                51.7034
              ],
              [
                -2.6836,
                51.7028
              ],
              [
                -2.6838,
                51.7006
              ],
              [
                -2.6733,
                51.6972
              ],
              [
                -2.6692,
                51.6932
              ],
              [
                -2.669,
                51.6888
              ],
              [
                -2.6732,
                51.6827
              ],
              [
                -2.6723,
                51.681
              ],
              [
                -2.6683,
                51.6786
              ],
              [
                -2.6591,
                51.6766
              ],
              [
                -2.6568,
                51.6744
              ],
              [
                -2.6601,
                51.6711
              ],
              [
                -2.6847,
                51.668
              ],
              [
                -2.6863,
                51.6624
              ],
              [
                -2.6814,
                51.6599
              ],
              [
                -2.6757,
                51.6603
              ],
              [
                -2.669,
                51.665
              ],
              [
                -2.6659,
                51.6636
              ],
              [
                -2.6695,
                51.6574
              ],
              [
                -2.6801,
                51.6486
              ],
              [
                -2.6794,
                51.6454
              ],
              [
                -2.6836,
                51.6438
              ],
              [
                -2.6786,
                51.6402
              ],
              [
                -2.6818,
                51.6393
              ],
              [
                -2.6771,
                51.638
              ],
              [
                -2.6724,
                51.6347
              ],
              [
                -2.6733,
                51.6339
              ],
              [
                -2.6688,
                51.6346
              ],
              [
                -2.6646,
                51.6291
              ],
              [
                -2.6572,
                51.6238
              ],
              [
                -2.6568,
                51.6208
              ],
              [
                -2.6634,
                51.616
              ],
              [
                -2.6657,
                51.61
              ],
              [
                -2.6715,
                51.61
              ],
              [
                -2.6778,
                51.6055
              ],
              [
                -2.6884,
                51.6016
              ],
              [
                -2.6945,
                51.598
              ],
              [
                -2.7001,
                51.592
              ],
              [
                -2.7121,
                51.5863
              ],
              [
                -2.725,
                51.5817
              ],
              [
                -2.7585,
                51.578
              ],
              [
                -2.7896,
                51.5661
              ]
            ]
          ]
        ]
      },
      "properties": {
        "name": "Monmouthshire",
        "code": "GB.MM",
        "slug": "monmouthshire"
      }
    },
    {
      "type": "Feature",
      "geometry": {
        "type": "MultiPolygon",
        "coordinates": [
          [
            [
              [
                -3.1177,
                51.5465
              ],
              [
                -3.1171,
                51.5484
              ],
              [
                -3.1105,
                51.5507
              ],
              [
                -3.1112,
                51.5535
              ],
              [
                -3.1091,
                51.5545
              ],
              [
                -3.1076,
                51.5583
              ],
              [
                -3.1,
                51.5601
              ],
              [
                -3.1038,
                51.5642
              ],
              [
                -3.1001,
                51.5654
              ],
              [
                -3.0978,
                51.5631
              ],
              [
                -3.0943,
                51.563
              ],
              [
                -3.0902,
                51.5693
              ],
              [
                -3.0975,
                51.5721
              ],
              [
                -3.1002,
                51.5761
              ],
              [
                -3.105,
                51.5748
              ],
              [
                -3.1151,
                51.5805
              ],
              [
                -3.1218,
                51.5797
              ],
              [
                -3.1242,
                51.5886
              ],
              [
                -3.1193,
                51.591
              ],
              [
                -3.12,
                51.5925
              ],
              [
                -3.1117,
                51.5939
              ],
              [
                -3.1052,
                51.5972
              ],
              [
                -3.0937,
                51.5914
              ],
              [
                -3.0926,
                51.5966
              ],
              [
                -3.0876,
                51.5977
              ],
              [
                -3.0861,
                51.596
              ],
              [
                -3.0844,
                51.5975
              ],
              [
                -3.0824,
                51.5961
              ],
              [
                -3.0784,
                51.6
              ],
              [
                -3.0735,
                51.5997
              ],
              [
                -3.0705,
                51.6036
              ],
              [
                -3.0688,
                51.602
              ],
              [
                -3.0642,
                51.6043
              ],
              [
                -3.0637,
                51.6055
              ],
              [
                -3.0713,
                51.6069
              ],
              [
                -3.0812,
                51.613
              ],
              [
                -3.0836,
                51.6162
              ],
              [
                -3.0817,
                51.6197
              ],
              [
                -3.0786,
                51.6181
              ],
              [
                -3.0696,
                51.618
              ],
              [
                -3.0599,
                51.6102
              ],
              [
                -3.0443,
                51.6064
              ],
              [
                -3.0365,
                51.6066
              ],
              [
                -3.0309,
                51.6045
              ],
              [
                -3.0292,
                51.6032
              ],
              [
                -3.0319,
                51.5995
              ],
              [
                -3.0292,
                51.5986
              ],
              [
                -3.0316,
                51.594
              ],
              [
                -3.0266,
                51.5934
              ],
              [
                -3.0079,
                51.5998
              ],
              [
                -3.0121,
                51.6026
              ],
              [
                -3.0098,
                51.6109
              ],
              [
                -3.0162,
                51.6125
              ],
              [
                -3.0199,
                51.6176
              ],
              [
                -3.0086,
                51.6215
              ],
              [
                -3.0003,
                51.6195
              ],
              [
                -3.0008,
                51.6218
              ],
              [
                -2.9913,
                51.6254
              ],
              [
                -2.9926,
                51.6272
              ],
              [
                -2.9907,
                51.6285
              ],
              [
                -2.9637,
                51.6252
              ],
              [
                -2.9589,
                51.6288
              ],
              [
                -2.9536,
                51.6301
              ],
              [
                -2.9456,
                51.627
              ],
              [
                -2.9471,
                51.6251
              ],
              [
                -2.9441,
                51.6231
              ],
              [
                -2.9456,
                51.6214
              ],
              [
                -2.9425,
                51.6206
              ],
              [
                -2.9441,
                51.6182
              ],
              [
                -2.9413,
                51.6171
              ],
              [
                -2.9313,
                51.6193
              ],
              [
                -2.9209,
                51.6269
              ],
              [
                -2.9127,
                51.6228
              ],
              [
                -2.9085,
                51.6236
              ],
              [
                -2.9107,
                51.6255
              ],
              [
                -2.9082,
                51.6291
              ],
              [
                -2.9056,
                51.6295
              ],
              [
                -2.9035,
                51.6271
              ],
              [
                -2.9004,
                51.6277
              ],
              [
                -2.8957,
                51.6307
              ],
              [
                -2.8999,
                51.6321
              ],
              [
                -2.8996,
                51.6331
              ],
              [
                -2.8974,
                51.6345
              ],
              [
                -2.8943,
                51.6328
              ],
              [
                -2.8921,
                51.6338
              ],
              [
                -2.8956,
                51.6364
              ],
              [
                -2.8896,
                51.6373
              ],
              [
                -2.8836,
                51.6415
              ],
              [
                -2.8743,
                51.639
              ],
              [
                -2.8687,
                51.6422
              ],
              [
                -2.855,
                51.6438
              ],
              [
                -2.8368,
                51.6495
              ],
              [
                -2.8344,
                51.6482
              ],
              [
                -2.8337,
                51.6449
              ],
              [
                -2.8269,
                51.6415
              ],
              [
                -2.8205,
                51.6333
              ],
              [
                -2.8161,
                51.6318
              ],
              [
                -2.811,
                51.6274
              ],
              [
                -2.8115,
                51.6261
              ],
              [
                -2.8083,
                51.6255
              ],
              [
                -2.808,
                51.6237
              ],
              [
                -2.8057,
                51.6237
              ],
              [
                -2.8054,
                51.6205
              ],
              [
                -2.807,
                51.6197
              ],
              [
                -2.803,
                51.6177
              ],
              [
                -2.8033,
                51.6157
              ],
              [
                -2.8124,
                51.6167
              ],
              [
                -2.8303,
                51.6149
              ],
              [
                -2.828,
                51.6102
              ],
              [
                -2.8325,
                51.6089
              ],
              [
                -2.836,
                51.6034
              ],
              [
                -2.8405,
                51.6039
              ],
              [
                -2.8411,
                51.6015
              ],
              [
                -2.8473,
                51.601
              ],
              [
                -2.8462,
                51.5987
              ],
              [
                -2.8484,
                51.5982
              ],
              [
                -2.8474,
                51.5961
              ],
              [
                -2.8513,
                51.5941
              ],
              [
                -2.846,
                51.59
              ],
              [
                -2.846,
                51.5873
              ],
              [
                -2.8518,
                51.5847
              ],
              [
                -2.8516,
                51.5813
              ],
              [
                -2.8553,
                51.5817
              ],
              [
                -2.8561,
                51.5798
              ],
              [
                -2.8592,
                51.5794
              ],
              [
                -2.8572,
                51.5743
              ],
              [
                -2.8556,
                51.5745
              ],
              [
                -2.8527,
                51.5713
              ],
              [
                -2.8463,
                51.5726
              ],
              [
                -2.8427,
                51.5678
              ],
              [
                -2.8342,
                51.5704
              ],
              [
                -2.8321,
                51.5629
              ],
              [
                -2.8216,
                51.554
              ],
              [
                -2.8405,
                51.5485
              ],
              [
                -2.8654,
                51.5445
              ],
              [
                -2.9033,
                51.5351
              ],
              [
                -2.9212,
                51.5371
              ],
              [
                -2.9633,
                51.537
              ],
              [
                -2.9682,
                51.5377
              ],
              [
                -2.9811,
                51.5444
              ],
              [
                -2.9924,
                51.5445
              ],
              [
                -2.9974,
                51.5361
              ],
              [
                -3.0193,
                51.5251
              ],
              [
                -3.0384,
                51.5188
              ],
              [
                -3.0401,
                51.5169
              ],
              [
                -3.082,
                51.5008
              ],
              [
                -3.0904,
                51.5099
              ],
              [
                -3.0781,
                51.5132
              ],
              [
                -3.0822,
                51.5148
              ],
              [
                -3.0775,
                51.5171
              ],
              [
                -3.0732,
                51.5171
              ],
              [
                -3.0689,
                51.5203
              ],
              [
                -3.0773,
                51.5237
              ],
              [
                -3.0803,
                51.5274
              ],
              [
                -3.0783,
                51.5282
              ],
              [
                -3.0809,
                51.5316
              ],
              [
                -3.0907,
                51.5334
              ],
              [
                -3.0946,
                51.5369
              ],
              [
                -3.1091,
                51.5431
              ],
              [
                -3.1085,
                51.5452
              ],
              [
                -3.1108,
                51.5465
              ],
              [
                -3.1171,
                51.5444
              ],
              [
                -3.1189,
                51.5451
              ],
              [
                -3.1177,
                51.5465
              ]
            ]
          ]
        ]
      },
      "properties": {
        "name": "Newport",
        "code": "GB.NO",
        "slug": "newport"
      }
    },
    {
      "type": "Feature",
      "geometry": {
        "type": "MultiPolygon",
        "coordinates": [
          [
            [
              [
                -5.4767,
                51.732
              ],
              [
                -5.4762,
                51.7308
              ],
              [
                -5.4785,
                51.7291
              ],
              [
                -5.4818,
                51.73
              ],
              [
                -5.4767,
                51.732
              ]
            ]
          ],
          [
            [
              [
                -5.3354,
                51.8502
              ],
              [
                -5.34,
                51.8468
              ],
              [
                -5.3421,
                51.8472
              ],
              [
                -5.3366,
                51.8511
              ],
              [
                -5.3347,
                51.8512
              ],
              [
                -5.3354,
                51.8502
              ]
            ]
          ],
          [
            [
              [
                -5.4115,
                51.8523
              ],
              [
                -5.413,
                51.8516
              ],
              [
                -5.4138,
                51.852
              ],
              [
                -5.4116,
                51.853
              ],
              [
                -5.4115,
                51.8523
              ]
            ]
          ],
          [
            [
              [
                -5.4103,
                51.8523
              ],
              [
                -5.4104,
                51.8521
              ],
              [
                -5.4119,
                51.8519
              ],
              [
                -5.4104,
                51.8527
              ],
              [
                -5.4103,
                51.8523
              ]
            ]
          ],
          [
            [
              [
                -5.2005,
                51.8588
              ],
              [
                -5.2016,
                51.8579
              ],
              [
                -5.204,
                51.8581
              ],
              [
                -5.2025,
                51.8592
              ],
              [
                -5.2005,
                51.8588
              ]
            ]
          ],
          [
            [
              [
                -5.3,
                51.8603
              ],
              [
                -5.301,
                51.8586
              ],
              [
                -5.3031,
                51.8592
              ],
              [
                -5.3007,
                51.8612
              ],
              [
                -5.3,
                51.8603
              ]
            ]
          ],
          [
            [
              [
                -5.3885,
                51.8797
              ],
              [
                -5.3899,
                51.8785
              ],
              [
                -5.3948,
                51.8774
              ],
              [
                -5.3955,
                51.878
              ],
              [
                -5.3885,
                51.8797
              ]
            ]
          ],
          [
            [
              [
                -5.3973,
                51.8631
              ],
              [
                -5.3953,
                51.8622
              ],
              [
                -5.4002,
                51.8627
              ],
              [
                -5.3989,
                51.8633
              ],
              [
                -5.3973,
                51.8631
              ]
            ]
          ],
          [
            [
              [
                -5.3378,
                51.8788
              ],
              [
                -5.3349,
                51.8767
              ],
              [
                -5.3316,
                51.8789
              ],
              [
                -5.3298,
                51.8777
              ],
              [
                -5.3353,
                51.8694
              ],
              [
                -5.3333,
                51.8685
              ],
              [
                -5.3344,
                51.8667
              ],
              [
                -5.3318,
                51.8642
              ],
              [
                -5.3329,
                51.8587
              ],
              [
                -5.3345,
                51.8582
              ],
              [
                -5.3318,
                51.8565
              ],
              [
                -5.333,
                51.8518
              ],
              [
                -5.3339,
                51.8537
              ],
              [
                -5.3365,
                51.8534
              ],
              [
                -5.3359,
                51.8545
              ],
              [
                -5.3383,
                51.8554
              ],
              [
                -5.3423,
                51.8537
              ],
              [
                -5.3411,
                51.8559
              ],
              [
                -5.3424,
                51.8586
              ],
              [
                -5.347,
                51.857
              ],
              [
                -5.3499,
                51.8577
              ],
              [
                -5.3485,
                51.8597
              ],
              [
                -5.3516,
                51.8596
              ],
              [
                -5.3502,
                51.8612
              ],
              [
                -5.3516,
                51.8617
              ],
              [
                -5.3512,
                51.8633
              ],
              [
                -5.3532,
                51.8633
              ],
              [
                -5.3512,
                51.8645
              ],
              [
                -5.3534,
                51.8651
              ],
              [
                -5.3527,
                51.8665
              ],
              [
                -5.3463,
                51.8666
              ],
              [
                -5.3427,
                51.8694
              ],
              [
                -5.3466,
                51.8715
              ],
              [
                -5.346,
                51.8746
              ],
              [
                -5.3472,
                51.8738
              ],
              [
                -5.3483,
                51.8761
              ],
              [
                -5.3378,
                51.8788
              ]
            ]
          ],
          [
            [
              [
                -5.3816,
                51.8823
              ],
              [
                -5.3816,
                51.8813
              ],
              [
                -5.3851,
                51.8802
              ],
              [
                -5.3849,
                51.8808
              ],
              [
                -5.3816,
                51.8823
              ]
            ]
          ],
          [
            [
              [
                -5.3916,
                51.901
              ],
              [
                -5.3912,
                51.8999
              ],
              [
                -5.3944,
                51.8989
              ],
              [
                -5.3938,
                51.9001
              ],
              [
                -5.3916,
                51.901
              ]
            ]
          ],
          [
            [
              [
                -5.3838,
                51.9033
              ],
              [
                -5.3881,
                51.9011
              ],
              [
                -5.3907,
                51.9012
              ],
              [
                -5.3881,
                51.9031
              ],
              [
                -5.3838,
                51.9033
              ]
            ]
          ],
          [
            [
              [
                -4.9865,
                52.0211
              ],
              [
                -4.9866,
                52.0211
              ],
              [
                -4.9867,
                52.0212
              ],
              [
                -4.9865,
                52.0212
              ],
              [
                -4.9865,
                52.0211
              ]
            ]
          ],
          [
            [
              [
                -4.6887,
                52.1033
              ],
              [
                -4.6888,
                52.1037
              ],
              [
                -4.688,
                52.1032
              ],
              [
                -4.6886,
                52.1032
              ],
              [
                -4.6887,
                52.1033
              ]
            ]
          ],
          [
            [
              [
                -4.7006,
                51.6418
              ],
              [
                -4.6927,
                51.6404
              ],
              [
                -4.687,
                51.6423
              ],
              [
                -4.6819,
                51.642
              ],
              [
                -4.6784,
                51.6393
              ],
              [
                -4.675,
                51.6393
              ],
              [
                -4.6744,
                51.6377
              ],
              [
                -4.6801,
                51.6341
              ],
              [
                -4.6795,
                51.6321
              ],
              [
                -4.6841,
                51.6299
              ],
              [
                -4.6927,
                51.6313
              ],
              [
                -4.6944,
                51.6339
              ],
              [
                -4.7016,
                51.6318
              ],
              [
                -4.7061,
                51.6323
              ],
              [
                -4.7016,
                51.638
              ],
              [
                -4.7077,
                51.6396
              ],
              [
                -4.7105,
                51.6425
              ],
              [
                -4.7066,
                51.6418
              ],
              [
                -4.7034,
                51.6434
              ],
              [
                -4.7006,
                51.6418
              ]
            ]
          ],
          [
            [
              [
                -4.7134,
                51.6428
              ],
              [
                -4.717,
                51.6414
              ],
              [
                -4.7203,
                51.6429
              ],
              [
                -4.7148,
                51.6441
              ],
              [
                -4.7134,
                51.6428
              ]
            ]
          ],
          [
            [
              [
                -5.102788461538464,
                51.66748846153846
              ],
              [
                -5.1027,
                51.6674
              ],
              [
                -5.1029,
                51.6674
              ],
              [
                -5.10280857142857,
                51.66749142857143
              ],
              [
                -5.102788461538464,
                51.66748846153846
              ]
            ]
          ],
          [
            [
              [
                -5.10280857142857,
                51.66749142857143
              ],
              [
                -5.1049,
                51.6678
              ],
              [
                -5.1047,
                51.669
              ],
              [
                -5.1079,
                51.6688
              ],
              [
                -5.1104,
                51.6716
              ],
              [
                -5.1137,
                51.6725
              ],
              [
                -5.1134,
                51.6736
              ],
              [
                -5.1178,
                51.673
              ],
              [
                -5.12,
                51.671
              ],
              [
                -5.1238,
                51.6711
              ],
              [
                -5.1179,
                51.6747
              ],
              [
                -5.1199,
                51.6756
              ],
              [
                -5.1195,
                51.678
              ],
              [
                -5.1255,
                51.682
              ],
              [
                -5.1209,
                51.6842
              ],
              [
                -5.1139,
                51.6847
              ],
              [
                -5.112,
                51.6865
              ],
              [
                -5.1077,
                51.6856
              ],
              [
                -5.1077,
                51.6869
              ],
              [
                -5.1122,
                51.6877
              ],
              [
                -5.1111,
                51.6888
              ],
              [
                -5.1138,
                51.6897
              ],
              [
                -5.1138,
                51.6916
              ],
              [
                -5.1047,
                51.6923
              ],
              [
                -5.0954,
                51.6903
              ],
              [
                -5.0802,
                51.69
              ],
              [
                -5.0747,
                51.6879
              ],
              [
                -5.0806,
                51.6837
              ],
              [
                -5.0784,
                51.6804
              ],
              [
                -5.0745,
                51.6787
              ],
              [
                -5.0655,
                51.6776
              ],
              [
                -5.0569,
                51.6798
              ],
              [
                -5.0562,
                51.679
              ],
              [
                -5.0584,
                51.6782
              ],
              [
                -5.0578,
                51.6773
              ],
              [
                -5.0488,
                51.6773
              ],
              [
                -5.0444,
                51.6798
              ],
              [
                -5.0449,
                51.6838
              ],
              [
                -5.0577,
                51.6876
              ],
              [
                -5.0522,
                51.6906
              ],
              [
                -5.0515,
                51.6939
              ],
              [
                -5.0275,
                51.6951
              ],
              [
                -5.0189,
                51.6918
              ],
              [
                -5.0056,
                51.6898
              ],
              [
                -4.9807,
                51.6894
              ],
              [
                -4.9793,
                51.6863
              ],
              [
                -4.9863,
                51.6841
              ],
              [
                -4.9829,
                51.6839
              ],
              [
                -4.9817,
                51.6812
              ],
              [
                -4.9762,
                51.6784
              ],
              [
                -4.9767,
                51.6756
              ],
              [
                -4.9745,
                51.6745
              ],
              [
                -4.9647,
                51.6773
              ],
              [
                -4.9601,
                51.6762
              ],
              [
                -4.9527,
                51.6765
              ],
              [
                -4.9514,
                51.6779
              ],
              [
                -4.9388,
                51.677
              ],
              [
                -4.9382,
                51.6792
              ],
              [
                -4.9333,
                51.6805
              ],
              [
                -4.9503,
                51.6796
              ],
              [
                -4.9746,
                51.6852
              ],
              [
                -4.9772,
                51.6883
              ],
              [
                -4.9694,
                51.6893
              ],
              [
                -4.9611,
                51.6937
              ],
              [
                -4.9605,
                51.698
              ],
              [
                -4.9587,
                51.6998
              ],
              [
                -4.9563,
                51.6995
              ],
              [
                -4.9556,
                51.6979
              ],
              [
                -4.9525,
                51.6992
              ],
              [
                -4.9501,
                51.6987
              ],
              [
                -4.9495,
                51.6968
              ],
              [
                -4.9433,
                51.6965
              ],
              [
                -4.9449,
                51.7
              ],
              [
                -4.9355,
                51.7015
              ],
              [
                -4.9336,
                51.7048
              ],
              [
                -4.9196,
                51.7009
              ],
              [
                -4.9206,
                51.6979
              ],
              [
                -4.9184,
                51.6948
              ],
              [
                -4.9055,
                51.6945
              ],
              [
                -4.9165,
                51.696
              ],
              [
                -4.9188,
                51.6991
              ],
              [
                -4.9105,
                51.7031
              ],
              [
                -4.9064,
                51.7081
              ],
              [
                -4.8916,
                51.7081
              ],
              [
                -4.8883,
                51.7104
              ],
              [
                -4.8866,
                51.7166
              ],
              [
                -4.8847,
                51.7173
              ],
              [
                -4.8674,
                51.717
              ],
              [
                -4.859,
                51.7117
              ],
              [
                -4.8595,
                51.7101
              ],
              [
                -4.8539,
                51.7054
              ],
              [
                -4.8478,
                51.7018
              ],
              [
                -4.8461,
                51.7015
              ],
              [
                -4.851,
                51.7056
              ],
              [
                -4.8505,
                51.7071
              ],
              [
                -4.8565,
                51.7105
              ],
              [
                -4.8561,
                51.713
              ],
              [
                -4.8633,
                51.7197
              ],
              [
                -4.8464,
                51.7234
              ],
              [
                -4.8408,
                51.7237
              ],
              [
                -4.8378,
                51.722
              ],
              [
                -4.8344,
                51.723
              ],
              [
                -4.8462,
                51.7249
              ],
              [
                -4.8569,
                51.7219
              ],
              [
                -4.8689,
                51.7221
              ],
              [
                -4.8724,
                51.7191
              ],
              [
                -4.8778,
                51.718
              ],
              [
                -4.8844,
                51.7189
              ],
              [
                -4.8836,
                51.7221
              ],
              [
                -4.8851,
                51.7268
              ],
              [
                -4.8835,
                51.7323
              ],
              [
                -4.8733,
                51.7327
              ],
              [
                -4.8937,
                51.7383
              ],
              [
                -4.8972,
                51.7396
              ],
              [
                -4.8972,
                51.7413
              ],
              [
                -4.8927,
                51.749
              ],
              [
                -4.8949,
                51.7517
              ],
              [
                -4.8944,
                51.7552
              ],
              [
                -4.8904,
                51.7606
              ],
              [
                -4.8877,
                51.7612
              ],
              [
                -4.8905,
                51.764
              ],
              [
                -4.8876,
                51.7681
              ],
              [
                -4.8711,
                51.7737
              ],
              [
                -4.8672,
                51.7765
              ],
              [
                -4.8649,
                51.7833
              ],
              [
                -4.862,
                51.7848
              ],
              [
                -4.8503,
                51.7884
              ],
              [
                -4.8338,
                51.7902
              ],
              [
                -4.8573,
                51.7882
              ],
              [
                -4.8667,
                51.783
              ],
              [
                -4.8679,
                51.7794
              ],
              [
                -4.873,
                51.7758
              ],
              [
                -4.8764,
                51.7741
              ],
              [
                -4.8834,
                51.7738
              ],
              [
                -4.8841,
                51.7719
              ],
              [
                -4.8878,
                51.7719
              ],
              [
                -4.8956,
                51.7675
              ],
              [
                -4.906,
                51.7727
              ],
              [
                -4.9084,
                51.7771
              ],
              [
                -4.9095,
                51.7756
              ],
              [
                -4.9078,
                51.7734
              ],
              [
                -4.9091,
                51.7721
              ],
              [
                -4.9234,
                51.7738
              ],
              [
                -4.9278,
                51.773
              ],
              [
                -4.9352,
                51.7677
              ],
              [
                -4.9403,
                51.7663
              ],
              [
                -4.9444,
                51.7692
              ],
              [
                -4.9438,
                51.7755
              ],
              [
                -4.9349,
                51.7827
              ],
              [
                -4.9445,
                51.7782
              ],
              [
                -4.9462,
                51.7752
              ],
              [
                -4.9451,
                51.7707
              ],
              [
                -4.9462,
                51.7693
              ],
              [
                -4.9406,
                51.7654
              ],
              [
                -4.9226,
                51.7712
              ],
              [
                -4.9147,
                51.772
              ],
              [
                -4.9013,
                51.7659
              ],
              [
                -4.899,
                51.763
              ],
              [
                -4.9034,
                51.7601
              ],
              [
                -4.9001,
                51.7542
              ],
              [
                -4.9006,
                51.7512
              ],
              [
                -4.8987,
                51.7471
              ],
              [
                -4.9045,
                51.7445
              ],
              [
                -4.8995,
                51.7368
              ],
              [
                -4.8896,
                51.7336
              ],
              [
                -4.8869,
                51.7308
              ],
              [
                -4.8887,
                51.7267
              ],
              [
                -4.8876,
                51.7237
              ],
              [
                -4.8928,
                51.7171
              ],
              [
                -4.8928,
                51.7126
              ],
              [
                -4.8957,
                51.7099
              ],
              [
                -4.907,
                51.7112
              ],
              [
                -4.9202,
                51.7049
              ],
              [
                -4.9292,
                51.7085
              ],
              [
                -4.9351,
                51.7091
              ],
              [
                -4.942,
                51.7075
              ],
              [
                -4.9431,
                51.7041
              ],
              [
                -4.9595,
                51.706
              ],
              [
                -4.9852,
                51.6991
              ],
              [
                -5.0148,
                51.7041
              ],
              [
                -5.0222,
                51.7077
              ],
              [
                -5.0194,
                51.7104
              ],
              [
                -5.0195,
                51.7135
              ],
              [
                -5.023,
                51.708
              ],
              [
                -5.0394,
                51.7116
              ],
              [
                -5.0417,
                51.7112
              ],
              [
                -5.0362,
                51.7099
              ],
              [
                -5.0412,
                51.7074
              ],
              [
                -5.0544,
                51.7072
              ],
              [
                -5.0601,
                51.7099
              ],
              [
                -5.0631,
                51.7072
              ],
              [
                -5.0602,
                51.7006
              ],
              [
                -5.0539,
                51.7014
              ],
              [
                -5.0615,
                51.6996
              ],
              [
                -5.0603,
                51.7005
              ],
              [
                -5.0632,
                51.7072
              ],
              [
                -5.0862,
                51.7061
              ],
              [
                -5.0883,
                51.7078
              ],
              [
                -5.0872,
                51.7116
              ],
              [
                -5.0947,
                51.7162
              ],
              [
                -5.0966,
                51.7207
              ],
              [
                -5.1049,
                51.7235
              ],
              [
                -5.1062,
                51.7229
              ],
              [
                -5.1034,
                51.7201
              ],
              [
                -5.1062,
                51.7191
              ],
              [
                -5.1057,
                51.7155
              ],
              [
                -5.1105,
                51.7163
              ],
              [
                -5.1145,
                51.7135
              ],
              [
                -5.1134,
                51.7113
              ],
              [
                -5.1158,
                51.7102
              ],
              [
                -5.1182,
                51.7107
              ],
              [
                -5.1205,
                51.7148
              ],
              [
                -5.1249,
                51.7166
              ],
              [
                -5.1318,
                51.7161
              ],
              [
                -5.1344,
                51.7148
              ],
              [
                -5.1343,
                51.7124
              ],
              [
                -5.1451,
                51.7137
              ],
              [
                -5.1529,
                51.7121
              ],
              [
                -5.1565,
                51.7123
              ],
              [
                -5.1611,
                51.7169
              ],
              [
                -5.1689,
                51.7174
              ],
              [
                -5.1728,
                51.7151
              ],
              [
                -5.1667,
                51.711
              ],
              [
                -5.1674,
                51.7072
              ],
              [
                -5.1494,
                51.7027
              ],
              [
                -5.157,
                51.7014
              ],
              [
                -5.1573,
                51.6984
              ],
              [
                -5.1528,
                51.6961
              ],
              [
                -5.1601,
                51.6921
              ],
              [
                -5.1568,
                51.6902
              ],
              [
                -5.1579,
                51.6894
              ],
              [
                -5.1567,
                51.688
              ],
              [
                -5.1692,
                51.6873
              ],
              [
                -5.1718,
                51.6848
              ],
              [
                -5.1701,
                51.6839
              ],
              [
                -5.1695,
                51.6811
              ],
              [
                -5.1755,
                51.6799
              ],
              [
                -5.1775,
                51.6835
              ],
              [
                -5.1838,
                51.6856
              ],
              [
                -5.1825,
                51.6889
              ],
              [
                -5.1883,
                51.6898
              ],
              [
                -5.1866,
                51.6937
              ],
              [
                -5.1888,
                51.6942
              ],
              [
                -5.1882,
                51.6972
              ],
              [
                -5.1916,
                51.6998
              ],
              [
                -5.1877,
                51.7029
              ],
              [
                -5.1869,
                51.7054
              ],
              [
                -5.1894,
                51.7061
              ],
              [
                -5.1877,
                51.7085
              ],
              [
                -5.2041,
                51.7116
              ],
              [
                -5.2022,
                51.7151
              ],
              [
                -5.2027,
                51.7171
              ],
              [
                -5.2149,
                51.723
              ],
              [
                -5.2239,
                51.7232
              ],
              [
                -5.228,
                51.7189
              ],
              [
                -5.2344,
                51.7174
              ],
              [
                -5.2294,
                51.7204
              ],
              [
                -5.2288,
                51.7224
              ],
              [
                -5.2324,
                51.7249
              ],
              [
                -5.2394,
                51.7256
              ],
              [
                -5.2386,
                51.7264
              ],
              [
                -5.2425,
                51.7285
              ],
              [
                -5.2449,
                51.7284
              ],
              [
                -5.2461,
                51.7294
              ],
              [
                -5.2447,
                51.7307
              ],
              [
                -5.2466,
                51.7328
              ],
              [
                -5.2534,
                51.7331
              ],
              [
                -5.2519,
                51.7357
              ],
              [
                -5.2541,
                51.7381
              ],
              [
                -5.2464,
                51.7381
              ],
              [
                -5.2447,
                51.7364
              ],
              [
                -5.2421,
                51.7376
              ],
              [
                -5.2266,
                51.7375
              ],
              [
                -5.2172,
                51.7346
              ],
              [
                -5.2105,
                51.7345
              ],
              [
                -5.2051,
                51.7396
              ],
              [
                -5.2055,
                51.742
              ],
              [
                -5.2026,
                51.7457
              ],
              [
                -5.2037,
                51.7483
              ],
              [
                -5.2024,
                51.7506
              ],
              [
                -5.2049,
                51.7518
              ],
              [
                -5.203,
                51.7533
              ],
              [
                -5.2031,
                51.7556
              ],
              [
                -5.1992,
                51.7544
              ],
              [
                -5.1952,
                51.7568
              ],
              [
                -5.1861,
                51.7551
              ],
              [
                -5.1824,
                51.7595
              ],
              [
                -5.1782,
                51.7609
              ],
              [
                -5.176,
                51.765
              ],
              [
                -5.1664,
                51.7679
              ],
              [
                -5.167,
                51.769
              ],
              [
                -5.1635,
                51.7693
              ],
              [
                -5.1639,
                51.7703
              ],
              [
                -5.1603,
                51.7721
              ],
              [
                -5.1571,
                51.7709
              ],
              [
                -5.1492,
                51.7725
              ],
              [
                -5.1404,
                51.7702
              ],
              [
                -5.1364,
                51.7734
              ],
              [
                -5.1302,
                51.7697
              ],
              [
                -5.1201,
                51.7685
              ],
              [
                -5.1088,
                51.7751
              ],
              [
                -5.1072,
                51.7768
              ],
              [
                -5.1077,
                51.7786
              ],
              [
                -5.1044,
                51.7795
              ],
              [
                -5.1033,
                51.7815
              ],
              [
                -5.1033,
                51.7835
              ],
              [
                -5.1055,
                51.7848
              ],
              [
                -5.1056,
                51.7942
              ],
              [
                -5.1072,
                51.7952
              ],
              [
                -5.1061,
                51.8034
              ],
              [
                -5.1044,
                51.8045
              ],
              [
                -5.1055,
                51.8085
              ],
              [
                -5.1044,
                51.8124
              ],
              [
                -5.1111,
                51.8201
              ],
              [
                -5.1088,
                51.8241
              ],
              [
                -5.1124,
                51.8232
              ],
              [
                -5.116,
                51.8273
              ],
              [
                -5.1161,
                51.8296
              ],
              [
                -5.1138,
                51.8312
              ],
              [
                -5.1138,
                51.8355
              ],
              [
                -5.1199,
                51.8474
              ],
              [
                -5.1266,
                51.8557
              ],
              [
                -5.1397,
                51.8638
              ],
              [
                -5.1452,
                51.8621
              ],
              [
                -5.15,
                51.863
              ],
              [
                -5.1553,
                51.8615
              ],
              [
                -5.1567,
                51.8626
              ],
              [
                -5.1591,
                51.8594
              ],
              [
                -5.1597,
                51.8627
              ],
              [
                -5.166,
                51.8646
              ],
              [
                -5.1742,
                51.8624
              ],
              [
                -5.1783,
                51.8632
              ],
              [
                -5.1816,
                51.8611
              ],
              [
                -5.1788,
                51.8647
              ],
              [
                -5.182,
                51.8674
              ],
              [
                -5.1945,
                51.8672
              ],
              [
                -5.1954,
                51.8677
              ],
              [
                -5.1939,
                51.8689
              ],
              [
                -5.1973,
                51.8698
              ],
              [
                -5.1965,
                51.8683
              ],
              [
                -5.198,
                51.8673
              ],
              [
                -5.2024,
                51.8666
              ],
              [
                -5.2025,
                51.8681
              ],
              [
                -5.2052,
                51.8683
              ],
              [
                -5.2119,
                51.8669
              ],
              [
                -5.2127,
                51.8705
              ],
              [
                -5.2208,
                51.8735
              ],
              [
                -5.2238,
                51.8724
              ],
              [
                -5.231,
                51.8733
              ],
              [
                -5.2406,
                51.8707
              ],
              [
                -5.2462,
                51.8726
              ],
              [
                -5.2506,
                51.8697
              ],
              [
                -5.2498,
                51.8679
              ],
              [
                -5.2526,
                51.8687
              ],
              [
                -5.2515,
                51.8696
              ],
              [
                -5.2544,
                51.8719
              ],
              [
                -5.2613,
                51.8689
              ],
              [
                -5.2672,
                51.8713
              ],
              [
                -5.2743,
                51.868
              ],
              [
                -5.2761,
                51.8692
              ],
              [
                -5.2786,
                51.8674
              ],
              [
                -5.281,
                51.868
              ],
              [
                -5.2809,
                51.8655
              ],
              [
                -5.291,
                51.8639
              ],
              [
                -5.2922,
                51.862
              ],
              [
                -5.2957,
                51.8615
              ],
              [
                -5.2947,
                51.8589
              ],
              [
                -5.2965,
                51.8579
              ],
              [
                -5.2978,
                51.8652
              ],
              [
                -5.3063,
                51.8635
              ],
              [
                -5.3091,
                51.8602
              ],
              [
                -5.3163,
                51.8596
              ],
              [
                -5.3199,
                51.8617
              ],
              [
                -5.3203,
                51.8645
              ],
              [
                -5.3187,
                51.8662
              ],
              [
                -5.3155,
                51.8659
              ],
              [
                -5.3131,
                51.8698
              ],
              [
                -5.3104,
                51.8696
              ],
              [
                -5.3076,
                51.8769
              ],
              [
                -5.3143,
                51.8802
              ],
              [
                -5.3163,
                51.8846
              ],
              [
                -5.3092,
                51.8879
              ],
              [
                -5.3049,
                51.8865
              ],
              [
                -5.2961,
                51.8943
              ],
              [
                -5.2966,
                51.8969
              ],
              [
                -5.3004,
                51.898
              ],
              [
                -5.2987,
                51.8987
              ],
              [
                -5.2997,
                51.9001
              ],
              [
                -5.3049,
                51.9004
              ],
              [
                -5.3043,
                51.9028
              ],
              [
                -5.3144,
                51.9027
              ],
              [
                -5.3057,
                51.9085
              ],
              [
                -5.3022,
                51.9084
              ],
              [
                -5.2894,
                51.9143
              ],
              [
                -5.2853,
                51.914
              ],
              [
                -5.2856,
                51.9113
              ],
              [
                -5.2798,
                51.9131
              ],
              [
                -5.2761,
                51.9117
              ],
              [
                -5.272,
                51.9123
              ],
              [
                -5.2721,
                51.9139
              ],
              [
                -5.2661,
                51.9139
              ],
              [
                -5.2611,
                51.916
              ],
              [
                -5.2592,
                51.9148
              ],
              [
                -5.2534,
                51.9169
              ],
              [
                -5.2544,
                51.9194
              ],
              [
                -5.2495,
                51.9216
              ],
              [
                -5.2437,
                51.9216
              ],
              [
                -5.2392,
                51.9243
              ],
              [
                -5.2368,
                51.9265
              ],
              [
                -5.2388,
                51.9274
              ],
              [
                -5.2353,
                51.9279
              ],
              [
                -5.2359,
                51.9295
              ],
              [
                -5.2301,
                51.9309
              ],
              [
                -5.2242,
                51.9295
              ],
              [
                -5.2226,
                51.9314
              ],
              [
                -5.2102,
                51.9322
              ],
              [
                -5.2075,
                51.9362
              ],
              [
                -5.2131,
                51.9386
              ],
              [
                -5.2007,
                51.9413
              ],
              [
                -5.1994,
                51.9432
              ],
              [
                -5.2041,
                51.9452
              ],
              [
                -5.1964,
                51.9464
              ],
              [
                -5.1998,
                51.9478
              ],
              [
                -5.1933,
                51.9483
              ],
              [
                -5.1963,
                51.9496
              ],
              [
                -5.1964,
                51.9506
              ],
              [
                -5.1884,
                51.9495
              ],
              [
                -5.1859,
                51.9506
              ],
              [
                -5.1864,
                51.9496
              ],
              [
                -5.1848,
                51.9504
              ],
              [
                -5.1853,
                51.9492
              ],
              [
                -5.1826,
                51.9487
              ],
              [
                -5.1828,
                51.9506
              ],
              [
                -5.1753,
                51.9513
              ],
              [
                -5.1741,
                51.9489
              ],
              [
                -5.1695,
                51.9499
              ],
              [
                -5.1656,
                51.948
              ],
              [
                -5.154,
                51.9483
              ],
              [
                -5.1534,
                51.9498
              ],
              [
                -5.1554,
                51.9505
              ],
              [
                -5.1562,
                51.9527
              ],
              [
                -5.1487,
                51.9528
              ],
              [
                -5.1481,
                51.9541
              ],
              [
                -5.15,
                51.9546
              ],
              [
                -5.1431,
                51.956
              ],
              [
                -5.1452,
                51.9572
              ],
              [
                -5.1418,
                51.9593
              ],
              [
                -5.1482,
                51.9606
              ],
              [
                -5.1396,
                51.9627
              ],
              [
                -5.1395,
                51.9651
              ],
              [
                -5.1271,
                51.9598
              ],
              [
                -5.128,
                51.9614
              ],
              [
                -5.1245,
                51.9625
              ],
              [
                -5.1221,
                51.9606
              ],
              [
                -5.1108,
                51.9623
              ],
              [
                -5.1069,
                51.9612
              ],
              [
                -5.1026,
                51.9648
              ],
              [
                -5.104,
                51.9653
              ],
              [
                -5.1024,
                51.9659
              ],
              [
                -5.1039,
                51.967
              ],
              [
                -5.103,
                51.9678
              ],
              [
                -5.105,
                51.9688
              ],
              [
                -5.0994,
                51.9687
              ],
              [
                -5.0994,
                51.9707
              ],
              [
                -5.0959,
                51.9685
              ],
              [
                -5.0865,
                51.9685
              ],
              [
                -5.0827,
                51.9736
              ],
              [
                -5.0855,
                51.9746
              ],
              [
                -5.0834,
                51.9756
              ],
              [
                -5.0854,
                51.9762
              ],
              [
                -5.0857,
                51.9794
              ],
              [
                -5.0878,
                51.9802
              ],
              [
                -5.0854,
                51.9817
              ],
              [
                -5.0861,
                51.9827
              ],
              [
                -5.0824,
                51.983
              ],
              [
                -5.0818,
                51.9843
              ],
              [
                -5.0831,
                51.9845
              ],
              [
                -5.0799,
                51.9853
              ],
              [
                -5.0824,
                51.9874
              ],
              [
                -5.0911,
                51.987
              ],
              [
                -5.0886,
                51.9902
              ],
              [
                -5.0926,
                51.992
              ],
              [
                -5.0914,
                51.993
              ],
              [
                -5.0955,
                51.9938
              ],
              [
                -5.0795,
                51.9996
              ],
              [
                -5.0722,
                52.0046
              ],
              [
                -5.0728,
                52.0059
              ],
              [
                -5.081,
                52.006
              ],
              [
                -5.0788,
                52.0069
              ],
              [
                -5.0817,
                52.008
              ],
              [
                -5.0794,
                52.0082
              ],
              [
                -5.0801,
                52.0101
              ],
              [
                -5.078,
                52.0113
              ],
              [
                -5.0852,
                52.0121
              ],
              [
                -5.0861,
                52.014
              ],
              [
                -5.0883,
                52.0136
              ],
              [
                -5.0876,
                52.0149
              ],
              [
                -5.0896,
                52.0153
              ],
              [
                -5.082,
                52.0232
              ],
              [
                -5.0714,
                52.0261
              ],
              [
                -5.0717,
                52.0288
              ],
              [
                -5.0745,
                52.0287
              ],
              [
                -5.0749,
                52.0308
              ],
              [
                -5.072,
                52.0298
              ],
              [
                -5.0619,
                52.0318
              ],
              [
                -5.0605,
                52.0295
              ],
              [
                -5.0581,
                52.0303
              ],
              [
                -5.0565,
                52.0293
              ],
              [
                -5.0587,
                52.0281
              ],
              [
                -5.0539,
                52.028
              ],
              [
                -5.0538,
                52.0254
              ],
              [
                -5.0488,
                52.0281
              ],
              [
                -5.0444,
                52.0259
              ],
              [
                -5.0391,
                52.0278
              ],
              [
                -5.0361,
                52.0256
              ],
              [
                -5.0326,
                52.0267
              ],
              [
                -5.0282,
                52.0254
              ],
              [
                -5.0284,
                52.0243
              ],
              [
                -5.0232,
                52.025
              ],
              [
                -5.023,
                52.0222
              ],
              [
                -5.0208,
                52.0203
              ],
              [
                -5.0181,
                52.0215
              ],
              [
                -5.017,
                52.0241
              ],
              [
                -5.0161,
                52.0229
              ],
              [
                -5.0146,
                52.024
              ],
              [
                -5.0105,
                52.0225
              ],
              [
                -5.0077,
                52.0242
              ],
              [
                -5.0031,
                52.024
              ],
              [
                -5.0043,
                52.026
              ],
              [
                -5.0007,
                52.0236
              ],
              [
                -4.9971,
                52.0252
              ],
              [
                -4.9938,
                52.0225
              ],
              [
                -4.9907,
                52.024
              ],
              [
                -4.9918,
                52.026
              ],
              [
                -4.9866,
                52.0229
              ],
              [
                -4.9873,
                52.0162
              ],
              [
                -4.9697,
                52.0127
              ],
              [
                -4.9826,
                52.0147
              ],
              [
                -4.9859,
                52.0097
              ],
              [
                -4.9923,
                52.0052
              ],
              [
                -4.9917,
                52.0023
              ],
              [
                -4.9891,
                52.0023
              ],
              [
                -4.9895,
                52.0012
              ],
              [
                -4.9867,
                51.9998
              ],
              [
                -4.9759,
                52.0007
              ],
              [
                -4.9758,
                51.9986
              ],
              [
                -4.9717,
                51.9959
              ],
              [
                -4.9705,
                51.9964
              ],
              [
                -4.972,
                51.9979
              ],
              [
                -4.9704,
                52.0002
              ],
              [
                -4.9712,
                52.0016
              ],
              [
                -4.9654,
                52.0018
              ],
              [
                -4.9615,
                52.0001
              ],
              [
                -4.9571,
                52.0029
              ],
              [
                -4.9452,
                52.0046
              ],
              [
                -4.9414,
                52.008
              ],
              [
                -4.936,
                52.0071
              ],
              [
                -4.935,
                52.0097
              ],
              [
                -4.9292,
                52.0091
              ],
              [
                -4.9298,
                52.0105
              ],
              [
                -4.9274,
                52.0121
              ],
              [
                -4.9251,
                52.0111
              ],
              [
                -4.9239,
                52.0123
              ],
              [
                -4.9205,
                52.0104
              ],
              [
                -4.9213,
                52.0151
              ],
              [
                -4.9173,
                52.016
              ],
              [
                -4.9171,
                52.0175
              ],
              [
                -4.9105,
                52.0209
              ],
              [
                -4.9143,
                52.0224
              ],
              [
                -4.9133,
                52.024
              ],
              [
                -4.9188,
                52.026
              ],
              [
                -4.9166,
                52.0271
              ],
              [
                -4.918,
                52.0271
              ],
              [
                -4.9183,
                52.0276
              ],
              [
                -4.9162,
                52.0286
              ],
              [
                -4.9166,
                52.0301
              ],
              [
                -4.912,
                52.0309
              ],
              [
                -4.9121,
                52.0335
              ],
              [
                -4.9101,
                52.035
              ],
              [
                -4.9033,
                52.0346
              ],
              [
                -4.9,
                52.0323
              ],
              [
                -4.894,
                52.0314
              ],
              [
                -4.8925,
                52.0288
              ],
              [
                -4.8937,
                52.026
              ],
              [
                -4.8923,
                52.0256
              ],
              [
                -4.8941,
                52.0239
              ],
              [
                -4.8898,
                52.0242
              ],
              [
                -4.8857,
                52.0209
              ],
              [
                -4.8792,
                52.021
              ],
              [
                -4.8785,
                52.0196
              ],
              [
                -4.878,
                52.0213
              ],
              [
                -4.872,
                52.0219
              ],
              [
                -4.8691,
                52.0198
              ],
              [
                -4.8688,
                52.0211
              ],
              [
                -4.8644,
                52.0209
              ],
              [
                -4.8573,
                52.0237
              ],
              [
                -4.8503,
                52.0221
              ],
              [
                -4.8453,
                52.0237
              ],
              [
                -4.8456,
                52.0223
              ],
              [
                -4.8417,
                52.0215
              ],
              [
                -4.833,
                52.0217
              ],
              [
                -4.8266,
                52.0201
              ],
              [
                -4.8354,
                52.0241
              ],
              [
                -4.8366,
                52.028
              ],
              [
                -4.8397,
                52.031
              ],
              [
                -4.8393,
                52.034
              ],
              [
                -4.8477,
                52.0375
              ],
              [
                -4.8466,
                52.0377
              ],
              [
                -4.8477,
                52.0402
              ],
              [
                -4.8456,
                52.0425
              ],
              [
                -4.8405,
                52.0471
              ],
              [
                -4.8361,
                52.0479
              ],
              [
                -4.8371,
                52.0505
              ],
              [
                -4.8314,
                52.0508
              ],
              [
                -4.8286,
                52.0537
              ],
              [
                -4.8189,
                52.0562
              ],
              [
                -4.8005,
                52.0568
              ],
              [
                -4.7899,
                52.0595
              ],
              [
                -4.7844,
                52.0633
              ],
              [
                -4.7855,
                52.0642
              ],
              [
                -4.7837,
                52.0662
              ],
              [
                -4.7773,
                52.0668
              ],
              [
                -4.7772,
                52.0684
              ],
              [
                -4.7745,
                52.07
              ],
              [
                -4.7763,
                52.0706
              ],
              [
                -4.7712,
                52.0716
              ],
              [
                -4.7711,
                52.0735
              ],
              [
                -4.7656,
                52.0767
              ],
              [
                -4.7665,
                52.0775
              ],
              [
                -4.7595,
                52.0779
              ],
              [
                -4.7611,
                52.0792
              ],
              [
                -4.7592,
                52.0802
              ],
              [
                -4.7605,
                52.0814
              ],
              [
                -4.7516,
                52.0896
              ],
              [
                -4.7525,
                52.093
              ],
              [
                -4.7464,
                52.0947
              ],
              [
                -4.743,
                52.0988
              ],
              [
                -4.7444,
                52.1021
              ],
              [
                -4.7495,
                52.104
              ],
              [
                -4.7366,
                52.1093
              ],
              [
                -4.7331,
                52.1143
              ],
              [
                -4.7342,
                52.1155
              ],
              [
                -4.7314,
                52.1179
              ],
              [
                -4.7233,
                52.1152
              ],
              [
                -4.7211,
                52.1125
              ],
              [
                -4.7129,
                52.1112
              ],
              [
                -4.7106,
                52.1081
              ],
              [
                -4.703,
                52.1079
              ],
              [
                -4.7023,
                52.1056
              ],
              [
                -4.6941,
                52.1051
              ],
              [
                -4.6901,
                52.1006
              ],
              [
                -4.6835,
                52.0972
              ],
              [
                -4.6806,
                52.0932
              ],
              [
                -4.6823,
                52.0899
              ],
              [
                -4.6816,
                52.085
              ],
              [
                -4.6776,
                52.0829
              ],
              [
                -4.6731,
                52.0829
              ],
              [
                -4.6726,
                52.0811
              ],
              [
                -4.6697,
                52.0804
              ],
              [
                -4.6723,
                52.0788
              ],
              [
                -4.6694,
                52.0755
              ],
              [
                -4.6705,
                52.0738
              ],
              [
                -4.6829,
                52.0699
              ],
              [
                -4.6803,
                52.0669
              ],
              [
                -4.6814,
                52.0649
              ],
              [
                -4.6803,
                52.0637
              ],
              [
                -4.6733,
                52.0625
              ],
              [
                -4.6686,
                52.058
              ],
              [
                -4.6649,
                52.0578
              ],
              [
                -4.6609,
                52.0613
              ],
              [
                -4.6565,
                52.0625
              ],
              [
                -4.6542,
                52.0691
              ],
              [
                -4.6503,
                52.0717
              ],
              [
                -4.6519,
                52.0751
              ],
              [
                -4.6503,
                52.0766
              ],
              [
                -4.6479,
                52.0759
              ],
              [
                -4.647,
                52.0784
              ],
              [
                -4.643,
                52.0767
              ],
              [
                -4.6364,
                52.0689
              ],
              [
                -4.6424,
                52.0656
              ],
              [
                -4.6312,
                52.056
              ],
              [
                -4.6247,
                52.0545
              ],
              [
                -4.6118,
                52.0568
              ],
              [
                -4.6089,
                52.0589
              ],
              [
                -4.6083,
                52.062
              ],
              [
                -4.5968,
                52.0626
              ],
              [
                -4.5852,
                52.0613
              ],
              [
                -4.5844,
                52.059
              ],
              [
                -4.5813,
                52.0579
              ],
              [
                -4.5686,
                52.0583
              ],
              [
                -4.5659,
                52.0568
              ],
              [
                -4.5609,
                52.0447
              ],
              [
                -4.5512,
                52.0381
              ],
              [
                -4.5509,
                52.0335
              ],
              [
                -4.549,
                52.0323
              ],
              [
                -4.5511,
                52.0304
              ],
              [
                -4.5494,
                52.0302
              ],
              [
                -4.548,
                52.0217
              ],
              [
                -4.5454,
                52.0202
              ],
              [
                -4.547,
                52.0203
              ],
              [
                -4.5464,
                52.0191
              ],
              [
                -4.542,
                52.0174
              ],
              [
                -4.5355,
                52.0178
              ],
              [
                -4.5299,
                52.0136
              ],
              [
                -4.523,
                52.0113
              ],
              [
                -4.5203,
                52.0048
              ],
              [
                -4.5156,
                52.0022
              ],
              [
                -4.5123,
                51.9949
              ],
              [
                -4.5002,
                51.992
              ],
              [
                -4.4939,
                51.9925
              ],
              [
                -4.4871,
                51.9887
              ],
              [
                -4.4882,
                51.9835
              ],
              [
                -4.4856,
                51.9757
              ],
              [
                -4.488,
                51.9714
              ],
              [
                -4.4878,
                51.9678
              ],
              [
                -4.4933,
                51.9613
              ],
              [
                -4.5193,
                51.9578
              ],
              [
                -4.5328,
                51.9544
              ],
              [
                -4.5353,
                51.9563
              ],
              [
                -4.5415,
                51.9566
              ],
              [
                -4.5441,
                51.954
              ],
              [
                -4.5517,
                51.9519
              ],
              [
                -4.5526,
                51.9494
              ],
              [
                -4.5559,
                51.9495
              ],
              [
                -4.56,
                51.9469
              ],
              [
                -4.5664,
                51.9374
              ],
              [
                -4.5729,
                51.9335
              ],
              [
                -4.5782,
                51.9318
              ],
              [
                -4.5878,
                51.9318
              ],
              [
                -4.5937,
                51.935
              ],
              [
                -4.5995,
                51.9411
              ],
              [
                -4.6065,
                51.938
              ],
              [
                -4.6075,
                51.935
              ],
              [
                -4.6128,
                51.9319
              ],
              [
                -4.6206,
                51.9291
              ],
              [
                -4.6267,
                51.9289
              ],
              [
                -4.6291,
                51.9221
              ],
              [
                -4.6356,
                51.9186
              ],
              [
                -4.6456,
                51.9206
              ],
              [
                -4.6603,
                51.9269
              ],
              [
                -4.6652,
                51.9295
              ],
              [
                -4.6679,
                51.9341
              ],
              [
                -4.6733,
                51.9284
              ],
              [
                -4.6858,
                51.9238
              ],
              [
                -4.6955,
                51.9235
              ],
              [
                -4.7049,
                51.9205
              ],
              [
                -4.7054,
                51.9187
              ],
              [
                -4.7178,
                51.9125
              ],
              [
                -4.7126,
                51.908
              ],
              [
                -4.7135,
                51.8992
              ],
              [
                -4.7207,
                51.8983
              ],
              [
                -4.7231,
                51.8957
              ],
              [
                -4.7151,
                51.8917
              ],
              [
                -4.7177,
                51.8883
              ],
              [
                -4.7067,
                51.8889
              ],
              [
                -4.706,
                51.8827
              ],
              [
                -4.7005,
                51.8784
              ],
              [
                -4.699,
                51.8725
              ],
              [
                -4.6996,
                51.8681
              ],
              [
                -4.6965,
                51.8659
              ],
              [
                -4.6977,
                51.864
              ],
              [
                -4.6969,
                51.8616
              ],
              [
                -4.6941,
                51.8596
              ],
              [
                -4.695,
                51.857
              ],
              [
                -4.7017,
                51.8547
              ],
              [
                -4.7001,
                51.8534
              ],
              [
                -4.7002,
                51.8511
              ],
              [
                -4.7044,
                51.8516
              ],
              [
                -4.7086,
                51.8473
              ],
              [
                -4.7086,
                51.8453
              ],
              [
                -4.7051,
                51.8445
              ],
              [
                -4.7043,
                51.8391
              ],
              [
                -4.6842,
                51.8396
              ],
              [
                -4.6816,
                51.8372
              ],
              [
                -4.6728,
                51.8356
              ],
              [
                -4.6696,
                51.8367
              ],
              [
                -4.6633,
                51.8328
              ],
              [
                -4.6568,
                51.8312
              ],
              [
                -4.6522,
                51.8325
              ],
              [
                -4.6458,
                51.8313
              ],
              [
                -4.6426,
                51.8289
              ],
              [
                -4.6419,
                51.8265
              ],
              [
                -4.6433,
                51.8248
              ],
              [
                -4.6376,
                51.8234
              ],
              [
                -4.638,
                51.8222
              ],
              [
                -4.6338,
                51.8222
              ],
              [
                -4.6339,
                51.8205
              ],
              [
                -4.6275,
                51.8162
              ],
              [
                -4.6219,
                51.816
              ],
              [
                -4.6219,
                51.8144
              ],
              [
                -4.6169,
                51.8116
              ],
              [
                -4.6183,
                51.8076
              ],
              [
                -4.6218,
                51.8052
              ],
              [
                -4.6446,
                51.7973
              ],
              [
                -4.6414,
                51.791
              ],
              [
                -4.6373,
                51.7894
              ],
              [
                -4.6369,
                51.7867
              ],
              [
                -4.6341,
                51.785
              ],
              [
                -4.6356,
                51.7837
              ],
              [
                -4.6343,
                51.7833
              ],
              [
                -4.6454,
                51.7784
              ],
              [
                -4.644,
                51.7765
              ],
              [
                -4.6378,
                51.7743
              ],
              [
                -4.6351,
                51.7705
              ],
              [
                -4.6262,
                51.7716
              ],
              [
                -4.6226,
                51.7681
              ],
              [
                -4.6235,
                51.763
              ],
              [
                -4.6263,
                51.7624
              ],
              [
                -4.6306,
                51.7568
              ],
              [
                -4.6298,
                51.7523
              ],
              [
                -4.6272,
                51.7507
              ],
              [
                -4.6337,
                51.7457
              ],
              [
                -4.6323,
                51.7427
              ],
              [
                -4.6354,
                51.74
              ],
              [
                -4.6326,
                51.7377
              ],
              [
                -4.6329,
                51.7344
              ],
              [
                -4.6517,
                51.733
              ],
              [
                -4.6695,
                51.7288
              ],
              [
                -4.6867,
                51.7205
              ],
              [
                -4.6891,
                51.7166
              ],
              [
                -4.6939,
                51.7157
              ],
              [
                -4.6967,
                51.7113
              ],
              [
                -4.6951,
                51.7056
              ],
              [
                -4.6912,
                51.704
              ],
              [
                -4.6878,
                51.6984
              ],
              [
                -4.6768,
                51.6969
              ],
              [
                -4.6839,
                51.696
              ],
              [
                -4.6839,
                51.6943
              ],
              [
                -4.6868,
                51.6933
              ],
              [
                -4.6885,
                51.6905
              ],
              [
                -4.6964,
                51.6846
              ],
              [
                -4.6965,
                51.6821
              ],
              [
                -4.7006,
                51.6774
              ],
              [
                -4.7006,
                51.674
              ],
              [
                -4.6935,
                51.6729
              ],
              [
                -4.6934,
                51.6717
              ],
              [
                -4.7089,
                51.6638
              ],
              [
                -4.7162,
                51.6555
              ],
              [
                -4.7112,
                51.6532
              ],
              [
                -4.7113,
                51.6517
              ],
              [
                -4.7353,
                51.6519
              ],
              [
                -4.7436,
                51.6538
              ],
              [
                -4.7464,
                51.6523
              ],
              [
                -4.7491,
                51.6537
              ],
              [
                -4.7573,
                51.6527
              ],
              [
                -4.7601,
                51.6516
              ],
              [
                -4.7606,
                51.6476
              ],
              [
                -4.7563,
                51.6462
              ],
              [
                -4.7559,
                51.644
              ],
              [
                -4.7648,
                51.6432
              ],
              [
                -4.7697,
                51.6444
              ],
              [
                -4.7704,
                51.6427
              ],
              [
                -4.7767,
                51.6416
              ],
              [
                -4.7751,
                51.6396
              ],
              [
                -4.7794,
                51.6379
              ],
              [
                -4.7811,
                51.6349
              ],
              [
                -4.7855,
                51.6352
              ],
              [
                -4.7906,
                51.6378
              ],
              [
                -4.8072,
                51.639
              ],
              [
                -4.8074,
                51.6407
              ],
              [
                -4.8049,
                51.6424
              ],
              [
                -4.8138,
                51.6444
              ],
              [
                -4.8256,
                51.6425
              ],
              [
                -4.8269,
                51.6434
              ],
              [
                -4.8266,
                51.6463
              ],
              [
                -4.8324,
                51.647
              ],
              [
                -4.8392,
                51.6445
              ],
              [
                -4.8463,
                51.6449
              ],
              [
                -4.8483,
                51.6467
              ],
              [
                -4.8628,
                51.6463
              ],
              [
                -4.8673,
                51.6424
              ],
              [
                -4.8654,
                51.641
              ],
              [
                -4.8609,
                51.639
              ],
              [
                -4.8769,
                51.6365
              ],
              [
                -4.8794,
                51.6348
              ],
              [
                -4.8802,
                51.6316
              ],
              [
                -4.8904,
                51.6304
              ],
              [
                -4.898,
                51.6267
              ],
              [
                -4.8997,
                51.6239
              ],
              [
                -4.8978,
                51.6218
              ],
              [
                -4.9039,
                51.6188
              ],
              [
                -4.9039,
                51.6176
              ],
              [
                -4.8971,
                51.6131
              ],
              [
                -4.8965,
                51.6101
              ],
              [
                -4.9081,
                51.6119
              ],
              [
                -4.9138,
                51.6106
              ],
              [
                -4.9159,
                51.6075
              ],
              [
                -4.9212,
                51.6096
              ],
              [
                -4.9223,
                51.6076
              ],
              [
                -4.9204,
                51.6063
              ],
              [
                -4.9228,
                51.605
              ],
              [
                -4.9217,
                51.6032
              ],
              [
                -4.9257,
                51.6005
              ],
              [
                -4.9228,
                51.5976
              ],
              [
                -4.926,
                51.596
              ],
              [
                -4.9297,
                51.5984
              ],
              [
                -4.9395,
                51.5971
              ],
              [
                -4.9421,
                51.5993
              ],
              [
                -4.9418,
                51.5973
              ],
              [
                -4.9449,
                51.5969
              ],
              [
                -4.9477,
                51.5985
              ],
              [
                -4.9483,
                51.597
              ],
              [
                -4.9497,
                51.6
              ],
              [
                -4.9526,
                51.5997
              ],
              [
                -4.955,
                51.6021
              ],
              [
                -4.9564,
                51.6012
              ],
              [
                -4.9557,
                51.6034
              ],
              [
                -4.9645,
                51.6056
              ],
              [
                -4.9735,
                51.6056
              ],
              [
                -4.9763,
                51.61
              ],
              [
                -4.983,
                51.6093
              ],
              [
                -4.9881,
                51.6122
              ],
              [
                -4.9902,
                51.6104
              ],
              [
                -4.9927,
                51.6119
              ],
              [
                -5.0074,
                51.6084
              ],
              [
                -5.033,
                51.6174
              ],
              [
                -5.0389,
                51.6166
              ],
              [
                -5.0422,
                51.6191
              ],
              [
                -5.0595,
                51.6205
              ],
              [
                -5.0626,
                51.6229
              ],
              [
                -5.0623,
                51.6291
              ],
              [
                -5.0588,
                51.6326
              ],
              [
                -5.0522,
                51.6343
              ],
              [
                -5.0538,
                51.6368
              ],
              [
                -5.0511,
                51.6376
              ],
              [
                -5.0511,
                51.6421
              ],
              [
                -5.0565,
                51.6458
              ],
              [
                -5.0583,
                51.6507
              ],
              [
                -5.0616,
                51.6531
              ],
              [
                -5.0621,
                51.6547
              ],
              [
                -5.0599,
                51.6563
              ],
              [
                -5.0638,
                51.661
              ],
              [
                -5.0677,
                51.6635
              ],
              [
                -5.0922,
                51.6661
              ],
              [
                -5.0948,
                51.6683
              ],
              [
                -5.0988,
                51.6669
              ],
              [
                -5.102788461538464,
                51.66748846153846
              ],
              [
                -5.1028,
                51.6675
              ],
              [
                -5.10280857142857,
                51.66749142857143
              ]
            ]
          ],
          [
            [
              [
                -4.6918,
                51.671
              ],
              [
                -4.6909,
                51.6704
              ],
              [
                -4.6949,
                51.6704
              ],
              [
                -4.6936,
                51.6715
              ],
              [
                -4.6918,
                51.671
              ]
            ]
          ],
          [
            [
              [
                -5.1166,
                51.6927
              ],
              [
                -5.1179,
                51.6911
              ],
              [
                -5.12,
                51.6919
              ],
              [
                -5.1176,
                51.6923
              ],
              [
                -5.1166,
                51.6927
              ]
            ]
          ],
          [
            [
              [
                -5.2727,
                51.7032
              ],
              [
                -5.2702,
                51.7014
              ],
              [
                -5.2644,
                51.7026
              ],
              [
                -5.2634,
                51.7019
              ],
              [
                -5.2653,
                51.7013
              ],
              [
                -5.2654,
                51.6996
              ],
              [
                -5.2701,
                51.699
              ],
              [
                -5.27,
                51.696
              ],
              [
                -5.2773,
                51.6933
              ],
              [
                -5.2888,
                51.6934
              ],
              [
                -5.2881,
                51.6945
              ],
              [
                -5.2905,
                51.6955
              ],
              [
                -5.2817,
                51.6988
              ],
              [
                -5.2814,
                51.7012
              ],
              [
                -5.276,
                51.7036
              ],
              [
                -5.2727,
                51.7032
              ]
            ]
          ],
          [
            [
              [
                -5.0621,
                51.7
              ],
              [
                -5.062,
                51.7001
              ],
              [
                -5.0616,
                51.7001
              ],
              [
                -5.0621,
                51.7
              ]
            ]
          ],
          [
            [
              [
                -5.1905,
                51.7086
              ],
              [
                -5.1905,
                51.7087
              ],
              [
                -5.1899,
                51.7085
              ],
              [
                -5.1903,
                51.7085
              ],
              [
                -5.1905,
                51.7086
              ]
            ]
          ],
          [
            [
              [
                -5.2639,
                51.7368
              ],
              [
                -5.2617,
                51.7355
              ],
              [
                -5.263,
                51.7338
              ],
              [
                -5.2676,
                51.7341
              ],
              [
                -5.2639,
                51.7368
              ]
            ]
          ],
          [
            [
              [
                -5.301,
                51.7464
              ],
              [
                -5.3006,
                51.7455
              ],
              [
                -5.3025,
                51.7465
              ],
              [
                -5.3019,
                51.7466
              ],
              [
                -5.301,
                51.7464
              ]
            ]
          ],
          [
            [
              [
                -5.2996,
                51.7452
              ],
              [
                -5.2809,
                51.7411
              ],
              [
                -5.2818,
                51.7383
              ],
              [
                -5.2808,
                51.7374
              ],
              [
                -5.2768,
                51.739
              ],
              [
                -5.2687,
                51.7352
              ],
              [
                -5.2744,
                51.7332
              ],
              [
                -5.2789,
                51.7346
              ],
              [
                -5.2784,
                51.7317
              ],
              [
                -5.2803,
                51.7315
              ],
              [
                -5.2821,
                51.7331
              ],
              [
                -5.2807,
                51.7355
              ],
              [
                -5.2831,
                51.7357
              ],
              [
                -5.2877,
                51.7339
              ],
              [
                -5.2878,
                51.7306
              ],
              [
                -5.2906,
                51.7289
              ],
              [
                -5.2903,
                51.7277
              ],
              [
                -5.2931,
                51.7272
              ],
              [
                -5.2917,
                51.7282
              ],
              [
                -5.2993,
                51.7289
              ],
              [
                -5.2954,
                51.7313
              ],
              [
                -5.3091,
                51.7321
              ],
              [
                -5.3133,
                51.7349
              ],
              [
                -5.3118,
                51.7368
              ],
              [
                -5.3133,
                51.7375
              ],
              [
                -5.3132,
                51.7398
              ],
              [
                -5.3073,
                51.7403
              ],
              [
                -5.3087,
                51.7412
              ],
              [
                -5.3053,
                51.7425
              ],
              [
                -5.3065,
                51.7428
              ],
              [
                -5.2996,
                51.7452
              ]
            ]
          ]
        ]
      },
      "properties": {
        "name": "Pembrokeshire",
        "code": "GB.PE",
        "slug": "pembrokeshire"
      }
    },
    {
      "type": "Feature",
      "geometry": {
        "type": "MultiPolygon",
        "coordinates": [
          [
            [
              [
                -3.3582,
                51.807
              ],
              [
                -3.3663,
                51.8049
              ],
              [
                -3.3729,
                51.8122
              ],
              [
                -3.3782,
                51.8108
              ],
              [
                -3.3874,
                51.8156
              ],
              [
                -3.3978,
                51.8135
              ],
              [
                -3.4023,
                51.8142
              ],
              [
                -3.4048,
                51.8165
              ],
              [
                -3.4062,
                51.8212
              ],
              [
                -3.4023,
                51.8248
              ],
              [
                -3.4024,
                51.8263
              ],
              [
                -3.4171,
                51.8351
              ],
              [
                -3.4222,
                51.829
              ],
              [
                -3.4417,
                51.8165
              ],
              [
                -3.4442,
                51.8165
              ],
              [
                -3.4454,
                51.8209
              ],
              [
                -3.4478,
                51.8231
              ],
              [
                -3.4601,
                51.8301
              ],
              [
                -3.4701,
                51.8285
              ],
              [
                -3.4685,
                51.8235
              ],
              [
                -3.4729,
                51.8185
              ],
              [
                -3.474,
                51.8116
              ],
              [
                -3.4763,
                51.8095
              ],
              [
                -3.5023,
                51.801
              ],
              [
                -3.5231,
                51.7916
              ],
              [
                -3.5313,
                51.7859
              ],
              [
                -3.5349,
                51.7866
              ],
              [
                -3.5412,
                51.7846
              ],
              [
                -3.5354,
                51.7799
              ],
              [
                -3.5354,
                51.7769
              ],
              [
                -3.5371,
                51.7762
              ],
              [
                -3.5451,
                51.776
              ],
              [
                -3.548,
                51.7781
              ],
              [
                -3.5599,
                51.7775
              ],
              [
                -3.5663,
                51.7674
              ],
              [
                -3.5656,
                51.7649
              ],
              [
                -3.586,
                51.7584
              ],
              [
                -3.5901,
                51.7567
              ],
              [
                -3.5913,
                51.7546
              ],
              [
                -3.5958,
                51.7588
              ],
              [
                -3.5945,
                51.7616
              ],
              [
                -3.598,
                51.7642
              ],
              [
                -3.5965,
                51.7658
              ],
              [
                -3.5977,
                51.7699
              ],
              [
                -3.6034,
                51.7738
              ],
              [
                -3.6103,
                51.7717
              ],
              [
                -3.6199,
                51.7748
              ],
              [
                -3.6252,
                51.774
              ],
              [
                -3.6338,
                51.7779
              ],
              [
                -3.6381,
                51.7773
              ],
              [
                -3.6405,
                51.781
              ],
              [
                -3.6492,
                51.7823
              ],
              [
                -3.653,
                51.7854
              ],
              [
                -3.6641,
                51.7851
              ],
              [
                -3.6638,
                51.7861
              ],
              [
                -3.6702,
                51.786
              ],
              [
                -3.6704,
                51.7872
              ],
              [
                -3.6858,
                51.7802
              ],
              [
                -3.6925,
                51.7816
              ],
              [
                -3.7279,
                51.7762
              ],
              [
                -3.7367,
                51.7698
              ],
              [
                -3.7313,
                51.7671
              ],
              [
                -3.7351,
                51.7645
              ],
              [
                -3.7375,
                51.7581
              ],
              [
                -3.743,
                51.7573
              ],
              [
                -3.7461,
                51.7534
              ],
              [
                -3.7511,
                51.7541
              ],
              [
                -3.7557,
                51.7528
              ],
              [
                -3.7703,
                51.7545
              ],
              [
                -3.7776,
                51.7567
              ],
              [
                -3.7804,
                51.7594
              ],
              [
                -3.7783,
                51.7602
              ],
              [
                -3.7774,
                51.763
              ],
              [
                -3.7781,
                51.7668
              ],
              [
                -3.7824,
                51.7735
              ],
              [
                -3.7964,
                51.7822
              ],
              [
                -3.8014,
                51.7815
              ],
              [
                -3.8039,
                51.7861
              ],
              [
                -3.8067,
                51.7874
              ],
              [
                -3.8086,
                51.7916
              ],
              [
                -3.8056,
                51.7989
              ],
              [
                -3.7964,
                51.8063
              ],
              [
                -3.7959,
                51.8096
              ],
              [
                -3.7881,
                51.8124
              ],
              [
                -3.7875,
                51.8163
              ],
              [
                -3.7861,
                51.8162
              ],
              [
                -3.7865,
                51.8175
              ],
              [
                -3.782,
                51.8216
              ],
              [
                -3.7839,
                51.8267
              ],
              [
                -3.7835,
                51.8301
              ],
              [
                -3.7765,
                51.8384
              ],
              [
                -3.7726,
                51.846
              ],
              [
                -3.7667,
                51.8497
              ],
              [
                -3.7643,
                51.8534
              ],
              [
                -3.7504,
                51.8577
              ],
              [
                -3.7481,
                51.8618
              ],
              [
                -3.7388,
                51.8636
              ],
              [
                -3.7227,
                51.8769
              ],
              [
                -3.7213,
                51.8812
              ],
              [
                -3.7174,
                51.8824
              ],
              [
                -3.7138,
                51.8871
              ],
              [
                -3.718,
                51.9012
              ],
              [
                -3.7137,
                51.9059
              ],
              [
                -3.7275,
                51.9105
              ],
              [
                -3.723,
                51.9175
              ],
              [
                -3.7216,
                51.9242
              ],
              [
                -3.7228,
                51.9249
              ],
              [
                -3.7182,
                51.9291
              ],
              [
                -3.7194,
                51.9311
              ],
              [
                -3.7177,
                51.932
              ],
              [
                -3.7181,
                51.9333
              ],
              [
                -3.7209,
                51.9332
              ],
              [
                -3.7217,
                51.9347
              ],
              [
                -3.7209,
                51.9413
              ],
              [
                -3.7114,
                51.9467
              ],
              [
                -3.6999,
                51.9461
              ],
              [
                -3.7012,
                51.9479
              ],
              [
                -3.705,
                51.9485
              ],
              [
                -3.7025,
                51.9542
              ],
              [
                -3.7068,
                51.9577
              ],
              [
                -3.7074,
                51.9602
              ],
              [
                -3.7112,
                51.9619
              ],
              [
                -3.6998,
                51.9717
              ],
              [
                -3.7011,
                51.9728
              ],
              [
                -3.6941,
                51.9772
              ],
              [
                -3.6982,
                51.9813
              ],
              [
                -3.6978,
                51.9828
              ],
              [
                -3.6849,
                51.9922
              ],
              [
                -3.6854,
                51.995
              ],
              [
                -3.6841,
                51.9963
              ],
              [
                -3.6753,
                51.9997
              ],
              [
                -3.67,
                52.0042
              ],
              [
                -3.6702,
                52.0067
              ],
              [
                -3.6657,
                52.0113
              ],
              [
                -3.6656,
                52.0147
              ],
              [
                -3.6669,
                52.0162
              ],
              [
                -3.6718,
                52.0156
              ],
              [
                -3.6735,
                52.0175
              ],
              [
                -3.6672,
                52.0246
              ],
              [
                -3.6683,
                52.0254
              ],
              [
                -3.662,
                52.028
              ],
              [
                -3.6623,
                52.0313
              ],
              [
                -3.6604,
                52.033
              ],
              [
                -3.6514,
                52.0351
              ],
              [
                -3.6471,
                52.0388
              ],
              [
                -3.6594,
                52.0464
              ],
              [
                -3.6608,
                52.0479
              ],
              [
                -3.6596,
                52.0493
              ],
              [
                -3.6627,
                52.0507
              ],
              [
                -3.6619,
                52.0524
              ],
              [
                -3.6679,
                52.0558
              ],
              [
                -3.6762,
                52.0565
              ],
              [
                -3.6754,
                52.0576
              ],
              [
                -3.679,
                52.0606
              ],
              [
                -3.6798,
                52.062
              ],
              [
                -3.6733,
                52.0661
              ],
              [
                -3.6752,
                52.0667
              ],
              [
                -3.6689,
                52.0694
              ],
              [
                -3.6671,
                52.0743
              ],
              [
                -3.6817,
                52.0739
              ],
              [
                -3.6947,
                52.0781
              ],
              [
                -3.7023,
                52.0828
              ],
              [
                -3.7231,
                52.0852
              ],
              [
                -3.7215,
                52.0866
              ],
              [
                -3.7235,
                52.0933
              ],
              [
                -3.7288,
                52.094
              ],
              [
                -3.7141,
                52.105
              ],
              [
                -3.7161,
                52.1135
              ],
              [
                -3.7203,
                52.1175
              ],
              [
                -3.7229,
                52.1152
              ],
              [
                -3.7252,
                52.1184
              ],
              [
                -3.7433,
                52.1225
              ],
              [
                -3.7495,
                52.1276
              ],
              [
                -3.7581,
                52.1282
              ],
              [
                -3.7577,
                52.1301
              ],
              [
                -3.7456,
                52.1358
              ],
              [
                -3.7421,
                52.1393
              ],
              [
                -3.7439,
                52.1466
              ],
              [
                -3.7462,
                52.148
              ],
              [
                -3.7457,
                52.154
              ],
              [
                -3.7482,
                52.156
              ],
              [
                -3.7472,
                52.1606
              ],
              [
                -3.7508,
                52.165
              ],
              [
                -3.7486,
                52.1728
              ],
              [
                -3.7515,
                52.1814
              ],
              [
                -3.7498,
                52.1834
              ],
              [
                -3.7503,
                52.1875
              ],
              [
                -3.7458,
                52.192
              ],
              [
                -3.7523,
                52.1976
              ],
              [
                -3.746,
                52.2107
              ],
              [
                -3.7505,
                52.2148
              ],
              [
                -3.7505,
                52.2173
              ],
              [
                -3.7428,
                52.2289
              ],
              [
                -3.7447,
                52.2324
              ],
              [
                -3.7499,
                52.2336
              ],
              [
                -3.7476,
                52.2371
              ],
              [
                -3.7492,
                52.241
              ],
              [
                -3.7442,
                52.2463
              ],
              [
                -3.7534,
                52.2518
              ],
              [
                -3.7452,
                52.2585
              ],
              [
                -3.7432,
                52.2626
              ],
              [
                -3.7444,
                52.2649
              ],
              [
                -3.7372,
                52.266
              ],
              [
                -3.7316,
                52.2715
              ],
              [
                -3.7229,
                52.2703
              ],
              [
                -3.7199,
                52.2733
              ],
              [
                -3.7072,
                52.2741
              ],
              [
                -3.7154,
                52.2821
              ],
              [
                -3.7242,
                52.288
              ],
              [
                -3.7298,
                52.2881
              ],
              [
                -3.7331,
                52.2903
              ],
              [
                -3.7333,
                52.292
              ],
              [
                -3.731,
                52.2935
              ],
              [
                -3.7319,
                52.2943
              ],
              [
                -3.7299,
                52.2952
              ],
              [
                -3.7309,
                52.2961
              ],
              [
                -3.7261,
                52.2993
              ],
              [
                -3.7277,
                52.3058
              ],
              [
                -3.7293,
                52.3065
              ],
              [
                -3.7295,
                52.3089
              ],
              [
                -3.7432,
                52.3134
              ],
              [
                -3.7428,
                52.3154
              ],
              [
                -3.745,
                52.3176
              ],
              [
                -3.7343,
                52.3253
              ],
              [
                -3.7051,
                52.3415
              ],
              [
                -3.688,
                52.3397
              ],
              [
                -3.6806,
                52.3411
              ],
              [
                -3.679,
                52.3432
              ],
              [
                -3.6582,
                52.3476
              ],
              [
                -3.6621,
                52.3499
              ],
              [
                -3.6644,
                52.3548
              ],
              [
                -3.6683,
                52.3566
              ],
              [
                -3.6668,
                52.3582
              ],
              [
                -3.6774,
                52.3622
              ],
              [
                -3.6855,
                52.3682
              ],
              [
                -3.6972,
                52.3669
              ],
              [
                -3.6956,
                52.3679
              ],
              [
                -3.6959,
                52.3711
              ],
              [
                -3.7012,
                52.3772
              ],
              [
                -3.7037,
                52.389
              ],
              [
                -3.7105,
                52.3935
              ],
              [
                -3.7072,
                52.4004
              ],
              [
                -3.7132,
                52.4018
              ],
              [
                -3.7112,
                52.408
              ],
              [
                -3.7128,
                52.4109
              ],
              [
                -3.7121,
                52.4134
              ],
              [
                -3.7263,
                52.4164
              ],
              [
                -3.7326,
                52.42
              ],
              [
                -3.7341,
                52.4215
              ],
              [
                -3.7308,
                52.4254
              ],
              [
                -3.7392,
                52.4309
              ],
              [
                -3.7474,
                52.4326
              ],
              [
                -3.7618,
                52.4398
              ],
              [
                -3.7716,
                52.4422
              ],
              [
                -3.7677,
                52.4542
              ],
              [
                -3.7641,
                52.4587
              ],
              [
                -3.7645,
                52.465
              ],
              [
                -3.7664,
                52.4693
              ],
              [
                -3.7464,
                52.4732
              ],
              [
                -3.7448,
                52.4746
              ],
              [
                -3.7406,
                52.4807
              ],
              [
                -3.7388,
                52.4867
              ],
              [
                -3.7411,
                52.4955
              ],
              [
                -3.7303,
                52.4986
              ],
              [
                -3.7333,
                52.5066
              ],
              [
                -3.7472,
                52.5069
              ],
              [
                -3.7575,
                52.5007
              ],
              [
                -3.7648,
                52.5002
              ],
              [
                -3.7679,
                52.4985
              ],
              [
                -3.7698,
                52.4959
              ],
              [
                -3.7685,
                52.4955
              ],
              [
                -3.7701,
                52.4908
              ],
              [
                -3.7722,
                52.4887
              ],
              [
                -3.7886,
                52.4865
              ],
              [
                -3.798,
                52.4877
              ],
              [
                -3.7981,
                52.4845
              ],
              [
                -3.8023,
                52.4842
              ],
              [
                -3.8052,
                52.4811
              ],
              [
                -3.8125,
                52.4789
              ],
              [
                -3.8146,
                52.4827
              ],
              [
                -3.8268,
                52.4848
              ],
              [
                -3.8265,
                52.4886
              ],
              [
                -3.8326,
                52.4923
              ],
              [
                -3.8323,
                52.4955
              ],
              [
                -3.8377,
                52.498
              ],
              [
                -3.8388,
                52.5043
              ],
              [
                -3.8415,
                52.5072
              ],
              [
                -3.84,
                52.5102
              ],
              [
                -3.844,
                52.512
              ],
              [
                -3.8444,
                52.5173
              ],
              [
                -3.8361,
                52.5259
              ],
              [
                -3.8392,
                52.5305
              ],
              [
                -3.8375,
                52.5369
              ],
              [
                -3.8395,
                52.5381
              ],
              [
                -3.8403,
                52.5411
              ],
              [
                -3.8409,
                52.5514
              ],
              [
                -3.8595,
                52.5608
              ],
              [
                -3.899,
                52.5597
              ],
              [
                -3.9086,
                52.5604
              ],
              [
                -3.9136,
                52.5624
              ],
              [
                -3.9176,
                52.5608
              ],
              [
                -3.9266,
                52.5608
              ],
              [
                -3.9292,
                52.5666
              ],
              [
                -3.929,
                52.5711
              ],
              [
                -3.9237,
                52.5705
              ],
              [
                -3.9154,
                52.5736
              ],
              [
                -3.9138,
                52.5753
              ],
              [
                -3.9151,
                52.5787
              ],
              [
                -3.9092,
                52.5772
              ],
              [
                -3.8999,
                52.5789
              ],
              [
                -3.8908,
                52.5768
              ],
              [
                -3.8878,
                52.5784
              ],
              [
                -3.8833,
                52.5773
              ],
              [
                -3.8847,
                52.5792
              ],
              [
                -3.883,
                52.5831
              ],
              [
                -3.8765,
                52.5827
              ],
              [
                -3.8753,
                52.5869
              ],
              [
                -3.8727,
                52.5884
              ],
              [
                -3.8727,
                52.5898
              ],
              [
                -3.8762,
                52.5918
              ],
              [
                -3.8753,
                52.5929
              ],
              [
                -3.8662,
                52.5918
              ],
              [
                -3.8619,
                52.5984
              ],
              [
                -3.8578,
                52.6003
              ],
              [
                -3.849,
                52.6014
              ],
              [
                -3.8421,
                52.5997
              ],
              [
                -3.843,
                52.6046
              ],
              [
                -3.8487,
                52.6073
              ],
              [
                -3.845,
                52.6113
              ],
              [
                -3.8468,
                52.6168
              ],
              [
                -3.8504,
                52.6206
              ],
              [
                -3.8436,
                52.6227
              ],
              [
                -3.8462,
                52.6288
              ],
              [
                -3.8346,
                52.6331
              ],
              [
                -3.8343,
                52.6363
              ],
              [
                -3.842,
                52.6382
              ],
              [
                -3.844,
                52.6412
              ],
              [
                -3.8432,
                52.6447
              ],
              [
                -3.8405,
                52.6475
              ],
              [
                -3.8407,
                52.6509
              ],
              [
                -3.8367,
                52.6563
              ],
              [
                -3.8204,
                52.6672
              ],
              [
                -3.8202,
                52.6691
              ],
              [
                -3.8168,
                52.6696
              ],
              [
                -3.818,
                52.6727
              ],
              [
                -3.8096,
                52.6742
              ],
              [
                -3.8081,
                52.6779
              ],
              [
                -3.8025,
                52.6782
              ],
              [
                -3.7952,
                52.6727
              ],
              [
                -3.7882,
                52.671
              ],
              [
                -3.7752,
                52.6716
              ],
              [
                -3.7685,
                52.6704
              ],
              [
                -3.7654,
                52.6731
              ],
              [
                -3.7594,
                52.6694
              ],
              [
                -3.757,
                52.6702
              ],
              [
                -3.7535,
                52.6755
              ],
              [
                -3.7439,
                52.6813
              ],
              [
                -3.7359,
                52.6779
              ],
              [
                -3.7242,
                52.6774
              ],
              [
                -3.7168,
                52.6788
              ],
              [
                -3.7115,
                52.6745
              ],
              [
                -3.7143,
                52.6718
              ],
              [
                -3.7094,
                52.6711
              ],
              [
                -3.7061,
                52.6731
              ],
              [
                -3.7067,
                52.6758
              ],
              [
                -3.7013,
                52.678
              ],
              [
                -3.7034,
                52.6827
              ],
              [
                -3.6971,
                52.6882
              ],
              [
                -3.6935,
                52.6868
              ],
              [
                -3.6839,
                52.6939
              ],
              [
                -3.6804,
                52.6942
              ],
              [
                -3.6811,
                52.6928
              ],
              [
                -3.6777,
                52.6925
              ],
              [
                -3.6755,
                52.6941
              ],
              [
                -3.6689,
                52.6917
              ],
              [
                -3.667,
                52.693
              ],
              [
                -3.6641,
                52.6915
              ],
              [
                -3.6564,
                52.6914
              ],
              [
                -3.6496,
                52.6936
              ],
              [
                -3.6484,
                52.6962
              ],
              [
                -3.6196,
                52.6975
              ],
              [
                -3.6144,
                52.702
              ],
              [
                -3.602,
                52.705
              ],
              [
                -3.6047,
                52.7089
              ],
              [
                -3.602,
                52.7132
              ],
              [
                -3.601,
                52.7164
              ],
              [
                -3.6024,
                52.7179
              ],
              [
                -3.5993,
                52.7259
              ],
              [
                -3.5935,
                52.7308
              ],
              [
                -3.5918,
                52.7348
              ],
              [
                -3.5842,
                52.7366
              ],
              [
                -3.5835,
                52.7389
              ],
              [
                -3.589,
                52.7394
              ],
              [
                -3.5914,
                52.7418
              ],
              [
                -3.5912,
                52.7445
              ],
              [
                -3.5882,
                52.7471
              ],
              [
                -3.5931,
                52.7504
              ],
              [
                -3.5926,
                52.7527
              ],
              [
                -3.5948,
                52.7571
              ],
              [
                -3.592,
                52.7599
              ],
              [
                -3.5938,
                52.7617
              ],
              [
                -3.5903,
                52.7661
              ],
              [
                -3.5961,
                52.7766
              ],
              [
                -3.5993,
                52.7788
              ],
              [
                -3.597,
                52.7835
              ],
              [
                -3.6065,
                52.787
              ],
              [
                -3.6087,
                52.7958
              ],
              [
                -3.5969,
                52.805
              ],
              [
                -3.5971,
                52.8141
              ],
              [
                -3.5923,
                52.8179
              ],
              [
                -3.5865,
                52.8277
              ],
              [
                -3.5682,
                52.8229
              ],
              [
                -3.5644,
                52.8264
              ],
              [
                -3.5667,
                52.8301
              ],
              [
                -3.5338,
                52.8381
              ],
              [
                -3.5179,
                52.8374
              ],
              [
                -3.5054,
                52.8419
              ],
              [
                -3.483,
                52.8655
              ],
              [
                -3.4672,
                52.8621
              ],
              [
                -3.4263,
                52.8674
              ],
              [
                -3.3888,
                52.8761
              ],
              [
                -3.3803,
                52.8838
              ],
              [
                -3.375,
                52.8925
              ],
              [
                -3.3662,
                52.8934
              ],
              [
                -3.354,
                52.8909
              ],
              [
                -3.3457,
                52.8925
              ],
              [
                -3.3221,
                52.8821
              ],
              [
                -3.314,
                52.8837
              ],
              [
                -3.3001,
                52.8817
              ],
              [
                -3.2968,
                52.8807
              ],
              [
                -3.2959,
                52.8792
              ],
              [
                -3.2978,
                52.877
              ],
              [
                -3.2913,
                52.8708
              ],
              [
                -3.2864,
                52.8713
              ],
              [
                -3.2743,
                52.8671
              ],
              [
                -3.2618,
                52.8666
              ],
              [
                -3.2591,
                52.8683
              ],
              [
                -3.246,
                52.8673
              ],
              [
                -3.2395,
                52.8689
              ],
              [
                -3.233,
                52.867
              ],
              [
                -3.2333,
                52.8704
              ],
              [
                -3.2281,
                52.874
              ],
              [
                -3.2281,
                52.8756
              ],
              [
                -3.2165,
                52.8768
              ],
              [
                -3.2159,
                52.8788
              ],
              [
                -3.2183,
                52.8794
              ],
              [
                -3.2153,
                52.8808
              ],
              [
                -3.2175,
                52.8816
              ],
              [
                -3.2151,
                52.885
              ],
              [
                -3.2157,
                52.8869
              ],
              [
                -3.2068,
                52.8907
              ],
              [
                -3.2054,
                52.8931
              ],
              [
                -3.197,
                52.8908
              ],
              [
                -3.1936,
                52.8939
              ],
              [
                -3.1837,
                52.8961
              ],
              [
                -3.1836,
                52.8981
              ],
              [
                -3.1785,
                52.8977
              ],
              [
                -3.1744,
                52.9016
              ],
              [
                -3.1567,
                52.8985
              ],
              [
                -3.1523,
                52.8964
              ],
              [
                -3.148,
                52.8903
              ],
              [
                -3.1355,
                52.8852
              ],
              [
                -3.147,
                52.8847
              ],
              [
                -3.1483,
                52.8812
              ],
              [
                -3.1511,
                52.8808
              ],
              [
                -3.1524,
                52.8787
              ],
              [
                -3.1391,
                52.8734
              ],
              [
                -3.1344,
                52.8698
              ],
              [
                -3.1291,
                52.8693
              ],
              [
                -3.1277,
                52.8671
              ],
              [
                -3.1344,
                52.8618
              ],
              [
                -3.1412,
                52.8606
              ],
              [
                -3.1476,
                52.8557
              ],
              [
                -3.154,
                52.8543
              ],
              [
                -3.163,
                52.8475
              ],
              [
                -3.1513,
                52.8426
              ],
              [
                -3.1565,
                52.837
              ],
              [
                -3.1541,
                52.8321
              ],
              [
                -3.1559,
                52.8302
              ],
              [
                -3.1588,
                52.8305
              ],
              [
                -3.1595,
                52.8276
              ],
              [
                -3.1679,
                52.8193
              ],
              [
                -3.1655,
                52.812
              ],
              [
                -3.1682,
                52.8073
              ],
              [
                -3.1622,
                52.8036
              ],
              [
                -3.1563,
                52.808
              ],
              [
                -3.1532,
                52.8064
              ],
              [
                -3.1541,
                52.8025
              ],
              [
                -3.1619,
                52.7994
              ],
              [
                -3.1609,
                52.7957
              ],
              [
                -3.1584,
                52.7935
              ],
              [
                -3.1473,
                52.7918
              ],
              [
                -3.145,
                52.7886
              ],
              [
                -3.1425,
                52.7903
              ],
              [
                -3.1313,
                52.7876
              ],
              [
                -3.1189,
                52.7872
              ],
              [
                -3.1183,
                52.7836
              ],
              [
                -3.1138,
                52.7865
              ],
              [
                -3.1097,
                52.7867
              ],
              [
                -3.1073,
                52.7897
              ],
              [
                -3.1085,
                52.7914
              ],
              [
                -3.1061,
                52.793
              ],
              [
                -3.0977,
                52.7914
              ],
              [
                -3.091,
                52.796
              ],
              [
                -3.0866,
                52.7956
              ],
              [
                -3.0857,
                52.7903
              ],
              [
                -3.0917,
                52.7867
              ],
              [
                -3.0878,
                52.7798
              ],
              [
                -3.0888,
                52.7775
              ],
              [
                -3.0806,
                52.7774
              ],
              [
                -3.0779,
                52.7738
              ],
              [
                -3.08,
                52.7729
              ],
              [
                -3.0795,
                52.7715
              ],
              [
                -3.0727,
                52.7697
              ],
              [
                -3.0686,
                52.7742
              ],
              [
                -3.0628,
                52.7712
              ],
              [
                -3.0641,
                52.7696
              ],
              [
                -3.0626,
                52.7691
              ],
              [
                -3.0589,
                52.7713
              ],
              [
                -3.0579,
                52.7737
              ],
              [
                -3.0478,
                52.7726
              ],
              [
                -3.0527,
                52.7705
              ],
              [
                -3.053,
                52.7691
              ],
              [
                -3.0498,
                52.7695
              ],
              [
                -3.0466,
                52.767
              ],
              [
                -3.0444,
                52.7694
              ],
              [
                -3.0403,
                52.7691
              ],
              [
                -3.039,
                52.7704
              ],
              [
                -3.0326,
                52.7673
              ],
              [
                -3.0369,
                52.7653
              ],
              [
                -3.0351,
                52.764
              ],
              [
                -3.033,
                52.7659
              ],
              [
                -3.0264,
                52.7671
              ],
              [
                -3.0262,
                52.765
              ],
              [
                -3.0227,
                52.7641
              ],
              [
                -3.0172,
                52.7677
              ],
              [
                -3.0107,
                52.762
              ],
              [
                -3.0108,
                52.7586
              ],
              [
                -3.0145,
                52.7529
              ],
              [
                -3.0218,
                52.7519
              ],
              [
                -3.0181,
                52.7507
              ],
              [
                -3.016,
                52.7482
              ],
              [
                -3.0098,
                52.7503
              ],
              [
                -3.0081,
                52.7477
              ],
              [
                -2.9977,
                52.7439
              ],
              [
                -2.992,
                52.7438
              ],
              [
                -2.9906,
                52.7422
              ],
              [
                -2.9931,
                52.7406
              ],
              [
                -2.9925,
                52.7386
              ],
              [
                -2.9974,
                52.7384
              ],
              [
                -2.9966,
                52.7361
              ],
              [
                -2.9913,
                52.7338
              ],
              [
                -2.9815,
                52.7336
              ],
              [
                -2.9737,
                52.7357
              ],
              [
                -2.9705,
                52.735
              ],
              [
                -2.969,
                52.732
              ],
              [
                -2.9651,
                52.7323
              ],
              [
                -2.9667,
                52.7256
              ],
              [
                -2.9618,
                52.7257
              ],
              [
                -2.9611,
                52.7165
              ],
              [
                -2.9663,
                52.7143
              ],
              [
                -2.9781,
                52.7154
              ],
              [
                -2.9771,
                52.7204
              ],
              [
                -2.9754,
                52.7216
              ],
              [
                -2.9776,
                52.7266
              ],
              [
                -2.9822,
                52.7258
              ],
              [
                -2.9857,
                52.7225
              ],
              [
                -3.0006,
                52.7203
              ],
              [
                -3.0084,
                52.7221
              ],
              [
                -3.0116,
                52.7206
              ],
              [
                -3.0184,
                52.7213
              ],
              [
                -3.019,
                52.7253
              ],
              [
                -3.0204,
                52.7251
              ],
              [
                -3.0215,
                52.7242
              ],
              [
                -3.0204,
                52.7212
              ],
              [
                -3.0236,
                52.7197
              ],
              [
                -3.0253,
                52.7167
              ],
              [
                -3.0254,
                52.7147
              ],
              [
                -3.0217,
                52.7106
              ],
              [
                -3.0225,
                52.7067
              ],
              [
                -3.0321,
                52.6999
              ],
              [
                -3.0321,
                52.6966
              ],
              [
                -3.0342,
                52.6934
              ],
              [
                -3.047,
                52.6913
              ],
              [
                -3.0427,
                52.6868
              ],
              [
                -3.0421,
                52.6815
              ],
              [
                -3.0457,
                52.6755
              ],
              [
                -3.0386,
                52.6754
              ],
              [
                -3.0431,
                52.6721
              ],
              [
                -3.044,
                52.6663
              ],
              [
                -3.0491,
                52.6623
              ],
              [
                -3.0486,
                52.6576
              ],
              [
                -3.0449,
                52.6559
              ],
              [
                -3.0499,
                52.6547
              ],
              [
                -3.0522,
                52.6512
              ],
              [
                -3.0511,
                52.6474
              ],
              [
                -3.0582,
                52.6475
              ],
              [
                -3.0617,
                52.6454
              ],
              [
                -3.0699,
                52.6458
              ],
              [
                -3.0836,
                52.6413
              ],
              [
                -3.0813,
                52.6394
              ],
              [
                -3.0696,
                52.6375
              ],
              [
                -3.0598,
                52.6307
              ],
              [
                -3.0732,
                52.629
              ],
              [
                -3.0749,
                52.627
              ],
              [
                -3.0722,
                52.626
              ],
              [
                -3.0816,
                52.6215
              ],
              [
                -3.0833,
                52.6186
              ],
              [
                -3.0826,
                52.6156
              ],
              [
                -3.0936,
                52.6093
              ],
              [
                -3.0893,
                52.6033
              ],
              [
                -3.0896,
                52.5995
              ],
              [
                -3.1004,
                52.5976
              ],
              [
                -3.1021,
                52.5949
              ],
              [
                -3.1055,
                52.5949
              ],
              [
                -3.1098,
                52.5902
              ],
              [
                -3.1137,
                52.5906
              ],
              [
                -3.1138,
                52.5887
              ],
              [
                -3.1174,
                52.5858
              ],
              [
                -3.1221,
                52.5876
              ],
              [
                -3.1344,
                52.5849
              ],
              [
                -3.1395,
                52.5857
              ],
              [
                -3.135,
                52.5837
              ],
              [
                -3.1386,
                52.5829
              ],
              [
                -3.1377,
                52.5738
              ],
              [
                -3.1274,
                52.5661
              ],
              [
                -3.1115,
                52.5414
              ],
              [
                -3.1167,
                52.5399
              ],
              [
                -3.117,
                52.5384
              ],
              [
                -3.1301,
                52.5367
              ],
              [
                -3.137,
                52.534
              ],
              [
                -3.1349,
                52.5284
              ],
              [
                -3.1331,
                52.5275
              ],
              [
                -3.1087,
                52.5292
              ],
              [
                -3.0854,
                52.5345
              ],
              [
                -3.0808,
                52.5391
              ],
              [
                -3.0832,
                52.5396
              ],
              [
                -3.0835,
                52.5415
              ],
              [
                -3.0939,
                52.5449
              ],
              [
                -3.0923,
                52.5478
              ],
              [
                -3.0861,
                52.5487
              ],
              [
                -3.0873,
                52.5513
              ],
              [
                -3.0713,
                52.554
              ],
              [
                -3.071,
                52.5553
              ],
              [
                -3.065,
                52.5568
              ],
              [
                -3.0605,
                52.5553
              ],
              [
                -3.057,
                52.5586
              ],
              [
                -3.0499,
                52.5607
              ],
              [
                -3.0498,
                52.5631
              ],
              [
                -3.0466,
                52.5636
              ],
              [
                -3.0439,
                52.5681
              ],
              [
                -3.0365,
                52.5718
              ],
              [
                -3.0142,
                52.5755
              ],
              [
                -3.0065,
                52.5738
              ],
              [
                -3.0006,
                52.568
              ],
              [
                -3.0002,
                52.5656
              ],
              [
                -2.9976,
                52.5638
              ],
              [
                -2.9995,
                52.5597
              ],
              [
                -2.998,
                52.5565
              ],
              [
                -2.9997,
                52.5547
              ],
              [
                -2.9942,
                52.5529
              ],
              [
                -2.9978,
                52.5481
              ],
              [
                -3.0039,
                52.5336
              ],
              [
                -3.0018,
                52.532
              ],
              [
                -3.0051,
                52.5295
              ],
              [
                -3.0009,
                52.5239
              ],
              [
                -3.0039,
                52.5198
              ],
              [
                -3.0106,
                52.5201
              ],
              [
                -3.0124,
                52.522
              ],
              [
                -3.0197,
                52.5231
              ],
              [
                -3.0324,
                52.5237
              ],
              [
                -3.0308,
                52.5195
              ],
              [
                -3.0367,
                52.5133
              ],
              [
                -3.0364,
                52.5114
              ],
              [
                -3.0322,
                52.5098
              ],
              [
                -3.0346,
                52.505
              ],
              [
                -3.0292,
                52.5013
              ],
              [
                -3.0464,
                52.4991
              ],
              [
                -3.111,
                52.4989
              ],
              [
                -3.1178,
                52.4947
              ],
              [
                -3.1265,
                52.4924
              ],
              [
                -3.1415,
                52.4913
              ],
              [
                -3.1451,
                52.4886
              ],
              [
                -3.1578,
                52.4851
              ],
              [
                -3.1802,
                52.4739
              ],
              [
                -3.1972,
                52.476
              ],
              [
                -3.1969,
                52.4746
              ],
              [
                -3.212,
                52.4681
              ],
              [
                -3.2161,
                52.4654
              ],
              [
                -3.2197,
                52.4595
              ],
              [
                -3.232,
                52.4531
              ],
              [
                -3.2355,
                52.4425
              ],
              [
                -3.2332,
                52.4397
              ],
              [
                -3.2283,
                52.4395
              ],
              [
                -3.2297,
                52.4384
              ],
              [
                -3.2288,
                52.4365
              ],
              [
                -3.2307,
                52.4305
              ],
              [
                -3.2223,
                52.4268
              ],
              [
                -3.2195,
                52.4213
              ],
              [
                -3.199,
                52.4169
              ],
              [
                -3.1788,
                52.4094
              ],
              [
                -3.1729,
                52.4065
              ],
              [
                -3.1701,
                52.403
              ],
              [
                -3.1606,
                52.3999
              ],
              [
                -3.1592,
                52.3981
              ],
              [
                -3.162,
                52.3938
              ],
              [
                -3.1615,
                52.3922
              ],
              [
                -3.1582,
                52.3915
              ],
              [
                -3.1544,
                52.3877
              ],
              [
                -3.1491,
                52.3881
              ],
              [
                -3.1295,
                52.3845
              ],
              [
                -3.1262,
                52.3805
              ],
              [
                -3.1202,
                52.3775
              ],
              [
                -3.1106,
                52.3772
              ],
              [
                -3.1041,
                52.3738
              ],
              [
                -3.101,
                52.3679
              ],
              [
                -3.0976,
                52.368
              ],
              [
                -3.0921,
                52.3627
              ],
              [
                -3.0705,
                52.356
              ],
              [
                -3.0653,
                52.3533
              ],
              [
                -3.0652,
                52.3501
              ],
              [
                -3.0607,
                52.3482
              ],
              [
                -3.0523,
                52.3478
              ],
              [
                -3.0402,
                52.3443
              ],
              [
                -3.0102,
                52.3495
              ],
              [
                -3.0042,
                52.3492
              ],
              [
                -3.0027,
                52.3499
              ],
              [
                -3.0034,
                52.351
              ],
              [
                -3,
                52.3517
              ],
              [
                -2.9859,
                52.3509
              ],
              [
                -2.9834,
                52.3533
              ],
              [
                -2.9799,
                52.3523
              ],
              [
                -2.9745,
                52.3547
              ],
              [
                -2.9705,
                52.3514
              ],
              [
                -2.9634,
                52.3514
              ],
              [
                -2.9604,
                52.3492
              ],
              [
                -2.9547,
                52.3492
              ],
              [
                -2.9617,
                52.3359
              ],
              [
                -2.9668,
                52.3324
              ],
              [
                -2.9668,
                52.3294
              ],
              [
                -2.9779,
                52.328
              ],
              [
                -2.986,
                52.3235
              ],
              [
                -2.9971,
                52.3245
              ],
              [
                -3.0009,
                52.3218
              ],
              [
                -3.0037,
                52.3113
              ],
              [
                -3.0006,
                52.3046
              ],
              [
                -3.0013,
                52.2999
              ],
              [
                -3.0044,
                52.2966
              ],
              [
                -3.0056,
                52.2906
              ],
              [
                -3.012,
                52.2881
              ],
              [
                -3.0094,
                52.2829
              ],
              [
                -3.0126,
                52.2792
              ],
              [
                -3.0117,
                52.2774
              ],
              [
                -3.0014,
                52.275
              ],
              [
                -2.9961,
                52.2758
              ],
              [
                -2.9927,
                52.2728
              ],
              [
                -2.9649,
                52.2744
              ],
              [
                -2.9634,
                52.2726
              ],
              [
                -2.9496,
                52.2695
              ],
              [
                -2.9559,
                52.2709
              ],
              [
                -2.965,
                52.2681
              ],
              [
                -2.9638,
                52.2642
              ],
              [
                -2.9649,
                52.2624
              ],
              [
                -2.9772,
                52.2597
              ],
              [
                -2.9786,
                52.2624
              ],
              [
                -2.9899,
                52.2605
              ],
              [
                -2.9961,
                52.2615
              ],
              [
                -2.9987,
                52.2642
              ],
              [
                -3.0058,
                52.2643
              ],
              [
                -3.0254,
                52.2582
              ],
              [
                -3.0359,
                52.2568
              ],
              [
                -3.0388,
                52.2536
              ],
              [
                -3.0451,
                52.2534
              ],
              [
                -3.0483,
                52.2502
              ],
              [
                -3.0453,
                52.2468
              ],
              [
                -3.0498,
                52.2449
              ],
              [
                -3.0443,
                52.2456
              ],
              [
                -3.0429,
                52.2442
              ],
              [
                -3.0455,
                52.2408
              ],
              [
                -3.0442,
                52.2379
              ],
              [
                -3.0492,
                52.2389
              ],
              [
                -3.0587,
                52.2361
              ],
              [
                -3.073,
                52.2359
              ],
              [
                -3.074,
                52.2342
              ],
              [
                -3.0704,
                52.2292
              ],
              [
                -3.0721,
                52.2287
              ],
              [
                -3.0713,
                52.2274
              ],
              [
                -3.0732,
                52.2237
              ],
              [
                -3.0721,
                52.2229
              ],
              [
                -3.0772,
                52.2191
              ],
              [
                -3.078,
                52.216
              ],
              [
                -3.0722,
                52.215
              ],
              [
                -3.0721,
                52.2131
              ],
              [
                -3.0768,
                52.2133
              ],
              [
                -3.0941,
                52.2038
              ],
              [
                -3.1021,
                52.2027
              ],
              [
                -3.0963,
                52.1947
              ],
              [
                -3.0956,
                52.1897
              ],
              [
                -3.0974,
                52.1844
              ],
              [
                -3.0947,
                52.1837
              ],
              [
                -3.1014,
                52.1773
              ],
              [
                -3.1125,
                52.1736
              ],
              [
                -3.1125,
                52.1702
              ],
              [
                -3.122,
                52.1669
              ],
              [
                -3.1224,
                52.1634
              ],
              [
                -3.1121,
                52.159
              ],
              [
                -3.1017,
                52.1574
              ],
              [
                -3.0989,
                52.1547
              ],
              [
                -3.0901,
                52.1573
              ],
              [
                -3.0849,
                52.1628
              ],
              [
                -3.0825,
                52.163
              ],
              [
                -3.0716,
                52.1582
              ],
              [
                -3.0725,
                52.1558
              ],
              [
                -3.0833,
                52.1483
              ],
              [
                -3.0937,
                52.1443
              ],
              [
                -3.1154,
                52.1392
              ],
              [
                -3.1359,
                52.1379
              ],
              [
                -3.1341,
                52.1336
              ],
              [
                -3.1412,
                52.1299
              ],
              [
                -3.1419,
                52.1279
              ],
              [
                -3.1368,
                52.1233
              ],
              [
                -3.1281,
                52.1246
              ],
              [
                -3.1235,
                52.1219
              ],
              [
                -3.115,
                52.1216
              ],
              [
                -3.1067,
                52.1187
              ],
              [
                -3.105,
                52.1167
              ],
              [
                -3.1079,
                52.1141
              ],
              [
                -3.1047,
                52.1074
              ],
              [
                -3.1055,
                52.1054
              ],
              [
                -3.1227,
                52.1032
              ],
              [
                -3.1189,
                52.0887
              ],
              [
                -3.1259,
                52.0783
              ],
              [
                -3.1212,
                52.0761
              ],
              [
                -3.1217,
                52.0748
              ],
              [
                -3.1164,
                52.0658
              ],
              [
                -3.1114,
                52.0648
              ],
              [
                -3.107,
                52.06
              ],
              [
                -3.1014,
                52.0583
              ],
              [
                -3.0906,
                52.0505
              ],
              [
                -3.0928,
                52.0475
              ],
              [
                -3.0863,
                52.0402
              ],
              [
                -3.0924,
                52.0332
              ],
              [
                -3.0928,
                52.029
              ],
              [
                -3.0992,
                52.0227
              ],
              [
                -3.0869,
                52.0139
              ],
              [
                -3.0841,
                52.0041
              ],
              [
                -3.0694,
                51.9895
              ],
              [
                -3.0674,
                51.9831
              ],
              [
                -3.0754,
                51.9769
              ],
              [
                -3.0782,
                51.9726
              ],
              [
                -3.0832,
                51.9731
              ],
              [
                -3.0931,
                51.9652
              ],
              [
                -3.0882,
                51.9594
              ],
              [
                -3.0816,
                51.9554
              ],
              [
                -3.0901,
                51.9504
              ],
              [
                -3.0802,
                51.9361
              ],
              [
                -3.0838,
                51.9327
              ],
              [
                -3.0834,
                51.9307
              ],
              [
                -3.0795,
                51.9282
              ],
              [
                -3.0787,
                51.9245
              ],
              [
                -3.066,
                51.9192
              ],
              [
                -3.0623,
                51.9192
              ],
              [
                -3.0597,
                51.9136
              ],
              [
                -3.0495,
                51.9114
              ],
              [
                -3.05,
                51.9076
              ],
              [
                -3.0484,
                51.9063
              ],
              [
                -3.0495,
                51.9057
              ],
              [
                -3.0428,
                51.9015
              ],
              [
                -3.0434,
                51.8987
              ],
              [
                -3.0386,
                51.8937
              ],
              [
                -3.0397,
                51.8915
              ],
              [
                -3.0423,
                51.8906
              ],
              [
                -3.0401,
                51.8845
              ],
              [
                -3.0438,
                51.8806
              ],
              [
                -3.0571,
                51.8801
              ],
              [
                -3.0623,
                51.8772
              ],
              [
                -3.0644,
                51.8786
              ],
              [
                -3.0722,
                51.8752
              ],
              [
                -3.073,
                51.8712
              ],
              [
                -3.0634,
                51.8633
              ],
              [
                -3.0767,
                51.8579
              ],
              [
                -3.0765,
                51.855
              ],
              [
                -3.0826,
                51.8525
              ],
              [
                -3.0838,
                51.8501
              ],
              [
                -3.0972,
                51.8464
              ],
              [
                -3.0984,
                51.8437
              ],
              [
                -3.0947,
                51.8393
              ],
              [
                -3.1017,
                51.8403
              ],
              [
                -3.1036,
                51.8389
              ],
              [
                -3.101,
                51.832
              ],
              [
                -3.1045,
                51.8322
              ],
              [
                -3.1092,
                51.8354
              ],
              [
                -3.1205,
                51.8389
              ],
              [
                -3.1198,
                51.8373
              ],
              [
                -3.1229,
                51.8375
              ],
              [
                -3.1224,
                51.8352
              ],
              [
                -3.1242,
                51.8344
              ],
              [
                -3.1268,
                51.8357
              ],
              [
                -3.1288,
                51.8342
              ],
              [
                -3.1277,
                51.833
              ],
              [
                -3.132,
                51.833
              ],
              [
                -3.1338,
                51.8294
              ],
              [
                -3.1372,
                51.8281
              ],
              [
                -3.1362,
                51.8268
              ],
              [
                -3.1432,
                51.8257
              ],
              [
                -3.1402,
                51.8232
              ],
              [
                -3.1429,
                51.82
              ],
              [
                -3.1534,
                51.8165
              ],
              [
                -3.1943,
                51.8131
              ],
              [
                -3.2388,
                51.8124
              ],
              [
                -3.2834,
                51.8255
              ],
              [
                -3.3086,
                51.8061
              ],
              [
                -3.3101,
                51.7943
              ],
              [
                -3.317,
                51.7942
              ],
              [
                -3.3345,
                51.7904
              ],
              [
                -3.3601,
                51.7911
              ],
              [
                -3.3555,
                51.7968
              ],
              [
                -3.3559,
                51.8052
              ],
              [
                -3.3582,
                51.807
              ]
            ]
          ]
        ]
      },
      "properties": {
        "name": "Powys",
        "code": "GB.PO",
        "slug": "powys"
      }
    },
    {
      "type": "Feature",
      "geometry": {
        "type": "MultiPolygon",
        "coordinates": [
          [
            [
              [
                -3.3423,
                51.5339
              ],
              [
                -3.3438,
                51.5299
              ],
              [
                -3.3399,
                51.5264
              ],
              [
                -3.3395,
                51.5225
              ],
              [
                -3.3379,
                51.5226
              ],
              [
                -3.3352,
                51.5189
              ],
              [
                -3.3372,
                51.5186
              ],
              [
                -3.3366,
                51.5153
              ],
              [
                -3.3391,
                51.5141
              ],
              [
                -3.3392,
                51.5116
              ],
              [
                -3.3357,
                51.5084
              ],
              [
                -3.3486,
                51.5091
              ],
              [
                -3.3555,
                51.5105
              ],
              [
                -3.3568,
                51.5122
              ],
              [
                -3.3617,
                51.511
              ],
              [
                -3.3652,
                51.5121
              ],
              [
                -3.3715,
                51.5092
              ],
              [
                -3.3759,
                51.5108
              ],
              [
                -3.3765,
                51.5128
              ],
              [
                -3.3786,
                51.5127
              ],
              [
                -3.3792,
                51.511
              ],
              [
                -3.3833,
                51.5098
              ],
              [
                -3.3965,
                51.5077
              ],
              [
                -3.3995,
                51.5034
              ],
              [
                -3.3999,
                51.5001
              ],
              [
                -3.4019,
                51.499
              ],
              [
                -3.4089,
                51.5025
              ],
              [
                -3.4092,
                51.5056
              ],
              [
                -3.4111,
                51.5068
              ],
              [
                -3.4202,
                51.5053
              ],
              [
                -3.4233,
                51.5073
              ],
              [
                -3.4277,
                51.5056
              ],
              [
                -3.4294,
                51.5076
              ],
              [
                -3.4376,
                51.5066
              ],
              [
                -3.4432,
                51.5101
              ],
              [
                -3.4654,
                51.5148
              ],
              [
                -3.4756,
                51.5153
              ],
              [
                -3.4975,
                51.5126
              ],
              [
                -3.4853,
                51.5193
              ],
              [
                -3.4836,
                51.5263
              ],
              [
                -3.4803,
                51.5297
              ],
              [
                -3.482,
                51.5309
              ],
              [
                -3.4773,
                51.5385
              ],
              [
                -3.4746,
                51.5402
              ],
              [
                -3.4681,
                51.5405
              ],
              [
                -3.463,
                51.5434
              ],
              [
                -3.4694,
                51.5485
              ],
              [
                -3.4705,
                51.5541
              ],
              [
                -3.4801,
                51.5582
              ],
              [
                -3.4782,
                51.5602
              ],
              [
                -3.4768,
                51.5664
              ],
              [
                -3.4844,
                51.5689
              ],
              [
                -3.4856,
                51.5702
              ],
              [
                -3.4841,
                51.5734
              ],
              [
                -3.4887,
                51.5742
              ],
              [
                -3.4863,
                51.5766
              ],
              [
                -3.48,
                51.5781
              ],
              [
                -3.4765,
                51.5816
              ],
              [
                -3.4759,
                51.5838
              ],
              [
                -3.4781,
                51.588
              ],
              [
                -3.4723,
                51.5952
              ],
              [
                -3.472,
                51.5999
              ],
              [
                -3.4735,
                51.6024
              ],
              [
                -3.4839,
                51.6072
              ],
              [
                -3.4862,
                51.6101
              ],
              [
                -3.4964,
                51.6105
              ],
              [
                -3.5033,
                51.6162
              ],
              [
                -3.51,
                51.6181
              ],
              [
                -3.5231,
                51.6341
              ],
              [
                -3.5353,
                51.6399
              ],
              [
                -3.5376,
                51.6441
              ],
              [
                -3.5446,
                51.644
              ],
              [
                -3.5498,
                51.6458
              ],
              [
                -3.5633,
                51.6455
              ],
              [
                -3.5618,
                51.6474
              ],
              [
                -3.5639,
                51.6549
              ],
              [
                -3.5748,
                51.6621
              ],
              [
                -3.5819,
                51.6736
              ],
              [
                -3.5896,
                51.6793
              ],
              [
                -3.5845,
                51.6862
              ],
              [
                -3.5864,
                51.6904
              ],
              [
                -3.5813,
                51.6954
              ],
              [
                -3.5852,
                51.7031
              ],
              [
                -3.5822,
                51.714
              ],
              [
                -3.5786,
                51.7179
              ],
              [
                -3.5816,
                51.7352
              ],
              [
                -3.5913,
                51.749
              ],
              [
                -3.5902,
                51.75
              ],
              [
                -3.5937,
                51.7532
              ],
              [
                -3.5899,
                51.7553
              ],
              [
                -3.5901,
                51.7567
              ],
              [
                -3.5656,
                51.7649
              ],
              [
                -3.5663,
                51.7674
              ],
              [
                -3.5599,
                51.7775
              ],
              [
                -3.548,
                51.7781
              ],
              [
                -3.5451,
                51.776
              ],
              [
                -3.5371,
                51.7762
              ],
              [
                -3.5354,
                51.7769
              ],
              [
                -3.5354,
                51.7799
              ],
              [
                -3.5412,
                51.7846
              ],
              [
                -3.5349,
                51.7866
              ],
              [
                -3.5313,
                51.7859
              ],
              [
                -3.5231,
                51.7916
              ],
              [
                -3.5023,
                51.801
              ],
              [
                -3.4763,
                51.8095
              ],
              [
                -3.474,
                51.8116
              ],
              [
                -3.4729,
                51.8185
              ],
              [
                -3.4685,
                51.8235
              ],
              [
                -3.4701,
                51.8285
              ],
              [
                -3.4601,
                51.8301
              ],
              [
                -3.4478,
                51.8231
              ],
              [
                -3.4439,
                51.8177
              ],
              [
                -3.4458,
                51.8139
              ],
              [
                -3.4444,
                51.8096
              ],
              [
                -3.4454,
                51.8064
              ],
              [
                -3.4425,
                51.8029
              ],
              [
                -3.4407,
                51.7958
              ],
              [
                -3.4358,
                51.7921
              ],
              [
                -3.4332,
                51.7927
              ],
              [
                -3.4342,
                51.7902
              ],
              [
                -3.4274,
                51.7851
              ],
              [
                -3.4285,
                51.7802
              ],
              [
                -3.4199,
                51.775
              ],
              [
                -3.4189,
                51.7699
              ],
              [
                -3.4166,
                51.7672
              ],
              [
                -3.4204,
                51.7664
              ],
              [
                -3.4186,
                51.7644
              ],
              [
                -3.4254,
                51.7628
              ],
              [
                -3.4231,
                51.761
              ],
              [
                -3.4275,
                51.7585
              ],
              [
                -3.433,
                51.7588
              ],
              [
                -3.4386,
                51.7625
              ],
              [
                -3.4531,
                51.7617
              ],
              [
                -3.4366,
                51.7525
              ],
              [
                -3.4358,
                51.7499
              ],
              [
                -3.4237,
                51.7423
              ],
              [
                -3.4284,
                51.7348
              ],
              [
                -3.4434,
                51.7276
              ],
              [
                -3.44,
                51.7258
              ],
              [
                -3.4466,
                51.7217
              ],
              [
                -3.4419,
                51.7162
              ],
              [
                -3.445,
                51.7161
              ],
              [
                -3.4489,
                51.7191
              ],
              [
                -3.4506,
                51.7171
              ],
              [
                -3.4565,
                51.7162
              ],
              [
                -3.4554,
                51.714
              ],
              [
                -3.4583,
                51.7137
              ],
              [
                -3.4543,
                51.7127
              ],
              [
                -3.4559,
                51.7096
              ],
              [
                -3.461,
                51.7066
              ],
              [
                -3.4572,
                51.7055
              ],
              [
                -3.4566,
                51.7033
              ],
              [
                -3.447,
                51.706
              ],
              [
                -3.4451,
                51.7084
              ],
              [
                -3.4298,
                51.7088
              ],
              [
                -3.4282,
                51.7081
              ],
              [
                -3.4279,
                51.7043
              ],
              [
                -3.4258,
                51.7027
              ],
              [
                -3.4134,
                51.6999
              ],
              [
                -3.4069,
                51.6932
              ],
              [
                -3.3955,
                51.6895
              ],
              [
                -3.3942,
                51.6863
              ],
              [
                -3.3807,
                51.6856
              ],
              [
                -3.3738,
                51.6811
              ],
              [
                -3.3711,
                51.6759
              ],
              [
                -3.3593,
                51.6702
              ],
              [
                -3.3569,
                51.6678
              ],
              [
                -3.3572,
                51.6651
              ],
              [
                -3.3547,
                51.6633
              ],
              [
                -3.3433,
                51.6618
              ],
              [
                -3.3398,
                51.6672
              ],
              [
                -3.3293,
                51.6551
              ],
              [
                -3.3219,
                51.6521
              ],
              [
                -3.3203,
                51.6554
              ],
              [
                -3.3139,
                51.6557
              ],
              [
                -3.3127,
                51.6517
              ],
              [
                -3.3159,
                51.6488
              ],
              [
                -3.3137,
                51.6479
              ],
              [
                -3.3146,
                51.6452
              ],
              [
                -3.3083,
                51.639
              ],
              [
                -3.3044,
                51.6378
              ],
              [
                -3.3026,
                51.6349
              ],
              [
                -3.3028,
                51.6305
              ],
              [
                -3.3048,
                51.6277
              ],
              [
                -3.3026,
                51.6236
              ],
              [
                -3.3045,
                51.6236
              ],
              [
                -3.3031,
                51.6226
              ],
              [
                -3.3056,
                51.6211
              ],
              [
                -3.3003,
                51.6182
              ],
              [
                -3.3027,
                51.6151
              ],
              [
                -3.2965,
                51.6034
              ],
              [
                -3.293,
                51.6008
              ],
              [
                -3.2938,
                51.5979
              ],
              [
                -3.292,
                51.5979
              ],
              [
                -3.2914,
                51.5921
              ],
              [
                -3.2873,
                51.5875
              ],
              [
                -3.281,
                51.5843
              ],
              [
                -3.2774,
                51.5867
              ],
              [
                -3.2698,
                51.5838
              ],
              [
                -3.2663,
                51.5789
              ],
              [
                -3.2694,
                51.5773
              ],
              [
                -3.2696,
                51.5754
              ],
              [
                -3.2629,
                51.5662
              ],
              [
                -3.2491,
                51.5694
              ],
              [
                -3.2425,
                51.5655
              ],
              [
                -3.2365,
                51.5577
              ],
              [
                -3.2377,
                51.5526
              ],
              [
                -3.2455,
                51.5487
              ],
              [
                -3.2508,
                51.5418
              ],
              [
                -3.2616,
                51.5378
              ],
              [
                -3.2741,
                51.5458
              ],
              [
                -3.2732,
                51.5485
              ],
              [
                -3.2744,
                51.5512
              ],
              [
                -3.2777,
                51.5519
              ],
              [
                -3.298,
                51.5478
              ],
              [
                -3.3104,
                51.5489
              ],
              [
                -3.3117,
                51.5462
              ],
              [
                -3.3101,
                51.5444
              ],
              [
                -3.3214,
                51.5428
              ],
              [
                -3.3229,
                51.5417
              ],
              [
                -3.3207,
                51.5406
              ],
              [
                -3.3244,
                51.5358
              ],
              [
                -3.3355,
                51.5372
              ],
              [
                -3.3423,
                51.5339
              ]
            ]
          ]
        ]
      },
      "properties": {
        "name": "Rhondda Cynon Taf",
        "code": "GB.RT",
        "slug": "rhondda-cynon-taf"
      }
    }
  ]
}